"","Factor1","Factor2","Factor3","Factor4","Factor5","Factor6","Factor7","Factor8","Factor9","Factor10","Factor11","Factor12","Factor13","Factor14","Factor15"
"TCGA-AR-A5QQ-01",-1.01955211162567,-1.35400998592377,0.56826114654541,0.462452054023743,-1.35420823097229,1.92239058017731,1.2162903547287,1.54127156734467,-0.931075632572174,-0.640013158321381,3.00590705871582,-1.31173634529114,0.194193854928017,0.779432654380798,0.334352403879166
"TCGA-D8-A1JA-01",1.59505498409271,-1.25572168827057,-0.749302208423615,-0.360267847776413,-0.998442649841309,-0.479058712720871,1.93813788890839,-0.451214104890823,1.65474760532379,2.07952213287354,-0.670947015285492,-1.46281003952026,-2.7223117351532,2.37501907348633,-1.473513007164
"TCGA-BH-A0BT-01",1.66476309299469,-0.350749313831329,0.790780127048492,-2.78976058959961,-0.568699598312378,-0.334250271320343,1.07384061813354,-2.11222076416016,1.04985690116882,-1.26659440994263,0.374328047037125,1.26067745685577,0.760228216648102,0.253104448318481,0.592131555080414
"TCGA-AC-A5XU-01",3.24501299858093,-0.59338903427124,0.0476119332015514,-0.185729652643204,-0.811144113540649,0.53179144859314,-1.00797975063324,0.640178143978119,0.151030868291855,0.0814659371972084,-0.280625700950623,0.464152991771698,-1.08415389060974,-0.46885558962822,0.0215148292481899
"TCGA-PE-A5DE-01",0.0103854471817613,0.762640118598938,0.31209135055542,-0.753422796726227,0.585691630840302,-0.0822571516036987,1.02055633068085,2.39985370635986,-1.57803785800934,-0.0866311937570572,-0.29558077454567,0.462509095668793,1.3580766916275,-0.877953827381134,-1.17977070808411
"TCGA-PE-A5DC-01",2.37967038154602,-0.183155074715614,0.723349928855896,-0.502336084842682,-0.324275821447372,0.922245979309082,-0.707959234714508,-0.399833351373672,-0.43058106303215,-0.674591541290283,0.577868521213531,0.534742951393127,-2.95900726318359,-0.870137333869934,-0.0288997553288937
"TCGA-AR-A0TV-01",2.50824165344238,-0.18167881667614,-1.60627746582031,1.21434223651886,-1.15663659572601,0.454823523759842,-0.536568641662598,0.231561616063118,-0.936054348945618,-1.53207671642303,-0.490797072649002,1.88216400146484,-1.9839780330658,0.407527357339859,-1.22211730480194
"TCGA-GM-A3XG-01",-2.429363489151,1.4593380689621,2.19312644004822,0.936296880245209,-1.67531180381775,0.340681254863739,-0.891738057136536,-1.07096982002258,0.527282238006592,0.99746561050415,0.635553598403931,1.60976088047028,0.623986601829529,-0.671566963195801,0.745005905628204
"TCGA-E9-A3QA-01",-2.80585384368896,-1.70248913764954,-0.181361883878708,0.449110060930252,-1.11015784740448,0.443002790212631,0.570384740829468,1.82256209850311,-0.762564778327942,-1.81551015377045,0.493713855743408,0.193386346101761,0.136783808469772,-0.012009740807116,-0.165228500962257
"TCGA-A7-A4SD-01",-2.39590191841125,-2.13910913467407,-0.24582052230835,-2.4092755317688,-1.55187690258026,-0.313777983188629,0.342060267925262,1.01377081871033,-0.733279585838318,-0.705108821392059,2.01210069656372,-0.56005722284317,-0.596294343471527,0.399136543273926,0.121550098061562
"TCGA-BH-A0HA-01",0.78922563791275,1.55487179756165,0.0233363099396229,0.560671865940094,-0.0614881962537766,-0.925966143608093,-0.119926474988461,0.954078674316406,1.96028399467468,-0.644441545009613,0.782376945018768,-0.666426599025726,1.4671334028244,-1.36926186084747,-0.277520716190338
"TCGA-AR-A5QN-01",1.81707084178925,0.0294464249163866,0.541674137115479,2.44200801849365,2.22762656211853,1.02305901050568,-0.231183543801308,0.316572189331055,0.552134871482849,0.516449213027954,0.254161536693573,-0.0153095703572035,0.334497272968292,-0.25195375084877,-0.460144966840744
"TCGA-A7-A0CH-11",-2.65657925605774,1.18855106830597,1.08173191547394,0.941129803657532,2.32777762413025,1.19209349155426,0.228850498795509,-0.40858981013298,-0.163329854607582,0.447118639945984,0.874271214008331,0.663978755474091,0.46895557641983,0.367323637008667,-0.0634506717324257
"TCGA-EW-A1OZ-01",3.12570786476135,-1.04876399040222,-1.01068556308746,0.481999218463898,0.364699631929398,0.903904676437378,0.1462542116642,-1.25237202644348,0.140025466680527,-0.415171504020691,-0.606205701828003,-0.317089051008224,0.304085999727249,-0.113571539521217,1.15823996067047
"TCGA-LL-A440-01",-1.6795107126236,1.04780733585358,0.759033560752869,0.774762570858002,0.410919994115829,1.59963858127594,-0.235439166426659,-0.46272137761116,-0.725829660892487,-0.0354062840342522,0.080032654106617,0.325683176517487,-0.241933584213257,-0.720275044441223,0.686607480049133
"TCGA-BH-A8FY-01",3.12435460090637,0.300985366106033,0.354182362556458,-1.19916903972626,0.0502211526036263,-0.248487696051598,-1.21975612640381,-0.60875678062439,-3.21516418457031,0.703378677368164,0.218301519751549,1.2233943939209,1.18754601478577,0.840830683708191,-0.184452682733536
"TCGA-E2-A1II-01",-2.08630084991455,-2.32672309875488,-1.38047909736633,0.292898654937744,-1.22532939910889,-0.118630714714527,-0.0918754711747169,1.59792053699493,-1.2483161687851,-1.42663967609406,-1.7008661031723,0.0501350574195385,0.172628939151764,0.303296118974686,-0.754180490970612
"TCGA-A7-A6VX-01",1.76925086975098,-0.19326975941658,-0.605462968349457,-0.463912785053253,0.0740896016359329,-1.54650473594666,1.11322796344757,-2.54540252685547,1.50519859790802,-0.298531323671341,-0.197452083230019,0.584076046943665,0.0483187437057495,0.242335766553879,0.0964804291725159
"TCGA-C8-A273-01",1.53277122974396,0.612938165664673,-0.241451784968376,-0.852024972438812,-1.25070869922638,0.0988637208938599,-1.07667756080627,1.21744573116302,0.0579091086983681,-0.468819141387939,0.625498116016388,-1.88010501861572,-0.665245532989502,-0.312122374773026,1.01785004138947
"TCGA-BH-A1EO-01",1.9839369058609,0.138425335288048,-1.16248750686646,0.628752291202545,-0.026895884424448,0.786454260349274,-0.124125860631466,-1.66443407535553,-0.0694088414311409,-1.61679923534393,-0.350661844015121,-1.78260731697083,1.08469569683075,-0.264512896537781,0.542796730995178
"TCGA-OL-A5RX-01",-0.261309564113617,0.75901198387146,2.08546757698059,1.2015380859375,0.451745569705963,-0.784492909908295,0.495597422122955,-0.740572333335876,-0.658801853656769,-0.00793284364044666,-0.437967985868454,0.503213822841644,-0.0116730080917478,0.266994029283524,0.990040123462677
"TCGA-BH-A0B9-01",-2.75626397132874,-2.28901386260986,0.179810777306557,0.36137467622757,-0.674412608146667,-0.90674215555191,-0.0371348522603512,0.787432909011841,0.00230890116654336,-0.940463721752167,-0.0331130735576153,0.357079207897186,-0.625395834445953,0.342462480068207,-1.01457810401917
"TCGA-EW-A1P5-01",0.660813212394714,1.44127523899078,-0.741272211074829,0.64318835735321,-0.924526035785675,-1.55950880050659,-0.287443518638611,1.26867520809174,-0.540856242179871,-0.412281334400177,1.20490515232086,-1.01247072219849,-0.0169519539922476,1.36319923400879,0.78130441904068
"TCGA-A2-A1G0-01",-0.855659067630768,1.65091240406036,0.524515569210052,-1.52132892608643,0.445242255926132,-0.645392894744873,-0.562097251415253,0.115501374006271,1.12120258808136,-1.47775590419769,-1.14991307258606,-0.588358759880066,0.428093612194061,0.307077795267105,0.524955451488495
"TCGA-A7-A4SA-01",-1.01336586475372,0.978699803352356,-0.11179768294096,-1.26954448223114,0.927334308624268,0.341411054134369,0.204353973269463,0.422380834817886,0.492540687322617,-1.14140462875366,-0.187891840934753,0.152870342135429,-0.444842994213104,-0.631547331809998,-0.518519937992096
"TCGA-E9-A1RC-11",-3.4532744884491,0.886638402938843,-4.15089797973633,0.334398746490479,3.28067302703857,1.83268785476685,-1.1430835723877,-1.1987282037735,-0.0439462587237358,0.125496253371239,-0.41816183924675,-0.649101793766022,-0.71694415807724,-0.184311270713806,-0.0533995851874352
"TCGA-A7-A0DB-11",-3.58866024017334,0.847845137119293,-3.73027396202087,0.634120106697083,2.8432776927948,2.07010126113892,-1.00602245330811,-0.634880185127258,-0.137787222862244,-0.0415001921355724,1.12029135227203,-1.1058144569397,-0.297020494937897,0.20783893764019,-0.284365266561508
"TCGA-AR-A24S-01",-0.353637963533401,0.43875789642334,-0.940834641456604,-2.42259120941162,0.477566719055176,-0.421949237585068,1.51946210861206,-1.35902285575867,0.797488391399384,-0.89702320098877,-0.819908618927002,-0.0665794610977173,-1.73463952541351,-0.46070608496666,-0.723158538341522
"TCGA-BH-A0H9-11",-3.54190564155579,0.943833947181702,-4.2611083984375,0.574234426021576,3.11890029907227,1.949538230896,-1.38252675533295,-1.319620013237,-0.0900901183485985,0.320616096258163,0.786589026451111,0.232117548584938,-0.376638293266296,-0.691732704639435,-0.110854223370552
"TCGA-LD-A74U-01",0.283985912799835,0.231432303786278,1.4350643157959,1.34580636024475,0.635952055454254,0.563452124595642,0.38247737288475,-0.740049719810486,-0.294683516025543,1.20710849761963,-0.208233028650284,-0.052615087479353,-0.43648025393486,-1.47216546535492,-0.876136183738708
"TCGA-D8-A1XA-01",2.20451283454895,0.525176286697388,-0.975527107715607,-1.84050238132477,0.199157238006592,-0.0162893161177635,-0.356519639492035,0.281887143850327,-0.732001185417175,-0.178469300270081,0.410346388816833,-0.423353254795074,-0.141718029975891,0.379915446043015,2.08385348320007
"TCGA-D8-A1XR-01",-0.390036523342133,1.75576984882355,-1.75592422485352,-2.55537056922913,0.601945519447327,-2.77720379829407,0.474804252386093,0.432476878166199,-0.422052323818207,0.779208183288574,-0.230132669210434,0.443022072315216,0.034941378980875,0.911965250968933,-1.06926798820496
"TCGA-E2-A1IJ-01",-0.0488694943487644,0.698357582092285,0.854509234428406,-0.0284511614590883,-0.261948943138123,-0.0593020059168339,1.0603893995285,0.277804791927338,-0.995221197605133,0.200811833143234,0.0531385019421577,-1.09600615501404,-0.0608648583292961,-1.48743057250977,0.0541305802762508
"TCGA-GM-A2DH-01",0.178905010223389,-0.955713987350464,-0.0833009630441666,1.42388784885406,-0.588914453983307,0.164193019270897,1.46765494346619,-0.469211488962173,0.661951661109924,-1.25124502182007,-1.7307835817337,0.645610630512238,-0.537251651287079,0.591614723205566,-0.223398864269257
"TCGA-BH-A42V-01",0.246037304401398,0.943263530731201,1.63008487224579,0.925340890884399,0.493036329746246,1.20040786266327,-0.550848007202148,-0.813179671764374,-0.13690659403801,-1.09992480278015,0.231174409389496,0.618920981884003,0.88774573802948,-0.551584243774414,0.365421146154404
"TCGA-A1-A0SH-01",-0.333252936601639,1.09916567802429,0.0251320227980614,-0.118705302476883,-2.52704882621765,0.364692717790604,-0.0174813102930784,-1.12054657936096,0.486685693264008,-0.458720952272415,0.207457408308983,-1.97972750663757,1.44400024414062,-0.861296057701111,-0.17173245549202
"TCGA-AR-A1AQ-01",-1.55133581161499,-2.85119676589966,0.136637791991234,1.62421309947968,-0.868092119693756,0.142329633235931,0.372837781906128,1.22641706466675,-1.33265602588654,-1.19624316692352,0.169427707791328,-0.132950618863106,-0.362664401531219,1.27188682556152,0.368914783000946
"TCGA-A7-A0DC-01",0.090346597135067,2.15178513526917,-1.65879988670349,-0.925575852394104,-2.59195876121521,-0.624201953411102,-1.97744119167328,-0.501799702644348,1.51207864284515,-2.30211043357849,1.17915058135986,1.51838517189026,-0.136122509837151,1.58586597442627,-0.637133419513702
"TCGA-A1-A0SN-01",2.00068545341492,-0.278701424598694,0.129872992634773,0.977674782276154,-0.947795510292053,0.940824747085571,0.197369113564491,0.982752740383148,-0.130869656801224,0.785108208656311,-0.137530952692032,-1.01623773574829,-0.0688177719712257,-0.743975460529327,0.479213535785675
"TCGA-BH-A0E0-11",-2.87150096893311,1.28471851348877,1.66589617729187,0.807268083095551,0.535330533981323,0.807419717311859,-0.889820158481598,-1.10988903045654,0.474093049764633,1.24928462505341,0.936805367469788,0.835223972797394,0.316571235656738,0.779577553272247,0.0456629581749439
"TCGA-E9-A22B-01",1.59634268283844,0.238783180713654,-0.386985629796982,1.46354305744171,1.37125730514526,0.47589373588562,-1.22484970092773,0.988298892974854,1.43407595157623,-0.0334410704672337,1.07003617286682,-1.05836164951324,-0.504741251468658,0.170344159007072,0.416379690170288
"TCGA-BH-A0HA-11",-3.31144571304321,0.751745223999023,1.89953517913818,0.649111926555634,-1.71941018104553,1.01868653297424,-1.50464189052582,-1.379927277565,-0.0276903063058853,1.0807318687439,-1.45347571372986,0.803861677646637,0.199166670441628,0.798287570476532,-0.0723424479365349
"TCGA-E9-A1N4-11",-2.85604500770569,0.735651731491089,1.95911598205566,0.133726716041565,-0.975123107433319,0.510644853115082,-0.977595806121826,-0.885222494602203,-0.342604875564575,1.15266907215118,-1.49376618862152,0.42899164557457,0.521113753318787,0.716382622718811,-0.414443850517273
"TCGA-S3-AA10-01",-1.96518754959106,-3.07544898986816,-0.124698765575886,-0.261932671070099,-0.885634243488312,-0.609900057315826,-0.649221479892731,1.19809949398041,-0.457398563623428,-1.62780213356018,0.747088849544525,-0.138965860009193,-0.392428278923035,-0.97961038351059,-0.667305946350098
"TCGA-A1-A0SE-01",0.305028468370438,1.1696503162384,1.55361759662628,-1.01242184638977,-1.54677700996399,0.21230049431324,-0.402936786413193,-1.01336276531219,-0.340541124343872,-0.664891481399536,-0.916270792484283,-0.495952516794205,1.55410504341125,-0.601822376251221,0.588916718959808
"TCGA-OL-A5RV-01",-0.556635618209839,1.1841094493866,2.05855989456177,-0.165497407317162,-0.605252802371979,-1.0973607301712,0.494150072336197,-0.400866806507111,0.0926125571131706,0.479393362998962,-0.342859923839569,0.549389064311981,0.166121780872345,-0.46571096777916,1.27065205574036
"TCGA-A2-A3XV-01",1.87618923187256,-1.52683246135712,-1.32947373390198,1.31763219833374,0.208007708191872,1.2711226940155,2.01084351539612,-2.05227661132812,-0.830742657184601,2.36214733123779,0.622481167316437,1.67086744308472,1.33372938632965,1.8293799161911,0.36988639831543
"TCGA-A7-A3IZ-01",2.86861133575439,1.02700912952423,-1.10149323940277,-0.163761734962463,-0.681144654750824,-1.04005706310272,-1.76811420917511,-0.985144853591919,-1.83944582939148,-1.19084095954895,-1.42024326324463,0.427344352006912,-0.277328431606293,1.09223103523254,-0.313441842794418
"TCGA-E2-A1LS-11",-3.53396344184875,0.716685056686401,-3.15836834907532,0.244890779256821,3.11649703979492,1.59530246257782,-1.48021852970123,-1.45911967754364,-0.0693340077996254,0.369081884622574,-0.110697895288467,-0.688868165016174,-0.715210318565369,0.326757401227951,-0.403008460998535
"TCGA-AC-A2FM-11",-3.10718417167664,1.47459077835083,1.9132239818573,0.795038998126984,0.682455480098724,0.983397364616394,-0.957261204719543,-1.09078872203827,0.195818409323692,0.779973089694977,1.42040574550629,1.68945455551147,0.170529440045357,0.0612866133451462,0.561567902565002
"TCGA-D8-A1Y2-01",-1.22527647018433,0.867390990257263,-1.7255220413208,0.130278185009956,-1.08598947525024,-0.285534590482712,1.64326965808868,0.140494242310524,1.36548805236816,-0.92517352104187,-0.110458016395569,0.53486967086792,-0.776066899299622,0.0143037987872958,0.144401878118515
"TCGA-E9-A229-01",-0.103780023753643,1.61149847507477,-0.309159487485886,-1.54430198669434,-1.18376708030701,-0.617747962474823,0.117948763072491,0.682801842689514,0.444394260644913,-0.620892703533173,0.356702983379364,-1.91158962249756,-0.0818126425147057,-1.20774805545807,0.545781195163727
"TCGA-A7-A4SB-01",0.494652986526489,1.32618856430054,-0.193413317203522,-2.04573702812195,0.541350245475769,-1.06356990337372,-0.812452495098114,-0.472489088773727,-0.152987852692604,-1.00850558280945,0.795258164405823,-0.00738539965823293,-1.70567977428436,-0.467082113027573,0.244238793849945
"TCGA-BH-A0HK-01",2.76585745811462,-0.705574512481689,0.759124279022217,1.88707661628723,3.37933421134949,-0.366652101278305,-0.159539267420769,0.00851867720484734,-2.38146710395813,0.657659411430359,1.03383839130402,-1.49132442474365,-0.616913974285126,1.26392352581024,-1.84990739822388
"TCGA-3C-AAAU-01",0.628521025180817,0.984922587871552,-1.30410695075989,-2.28528070449829,0.0367603003978729,-1.61593949794769,-0.620299458503723,2.76323747634888,1.75304698944092,0.792400658130646,-0.990018427371979,0.897999465465546,-0.407530635595322,0.396535217761993,1.99051105976105
"TCGA-A2-A3XW-01",-1.77790236473083,0.889253199100494,0.747264266014099,0.640015542507172,-1.38888776302338,1.55541610717773,-0.435497581958771,0.770447134971619,0.620667397975922,-0.0292894877493382,3.49673533439636,0.537746012210846,-0.0342630073428154,-0.620802998542786,0.545942187309265
"TCGA-D8-A1Y1-01",1.54913341999054,0.589739501476288,-1.69892287254333,-0.928091287612915,-1.97116279602051,-0.422889769077301,0.276555389165878,-1.92061114311218,-0.436101585626602,-1.06218767166138,0.378152787685394,-0.545018911361694,-1.47729504108429,-0.659952342510223,-0.0358084663748741
"TCGA-AC-A7VB-01",4.69858503341675,-1.02061712741852,-0.833730936050415,-0.454085290431976,1.432492852211,1.41243326663971,-1.75055432319641,0.171370401978493,-0.572789430618286,0.598146617412567,0.136177361011505,1.34634304046631,0.093829482793808,0.375700175762177,-0.0397617630660534
"TCGA-B6-A0RO-01",1.43689501285553,0.433891773223877,1.03992319107056,-0.841309666633606,-0.351442068815231,-0.594527542591095,0.102612651884556,0.682852029800415,1.44925224781036,2.20291233062744,0.355112820863724,1.00584006309509,0.615227699279785,-1.40739023685455,-0.32519006729126
"TCGA-A7-A13E-01",-0.0768277496099472,-4.57228803634644,-0.153010949492455,0.981347858905792,0.898531794548035,-1.21149790287018,-1.69611084461212,-1.01342988014221,-1.7527688741684,-0.355887025594711,0.636253356933594,-0.681232750415802,-0.615783333778381,0.57921028137207,-1.59781420230865
"TCGA-A7-A0D9-01",1.39150035381317,0.896828174591064,-0.334651678800583,0.327333033084869,1.20025503635406,-0.00101787713356316,-0.645742237567902,0.944119811058044,3.42777514457703,-0.469228148460388,2.68061065673828,-0.845668613910675,0.953382670879364,1.45789933204651,-0.143497750163078
"TCGA-GM-A3XN-01",-0.736678898334503,0.934359788894653,0.322465926408768,0.521288096904755,2.03656315803528,-0.699140608310699,0.658127248287201,0.0847133919596672,-0.336078226566315,-0.683764934539795,0.362600952386856,-0.319146454334259,0.432919412851334,-1.42850267887115,2.27748155593872
"TCGA-E2-A1IK-01",-2.32915496826172,1.65940713882446,0.105466350913048,-1.05760157108307,-1.72518181800842,-0.513199388980865,-0.438419878482819,2.62424063682556,-0.514930427074432,0.991993129253387,-0.777899205684662,2.04842162132263,-0.613150715827942,0.648812234401703,0.984550297260284
"TCGA-E2-A1IU-01",0.167048305273056,1.37351393699646,1.08890640735626,-1.62514102458954,-0.487770438194275,-0.521260738372803,-0.247655227780342,0.913800954818726,-0.684921264648438,0.331567585468292,-0.191806957125664,0.10110928863287,1.59893989562988,0.0141226788982749,-1.51368010044098
"TCGA-BH-A0E2-01",2.30561494827271,-0.0432610288262367,0.764908850193024,1.61966812610626,0.16958312690258,-0.237563416361809,-1.06026589870453,1.28257584571838,1.57256031036377,-0.387315422296524,1.37064182758331,-1.23374974727631,-1.14438986778259,0.479698657989502,0.565749049186707
"TCGA-BH-A0B3-11",-2.90831804275513,1.38844394683838,1.41769182682037,0.834784269332886,0.982069253921509,0.914979636669159,-0.628682434558868,-0.959348499774933,0.336795419454575,0.392708718776703,-0.398048430681229,0.195271551609039,0.377829611301422,1.3133989572525,-0.346111238002777
"TCGA-AR-A2LE-01",0.789832592010498,0.62802255153656,-0.884977042675018,-0.861993730068207,0.20510695874691,-2.07831168174744,0.0756304860115051,0.693156063556671,-2.51876783370972,-0.0849671065807343,-1.21411573886871,-1.10436356067657,-1.30436396598816,-0.254344999790192,-0.427171587944031
"TCGA-E2-A1L7-01",1.74908745288849,-0.380225837230682,0.245135545730591,2.68810677528381,0.789071917533875,-0.0645429939031601,0.437716692686081,0.436937689781189,0.486263185739517,-0.5208860039711,-1.26092433929443,0.00316680851392448,0.321237206459045,1.27348518371582,1.87295246124268
"TCGA-AC-A5EH-01",0.955099701881409,-0.171901881694794,-0.977572798728943,-1.91678845882416,-1.93939077854156,1.28334701061249,1.40462672710419,-0.317304760217667,0.179902449250221,2.23682355880737,1.7352739572525,-0.795681834220886,1.06210875511169,0.105725713074207,0.765899062156677
"TCGA-GM-A2DM-01",-1.64110481739044,2.24050188064575,-1.88811957836151,0.488652855157852,-2.5850830078125,-1.26235294342041,-0.816453874111176,1.20797729492188,0.263692706823349,0.674977242946625,0.73083108663559,1.3983850479126,0.310686200857162,1.87297809123993,0.250549972057343
"TCGA-AC-A3HN-01",-0.783814966678619,1.33735930919647,0.385895401239395,1.01475512981415,1.22374367713928,-0.516467273235321,0.508583188056946,0.508683085441589,-0.547996580600739,0.0448483303189278,-0.198232114315033,-0.364708185195923,1.14346635341644,-1.11263787746429,-0.361865550279617
"TCGA-C8-A1HN-01",2.36098051071167,-0.691086411476135,-1.39647781848907,-1.61034309864044,-0.868534564971924,-0.406858593225479,-0.583941757678986,-0.0638430863618851,2.21526980400085,0.261760622262955,-0.796809136867523,0.733513474464417,-1.06314671039581,0.616443336009979,1.44341790676117
"TCGA-A2-A25C-01",0.0652103126049042,1.18091428279877,-0.480826914310455,-0.0202731508761644,0.576449990272522,-1.41145324707031,0.241605117917061,2.14083242416382,0.146433711051941,0.758921980857849,-0.214866057038307,-1.38509786128998,0.336831539869308,0.129108980298042,-0.253486186265945
"TCGA-E9-A6HE-01",1.47783637046814,0.599958300590515,-0.0608603544533253,0.996272325515747,1.33406436443329,-0.0503657646477222,0.17211452126503,-1.27455139160156,-0.644432008266449,-0.684712052345276,1.64887166023254,0.488191992044449,1.69711208343506,-0.407790511846542,0.960937440395355
"TCGA-EW-A6SB-01",-1.37583410739899,-3.31474494934082,0.223568022251129,0.950202465057373,-1.15874040126801,0.328028351068497,0.306307852268219,1.331582903862,-1.76274788379669,-1.69325590133667,0.479628711938858,1.08774077892303,0.339941531419754,1.09913468360901,-0.983798921108246
"TCGA-E9-A1N4-01",-1.01352393627167,1.58425176143646,-0.866523921489716,-2.1282844543457,-0.808160543441772,-0.459125906229019,0.293487697839737,1.27736151218414,-1.02489328384399,0.383056849241257,-1.0813957452774,-0.0912508741021156,0.847987771034241,0.14055523276329,-1.24740707874298
"TCGA-AO-A0JE-01",1.21328854560852,-0.672831833362579,0.277731716632843,-0.106297820806503,-1.06446778774261,1.43792641162872,2.12925362586975,0.259379744529724,-1.14030396938324,0.923226416110992,1.12088668346405,-0.929080367088318,0.467551708221436,0.991432726383209,-0.024876007810235
"TCGA-E2-A106-01",2.10720920562744,0.9465012550354,0.41645136475563,-0.792243778705597,-0.367421895265579,-0.483437150716782,-1.49869418144226,2.96068406105042,1.42273664474487,1.3865157365799,0.46167328953743,0.298906743526459,0.414272308349609,0.277096271514893,-0.704819977283478
"TCGA-AC-A3TM-01",1.10950791835785,0.632348001003265,1.24954783916473,0.666553199291229,0.0364001914858818,-1.41813659667969,0.359569013118744,-0.362122595310211,-0.374933511018753,-0.303679138422012,1.91503131389618,1.01156139373779,-0.234346434473991,-2.15361356735229,1.9979567527771
"TCGA-AQ-A1H3-01",0.967593252658844,0.674998223781586,0.190729722380638,1.76458752155304,1.97511434555054,-0.457755506038666,0.615332365036011,0.0224547851830721,-0.800292611122131,-0.674781858921051,-0.526624381542206,-0.634710013866425,0.205652341246605,0.816628336906433,0.873206555843353
"TCGA-E9-A295-01",2.06147694587708,-0.0906495153903961,1.00335443019867,0.484602451324463,0.757779598236084,1.01131582260132,-0.647569835186005,-0.156474828720093,0.617243111133575,-0.346698343753815,1.44445312023163,-0.789307117462158,-1.61397898197174,-0.769005954265594,-0.504931926727295
"TCGA-AC-A62X-01",-0.116062931716442,-4.4716968536377,1.3400057554245,1.54846048355103,-0.553306996822357,-1.08201241493225,-1.36344695091248,-1.92419540882111,-1.36580872535706,1.06910538673401,0.121389217674732,2.15601444244385,-0.449603378772736,0.668606579303741,-0.0565334260463715
"TCGA-BH-A1FL-01",1.99315106868744,0.458072900772095,-0.201147839426994,-0.205783829092979,1.40614867210388,-2.11225700378418,0.76115095615387,-1.44461917877197,-0.876625895500183,-1.06057453155518,-1.37768959999084,-0.561643958091736,-0.21981143951416,-0.278369694948196,1.30416703224182
"TCGA-D8-A1XD-01",1.04993307590485,1.03351020812988,-0.436490952968597,0.0483579337596893,-1.8878778219223,-0.840711414813995,-1.41562819480896,-0.399947017431259,2.09721565246582,-1.11039054393768,0.575799703598022,-2.08248805999756,-0.899481296539307,-0.123708732426167,1.30079543590546
"TCGA-AC-A2FB-01",-0.847330093383789,0.681760668754578,1.50751650333405,0.951863944530487,-0.929918825626373,0.936893820762634,0.891896307468414,0.216790765523911,-0.291380107402802,-1.02700591087341,-1.4001624584198,-0.0290991626679897,0.186905294656754,-0.0940446928143501,0.917333006858826
"TCGA-BH-A0DQ-01",0.265180110931396,1.61477279663086,-0.058205671608448,-2.51428389549255,1.42030608654022,-0.0101519450545311,-0.0374509915709496,-0.0534163936972618,0.596180140972137,-0.819013476371765,1.19383537769318,-0.607027411460876,0.0437422357499599,-0.121508948504925,-0.994456350803375
"TCGA-AC-A3W5-01",1.14242732524872,-1.19638741016388,0.121333159506321,-0.460681140422821,0.754301488399506,0.306435257196426,2.82909178733826,-0.531818211078644,1.13832318782806,1.39531683921814,-0.333070427179337,0.452997416257858,1.10018980503082,0.062044333666563,0.766032814979553
"TCGA-D8-A1JP-01",0.606491029262543,0.0513673946261406,-0.0994439423084259,1.82818841934204,-1.03049647808075,-1.23612356185913,0.642886281013489,-1.30683171749115,1.22252309322357,-0.427832514047623,-0.521873891353607,-0.402389824390411,-2.74801015853882,-0.73690128326416,-0.104369819164276
"TCGA-LL-A6FP-01",2.97139620780945,0.729025602340698,-0.184549629688263,-3.36305928230286,-1.15669298171997,0.230656981468201,-0.493590593338013,-1.47742629051208,-0.953495442867279,0.0092280488461256,1.16003346443176,2.42859172821045,1.82318794727325,-0.0379423722624779,-3.43977928161621
"TCGA-AC-A6IW-01",-1.63978910446167,-3.05428671836853,-0.125077605247498,0.62414538860321,0.0744553953409195,-0.0170948803424835,-0.513193428516388,1.15080666542053,-0.915486454963684,-1.07518315315247,0.11605217307806,0.733530461788177,0.159734189510345,0.446459174156189,0.000455181143479422
"TCGA-BH-A0C0-11",-2.7229962348938,0.921347916126251,2.1531069278717,0.920627772808075,0.130176767706871,0.777344882488251,-0.884359538555145,-1.18106293678284,0.227379649877548,1.18941354751587,-0.843904137611389,0.440802812576294,0.724045276641846,0.553318738937378,-0.296551495790482
"TCGA-XX-A899-01",0.235389396548271,0.365034729242325,0.471751362085342,1.32096660137177,1.93567824363708,0.559154093265533,0.765233516693115,0.128481149673462,-0.56095290184021,-0.887607097625732,-0.472006171941757,0.0480041019618511,-0.332977712154388,-0.565480709075928,1.11777448654175
"TCGA-A2-A25A-01",0.201127469539642,0.54187947511673,1.75274085998535,-0.281219571828842,-0.471236497163773,0.942019045352936,-0.0755999609827995,-0.196940422058105,-0.897938966751099,0.369497776031494,-1.10169446468353,-1.03857254981995,0.647766351699829,-1.89847385883331,0.732401788234711
"TCGA-E9-A1R5-01",2.20051050186157,-0.0536566898226738,-1.53326487541199,2.00875353813171,0.511656880378723,0.0406449474394321,0.279103070497513,-0.691652417182922,0.0112128565087914,0.754113256931305,0.194282561540604,-0.63287091255188,-0.510914146900177,-0.199577286839485,0.864447891712189
"TCGA-5T-A9QA-01",3.55333614349365,-0.651141285896301,-1.00439941883087,2.96190643310547,-1.40670013427734,0.998583674430847,-1.89715433120728,0.441103756427765,0.278100311756134,0.516926467418671,0.357632130384445,1.75574445724487,0.588400423526764,1.48602473735809,-0.353775024414062
"TCGA-GM-A3NW-01",2.28594040870667,0.513918817043304,0.714824795722961,0.581886172294617,0.822815239429474,0.404715329408646,-1.22584354877472,-0.728579580783844,-1.36390423774719,-0.987814784049988,-0.355575889348984,0.79149854183197,0.184105947613716,-0.376032412052155,-0.781653046607971
"TCGA-D8-A1JS-01",0.595956444740295,1.49953877925873,-1.26993477344513,-0.729541003704071,-0.622375905513763,-3.0165867805481,-0.114253796637058,0.833650887012482,-0.971679866313934,2.48533844947815,0.138259097933769,2.79754900932312,1.79816663265228,0.532936275005341,-1.92634677886963
"TCGA-AR-A1AJ-01",-2.26939415931702,-2.0583164691925,-0.535395562648773,0.773216843605042,1.61283099651337,0.400825381278992,0.819643437862396,1.40557193756104,-0.31160506606102,-1.0009937286377,-0.205709248781204,-0.242188662290573,0.243087068200111,0.83885383605957,-0.195327028632164
"TCGA-BH-A0H7-11",-1.36721801757812,0.596661448478699,2.39788174629211,0.481325626373291,0.783405244350433,1.8102912902832,-0.888626396656036,-0.858654081821442,0.918084263801575,0.978982090950012,0.443825393915176,0.524743318557739,1.37862229347229,0.379090338945389,-0.594268321990967
"TCGA-D8-A73W-01",0.181070581078529,0.800051629543304,-1.32033050060272,-0.342470556497574,0.64757913351059,-1.02719867229462,0.158670097589493,1.7256007194519,-3.20400881767273,1.61582899093628,-0.0452314913272858,1.14014542102814,-1.97703981399536,0.534938216209412,0.741142213344574
"TCGA-BH-A0BM-11",-3.22762513160706,1.07679915428162,1.96963667869568,0.62720662355423,-0.233118370175362,1.01416552066803,-1.33138906955719,-1.24691879749298,0.0562262572348118,1.11460077762604,0.702180504798889,0.369093984365463,0.135967820882797,1.31001162528992,-0.116457782685757
"TCGA-BH-A0BZ-01",2.35746026039124,-0.878283977508545,-0.282542079687119,-0.828349471092224,-0.632773578166962,2.09198093414307,0.0284221321344376,1.35606360435486,-0.0872666761279106,-0.0446095839142799,0.372947365045547,-0.970767199993134,0.324536263942719,-0.508067071437836,0.498800098896027
"TCGA-A2-A0EU-01",0.530179083347321,1.75478971004486,-0.169322624802589,0.0151569927111268,-0.272404491901398,-1.40691423416138,-0.183459028601646,-0.343047499656677,0.825453281402588,-2.64093565940857,2.93831562995911,-0.897991478443146,-2.06953644752502,2.25555062294006,-1.34939360618591
"TCGA-B6-A401-01",0.119827583432198,0.41567799448967,0.908318758010864,0.274607986211777,0.313921689987183,0.394438922405243,1.32191014289856,0.294181942939758,-1.03542470932007,-0.243964299559593,1.68733870983124,0.714390397071838,0.857349276542664,0.124552845954895,1.46228408813477
"TCGA-AC-A7VC-01",-1.9813072681427,-1.01159405708313,-2.86714029312134,-0.912538349628448,-1.87876498699188,0.639083743095398,-1.40889358520508,-0.622573256492615,0.313865154981613,1.10865926742554,0.17774310708046,-0.170108497142792,-0.588499128818512,-3.7156879901886,0.949199140071869
"TCGA-AR-A24P-01",0.381524235010147,0.63847416639328,0.360094279050827,1.10637319087982,-0.708472192287445,-1.68056571483612,0.381497710943222,0.184303358197212,-1.00810575485229,-0.08623968064785,-0.505074083805084,-1.84555041790009,0.485291421413422,0.750887393951416,2.36006855964661
"TCGA-S3-AA0Z-01",-1.63259899616241,-3.18594431877136,-0.0624147467315197,1.09058594703674,0.285872489213943,-1.43740940093994,-0.533256709575653,0.497425675392151,0.49209189414978,0.172864139080048,-0.362037509679794,0.093075804412365,1.69702875614166,0.643603622913361,-2.08229875564575
"TCGA-LL-A50Y-01",1.61432671546936,0.96187698841095,-0.468768268823624,1.50629448890686,0.424981087446213,-1.69206094741821,0.997979044914246,-0.185431078076363,-0.529965579509735,-0.0822489932179451,0.614171028137207,1.53730964660645,1.90830183029175,-0.979947328567505,-1.07198882102966
"TCGA-OL-A5D8-01",3.52053165435791,-0.232778385281563,0.116216361522675,1.71002089977264,-0.269375175237656,0.506786823272705,-0.50247323513031,0.0873713791370392,-0.583481252193451,-0.478837490081787,-0.231195390224457,0.630380511283875,0.328417181968689,0.519941806793213,0.982329666614532
"TCGA-BH-A0DI-01",0.522708475589752,-0.127115696668625,0.826923489570618,1.9987176656723,0.42377096414566,1.60603439807892,0.180888429284096,4.72660358354915e-05,0.0544407106935978,0.647522628307343,-0.23429536819458,-1.12585830688477,0.0588406622409821,-1.01111054420471,0.144302740693092
"TCGA-A2-A0T6-01",1.54627001285553,0.067810170352459,-1.08879959583282,1.59074139595032,1.84242618083954,0.434161454439163,0.607538640499115,-0.845368266105652,-1.4425368309021,-0.899279952049255,-1.16802048683167,-1.25492298603058,0.816930115222931,-0.938843011856079,1.41586816310883
"TCGA-A2-A25B-01",2.0849289894104,0.0776264220476151,-1.47777092456818,-2.68111109733582,-1.59434711933136,0.533575832843781,-0.169981941580772,0.399327427148819,0.791369676589966,0.0595826208591461,-1.13068449497223,-1.09659373760223,0.551072061061859,0.431060433387756,-1.26496398448944
"TCGA-E2-A1BC-11",-3.59369611740112,0.848719537258148,-4.04979038238525,0.528131723403931,3.1797571182251,1.94154965877533,-1.40541458129883,-1.13612961769104,0.00892542768269777,0.305970788002014,0.527284264564514,0.138749212026596,-0.408674448728561,-0.103781573474407,0.119418755173683
"TCGA-A2-A0SV-01",1.80916976928711,-0.710919201374054,-1.15837550163269,-0.466772526502609,-0.577465355396271,-0.00889250077307224,1.55307352542877,-0.946611523628235,-0.0177120584994555,0.319699078798294,0.282894998788834,0.257065415382385,-1.87384760379791,0.752099752426147,2.18556475639343
"TCGA-BH-A0DG-11",-3.1816303730011,1.22126686573029,1.59120559692383,0.609919250011444,-0.0192477740347385,0.966550230979919,-1.1887366771698,-0.932625889778137,0.119017347693443,0.461918652057648,-1.18213963508606,0.0665380284190178,-0.0397477298974991,1.00254642963409,-0.0186394900083542
"TCGA-AN-A0XR-01",3.0256872177124,0.527387022972107,-0.821246802806854,0.47723126411438,-0.908455789089203,-1.33053290843964,-0.236474841833115,0.121935948729515,-1.8765389919281,0.394922703504562,0.597748875617981,-0.715754270553589,0.136855572462082,0.829334437847137,0.149329856038094
"TCGA-AO-A1KO-01",-2.9569103717804,0.3471799492836,1.93195867538452,0.583811223506927,-0.0611875280737877,0.243908882141113,-1.02173042297363,-1.35805916786194,-0.0447004586458206,1.2569066286087,-1.88052976131439,0.164417862892151,-0.107326209545135,1.04096949100494,-0.549565255641937
"TCGA-BH-A1ET-11",-3.10788536071777,1.37301599979401,0.750601172447205,0.488659858703613,1.08374500274658,1.14229106903076,-1.10848927497864,-1.16946983337402,0.247328579425812,0.577345311641693,-1.06274783611298,-0.0599200166761875,0.0536941066384315,0.573443293571472,-0.0381021648645401
"TCGA-A2-A1FZ-01",0.305609434843063,0.674829065799713,-0.0803948193788528,1.09225285053253,2.1196665763855,-0.829218745231628,0.104817353188992,0.161341890692711,-0.958830714225769,0.68735682964325,0.0367235876619816,-1.48420715332031,-0.299076944589615,-0.676896750926971,0.58053982257843
"TCGA-BH-A0B8-11",-3.57006239891052,0.916081666946411,-2.53937149047852,0.615208625793457,3.07652807235718,1.91335165500641,-1.30486357212067,-1.05514883995056,-0.0445039644837379,0.340309798717499,0.927266180515289,-1.06161952018738,-0.418883353471756,0.411664605140686,-0.383486211299896
"TCGA-BH-A1FC-01",-0.665404796600342,-3.66607475280762,-1.13684833049774,1.65409541130066,-1.14207208156586,-0.086424894630909,-0.493667900562286,0.238794133067131,-1.05227482318878,-0.9925537109375,-1.37025713920593,0.224468126893044,0.789426565170288,0.760251879692078,0.25428894162178
"TCGA-LL-A441-01",-2.05833196640015,-1.57288503646851,1.01683139801025,0.832161784172058,0.309843093156815,0.842628598213196,0.218318894505501,0.524556517601013,-0.645319402217865,-1.21200728416443,-1.38203692436218,0.897020757198334,-0.0185958277434111,-0.739349126815796,-0.292996257543564
"TCGA-PL-A8LX-01",0.257085561752319,1.50043857097626,-2.21284866333008,-0.133105263113976,-1.63687658309937,-0.708079874515533,-1.60658431053162,1.83337414264679,-0.707672595977783,0.117322199046612,0.800982058048248,2.2558331489563,-1.03072202205658,1.19466710090637,0.471225321292877
"TCGA-XX-A89A-01",-0.71557891368866,0.136545360088348,-0.0179306622594595,-1.28839337825775,2.4445538520813,0.287968099117279,1.04882895946503,0.607768476009369,1.33519232273102,0.816967368125916,-0.0573955737054348,-0.130406260490417,-0.975427448749542,-1.10770857334137,-1.90217697620392
"TCGA-BH-A8FZ-01",-0.806743860244751,0.706359446048737,1.66756403446198,0.708689868450165,0.215734139084816,0.507879495620728,0.8729647397995,-0.491055190563202,0.825499951839447,-0.718358755111694,-0.424088478088379,0.23028376698494,0.879875838756561,-0.168147027492523,-0.458376437425613
"TCGA-E9-A5UO-01",3.44497585296631,0.415374219417572,-1.59380626678467,-1.29467225074768,-1.33714807033539,0.341520041227341,-2.74682521820068,1.09811162948608,-1.71980690956116,0.328921556472778,-0.407192438840866,1.52785432338715,0.122269712388515,2.35597681999207,-1.13572335243225
"TCGA-E2-A15I-11",-3.51591491699219,0.874595403671265,-1.12175571918488,0.367962449789047,2.7604455947876,1.55716288089752,-1.20056533813477,-1.29848968982697,-0.11363872885704,0.496044427156448,-0.870984792709351,-0.662167012691498,-0.501984775066376,0.675539016723633,-0.370536684989929
"TCGA-E2-A573-01",-2.55510020256042,-2.69839644432068,0.483836442232132,-0.279687583446503,-1.06680715084076,-0.231262892484665,0.424359619617462,0.964201092720032,0.178838953375816,-0.917939424514771,1.15152287483215,0.81707352399826,0.8591588139534,0.134790584445,0.249577656388283
"TCGA-AO-A124-01",-2.44176816940308,-2.88636708259583,0.597941040992737,-3.44743704795837,-1.2123726606369,-1.02464020252228,-0.82748156785965,-0.640251338481903,-0.748086273670197,0.0936837941408157,0.903652667999268,0.684522449970245,-0.878610551357269,0.677111983299255,-0.279955834150314
"TCGA-AR-A24Z-01",2.57692289352417,0.0157530568540096,-0.596851110458374,-2.43974733352661,0.733903646469116,-0.588194787502289,0.258153259754181,0.861986517906189,0.797541081905365,1.50934505462646,-1.23215341567993,0.147502332925797,-0.144567981362343,1.61877155303955,-0.988933384418488
"TCGA-A8-A075-01",-0.421718537807465,0.47938734292984,-1.08872950077057,-1.57725644111633,-0.151510134339333,-1.37173974514008,2.66113471984863,-0.273235380649567,1.7401807308197,-0.346837908029556,0.171797320246696,0.964420557022095,-2.29660272598267,-0.094918854534626,-0.220096230506897
"TCGA-AQ-A0Y5-01",1.28181898593903,-0.0906052365899086,-0.806007266044617,1.02858078479767,-1.5365891456604,0.354193836450577,0.433358132839203,-0.544413924217224,0.766764938831329,1.51244914531708,1.39025902748108,-0.959239721298218,-3.05856013298035,0.451522320508957,0.504799485206604
"TCGA-BH-A0DZ-11",-2.44720315933228,1.04091215133667,2.4459342956543,0.942543625831604,-0.574507355690002,1.20976638793945,-0.323090434074402,-0.948222100734711,0.0383732430636883,1.07315373420715,0.714927196502686,1.0571061372757,0.565658271312714,0.579447627067566,-0.0904999822378159
"TCGA-E9-A1N5-11",-3.22559022903442,0.58899313211441,1.44790899753571,0.435131639242172,-0.293857604265213,0.517001152038574,-0.950441181659698,-0.846103250980377,-0.0504771284759045,0.577121317386627,-1.14667665958405,0.145897835493088,-0.0603271014988422,0.838498651981354,-0.242310702800751
"TCGA-BH-A28O-01",-2.23157954216003,1.0446560382843,1.80226039886475,0.77633148431778,0.711487650871277,0.304190188646317,-0.330590605735779,-0.688056945800781,0.0133551163598895,0.678539395332336,-0.5773805975914,0.216076329350471,0.41001296043396,-0.676644563674927,-0.0614076070487499
"TCGA-AR-A0TX-01",-0.583559334278107,-0.0691135376691818,-0.854032218456268,0.335292249917984,0.974070966243744,0.672205567359924,2.386643409729,0.023773193359375,1.83511686325073,0.0389191545546055,-1.54393637180328,0.697299182415009,0.387798279523849,0.15048648416996,-1.16942167282104
"TCGA-D8-A3Z6-01",1.58629548549652,0.754091620445251,0.982087135314941,-0.589906811714172,-0.765279948711395,-0.655445277690887,0.331908613443375,-0.448635876178741,-0.757168650627136,0.896078884601593,0.252014964818954,-0.485435545444489,0.4514000415802,-1.4190559387207,-0.914014399051666
"TCGA-BH-A201-01",-0.931547522544861,1.22085559368134,1.18729221820831,0.83016961812973,-0.272840678691864,-0.896829664707184,-0.50334894657135,-0.290224194526672,-1.16782712936401,1.11423933506012,0.727120339870453,-0.839123845100403,-2.09239912033081,-0.192792937159538,0.170007541775703
"TCGA-AR-A24H-01",3.13146901130676,-1.06001126766205,-0.560182571411133,-0.902581870555878,0.0647688433527946,0.156183734536171,-0.230895683169365,0.320555597543716,-0.328595101833344,-0.14319683611393,-1.63659989833832,0.14390042424202,-2.69706416130066,0.975781440734863,-0.294237911701202
"TCGA-BH-A0WA-01",-2.07356262207031,-3.45085501670837,0.297748535871506,-0.911704301834106,-0.813782632350922,-1.56125915050507,-1.20822322368622,-0.492695957422256,-0.0836381316184998,0.224997729063034,0.351951450109482,-0.714336514472961,-0.501633822917938,-1.40852105617523,-0.928846478462219
"TCGA-AC-A3W6-01",-0.035038560628891,0.53569084405899,-1.25902533531189,1.45024621486664,0.762958168983459,0.172798901796341,1.34455645084381,-0.206459879875183,-0.49182254076004,0.247956231236458,-0.615342259407043,0.53857558965683,-0.696891844272614,-3.06711602210999,-1.1381676197052
"TCGA-C8-A275-01",1.18692243099213,-1.44401741027832,0.185792192816734,1.58620154857635,-0.140045166015625,0.866161465644836,2.5485508441925,0.400929301977158,0.897030711174011,0.474105596542358,-0.69264805316925,-0.35152742266655,0.122840732336044,1.85086941719055,-1.51248347759247
"TCGA-BH-A0BC-01",-0.308852940797806,1.09831213951111,0.222182944417,0.256343513727188,0.0624783895909786,-0.826378464698792,0.0871594548225403,1.14217698574066,0.35071274638176,-0.021962434053421,-0.221299320459366,-0.431700885295868,0.992281854152679,-0.989021241664886,-1.01734340190887
"TCGA-A7-A26E-01",1.61583065986633,0.578691244125366,0.333876311779022,0.798370957374573,0.208036661148071,-0.709684908390045,0.0190548654645681,-0.630593717098236,0.62402355670929,0.793574929237366,-1.13371050357819,-1.84002804756165,2.24235677719116,-0.672389805316925,0.524864673614502
"TCGA-E9-A1N6-11",-3.26625919342041,0.788171112537384,1.14098072052002,0.514508605003357,1.66392886638641,1.16636216640472,-0.691604673862457,-0.571356177330017,-0.0721871852874756,0.379561394453049,-0.270655989646912,-0.167750045657158,-0.0146970935165882,0.75298535823822,-0.0068049943074584
"TCGA-BH-A2L8-01",-0.643795847892761,0.806762754917145,0.0350381135940552,1.24503314495087,0.607576310634613,-0.17112423479557,1.03460443019867,0.329360067844391,0.516046464443207,-1.64364433288574,-0.359839558601379,-0.125079140067101,0.0803342014551163,-0.628126859664917,0.749706149101257
"TCGA-BH-A0DK-01",2.03329610824585,-0.383419096469879,1.2963650226593,2.02441072463989,1.50554645061493,1.64519762992859,-0.333845764398575,1.54515421390533,-0.736766755580902,-0.233493819832802,0.589359283447266,-1.28594052791595,0.448785960674286,0.0881770774722099,-1.18194007873535
"TCGA-A2-A0T2-01",-1.23248624801636,-3.58498620986938,0.131253257393837,-2.19698119163513,-0.497167646884918,-1.05439150333405,-0.288132458925247,-0.274861574172974,0.362781584262848,0.984355926513672,1.28041779994965,-0.0617488585412502,0.726119518280029,0.453675001859665,2.09599900245667
"TCGA-BH-A1EO-11",-3.58317184448242,0.791615843772888,-4.2065167427063,0.583311915397644,2.72201490402222,2.16853308677673,-0.884276688098907,-0.854831099510193,-0.109689459204674,0.0130266984924674,0.122506253421307,-0.357576102018356,-0.395089477300644,-0.824892938137054,0.111659683287144
"TCGA-E2-A1IF-01",-1.45551908016205,1.22445547580719,0.84423965215683,-0.541287660598755,0.599600851535797,-0.902378022670746,0.735081374645233,0.04908337444067,-0.20007811486721,0.864647626876831,1.08403122425079,0.540215075016022,0.00869259424507618,-1.02861249446869,-1.49048984050751
"TCGA-AR-A2LL-01",1.91091680526733,0.161492109298706,-0.959542691707611,1.07591569423676,0.454718828201294,-0.434870064258575,-0.00703544821590185,-0.888764083385468,-0.326600909233093,-1.91949021816254,-0.621785044670105,-0.345044374465942,0.277299016714096,0.44742739200592,1.47801506519318
"TCGA-E9-A1N8-01",-2.29204082489014,-3.12739682197571,0.251835942268372,0.947270393371582,-1.10550558567047,-2.20441174507141,-1.84752130508423,-0.641842126846313,0.0739537850022316,0.323962807655334,-0.387815147638321,0.069816067814827,-1.19861888885498,-0.700583755970001,-1.50300741195679
"TCGA-E9-A247-01",2.78484225273132,-0.0528589971363544,0.73536229133606,1.73173820972443,0.11008033901453,0.164563834667206,-1.50042319297791,0.281552970409393,0.187744423747063,-0.615288317203522,0.966932892799377,-0.361675769090652,-1.8938375711441,0.175037890672684,-0.13262066245079
"TCGA-D8-A27E-01",-2.39640331268311,2.31227397918701,-2.16888022422791,-0.645364224910736,-2.47877216339111,-0.949985027313232,-0.734262824058533,1.76091051101685,-0.382141679525375,1.68469500541687,-0.865084171295166,1.97412371635437,-0.942307531833649,0.977857768535614,0.640390396118164
"TCGA-EW-A1P0-01",0.870819270610809,0.354031026363373,-1.80068504810333,-1.51950085163116,0.485908955335617,-2.61608457565308,-0.15771758556366,1.19914138317108,0.01411915384233,-0.390918076038361,-1.48187673091888,0.199333608150482,-0.0138075118884444,0.323875665664673,3.1056535243988
"TCGA-C8-A1HF-01",0.809575498104095,-0.845582008361816,-0.738112270832062,1.43893480300903,-1.0802001953125,-1.11079585552216,1.59599626064301,-0.371906995773315,1.1765638589859,0.441179752349854,-0.878069341182709,0.300653994083405,-0.223196968436241,0.0489555075764656,0.350799113512039
"TCGA-E9-A244-01",-1.78480422496796,-2.51977109909058,0.0176179129630327,-0.82299792766571,0.465938717126846,-1.22542834281921,-0.82658725976944,-0.652123749256134,-1.47469305992126,-0.596073091030121,0.252166539430618,-1.10332262516022,-0.76315051317215,-0.283170342445374,-0.604760587215424
"TCGA-AO-A0JD-01",0.726604819297791,0.360772520303726,0.728129208087921,-2.01650810241699,-1.03339290618896,1.02298223972321,0.664905309677124,-0.0144236255437136,-0.0752236768603325,-0.219524741172791,1.20245921611786,-0.15248329937458,1.39499127864838,2.10725235939026,-1.07580077648163
"TCGA-A1-A0SO-01",-0.777067065238953,-3.36728668212891,-0.834401369094849,0.985957205295563,-0.56329470872879,-0.700047850608826,-1.48263490200043,-1.33378291130066,2.11935091018677,-1.09404683113098,-3.17569923400879,0.911523222923279,1.53589773178101,1.2685341835022,-1.73475873470306
"TCGA-D8-A73X-01",1.1955099105835,1.13267123699188,0.428231924772263,2.32202482223511,-1.06876015663147,-1.32475209236145,0.423435509204865,-1.2063422203064,0.402491897344589,-0.14920899271965,0.427880316972733,-0.38317134976387,2.04407930374146,-0.825717151165009,-0.106156386435032
"TCGA-AC-A8OS-01",0.814133405685425,0.208559736609459,1.02706694602966,-0.156114414334297,1.84150147438049,0.338208079338074,0.848356366157532,-0.728134036064148,-0.679614305496216,0.814700782299042,-0.790241122245789,0.126101583242416,0.133456617593765,-1.48510158061981,-0.731523036956787
"TCGA-EW-A1PF-01",-0.305926859378815,0.85413920879364,0.288022071123123,0.482309758663177,-0.098633274435997,0.449059814214706,0.235891357064247,1.17762172222137,1.66946768760681,0.354015052318573,-0.0833532884716988,-0.706830561161041,0.844485461711884,-0.734478652477264,-0.730443716049194
"TCGA-E2-A108-01",-1.79446077346802,0.496451169252396,0.137414366006851,1.47371053695679,1.81925070285797,0.786242544651031,1.36856758594513,0.345653474330902,-0.29046243429184,-1.14278125762939,0.0289997644722462,-0.295587092638016,0.0531970448791981,0.299143195152283,0.704120755195618
"TCGA-HN-A2OB-01",-0.172720387578011,1.06517207622528,1.17248165607452,0.463784337043762,1.08426558971405,-0.0800872072577477,-0.145300045609474,-1.47901165485382,-0.371737569570541,-0.379572749137878,-0.207924470305443,-0.401516228914261,-0.426631480455399,-1.10198652744293,0.641095161437988
"TCGA-B6-A0RU-01",-2.07413840293884,-1.73557877540588,1.19636118412018,0.250464558601379,0.34405106306076,-0.138678535819054,-1.34881961345673,-0.989724278450012,0.850040674209595,1.48656594753265,-1.16848480701447,-0.0268705412745476,1.4066070318222,-0.993659019470215,0.123705849051476
"TCGA-AO-A0JC-01",-2.14103507995605,0.472810328006744,-0.629095017910004,0.711292326450348,0.0763759613037109,1.90272736549377,1.2097293138504,2.45169043540955,-0.717445611953735,-2.81940174102783,0.165880247950554,0.613644123077393,0.857583105564117,0.569745719432831,-0.473906457424164
"TCGA-B6-A0RM-01",0.162184968590736,2.30798673629761,-1.61442363262177,0.912335097789764,-1.08539068698883,-1.31513726711273,-0.83458799123764,-0.650656700134277,0.900565981864929,-2.01911044120789,0.037360105663538,1.53618288040161,-0.327817916870117,1.05815303325653,0.0769797191023827
"TCGA-AC-A23H-11",-3.27523279190063,1.04314708709717,1.13626098632812,0.452889055013657,0.83207768201828,1.24110805988312,-0.963216781616211,-1.12073767185211,0.0579422526061535,1.06240057945251,-0.714690685272217,-0.733957588672638,-0.458079934120178,0.474703639745712,-0.198679730296135
"TCGA-E9-A3Q9-01",-0.103674419224262,1.43173599243164,-1.77039837837219,-2.40697550773621,2.68731832504272,-0.621176600456238,-0.696945548057556,2.08649611473083,-0.534201085567474,1.73996007442474,-0.688804388046265,2.17078971862793,1.43213069438934,0.791543126106262,-0.80215710401535
"TCGA-C8-A1HL-01",2.03010559082031,0.167750790715218,-0.471698462963104,-2.54273414611816,-0.173209324479103,0.0309811010956764,-0.503036081790924,2.25841927528381,0.755196392536163,1.60568535327911,-0.0665734261274338,-0.175367712974548,-1.81328570842743,-0.317750185728073,-1.93155360221863
"TCGA-C8-A3M8-01",2.69685959815979,-0.134030491113663,-0.593148291110992,0.936419546604156,1.34404242038727,0.753706395626068,-1.5062814950943,0.952978134155273,-0.413445651531219,0.379602015018463,0.124130792915821,-0.565253973007202,-0.254766672849655,0.0250914990901947,-0.35663053393364
"TCGA-MS-A51U-01",-0.861234366893768,1.07273852825165,1.205646276474,-0.490269601345062,0.39059454202652,-0.650187075138092,0.195993199944496,-0.0325514897704124,-0.751924932003021,-0.0141658680513501,-0.7538942694664,-0.153812438249588,0.101560696959496,-1.02874553203583,1.34446668624878
"TCGA-AR-A24W-01",-1.96562385559082,1.39322912693024,1.45048403739929,-0.203762918710709,0.563789248466492,-0.400676190853119,-0.448214828968048,-0.221664592623711,0.357556402683258,1.63721585273743,-1.05594372749329,-0.405216187238693,0.218968644738197,0.111381635069847,0.144131273031235
"TCGA-EW-A1P7-01",-2.87260413169861,-0.724939286708832,0.789149940013885,0.327676147222519,1.01116132736206,0.759409248828888,0.518595516681671,1.90934526920319,-0.744863212108612,-1.50742173194885,0.338975071907043,-0.554766714572906,0.00925752054899931,-0.719010174274445,-0.495551764965057
"TCGA-AC-A8OR-01",-1.55630218982697,1.9047589302063,-1.24963343143463,0.343257069587708,-2.67120313644409,-1.72772920131683,-1.36902475357056,1.04795861244202,-0.683396935462952,0.67680561542511,1.62758278846741,1.9387800693512,-0.71693080663681,2.04565596580505,1.22149038314819
"TCGA-E2-A105-01",4.31773805618286,-0.840223729610443,0.350627362728119,-1.0080201625824,0.584738850593567,1.29096055030823,-1.8462860584259,0.690670013427734,1.12219905853271,0.725029230117798,-0.273637443780899,0.351023018360138,-1.13848197460175,-0.838878214359283,1.22295343875885
"TCGA-V7-A7HQ-01",0.222208470106125,1.68093800544739,0.202910795807838,-0.457513302564621,-0.0852360427379608,-1.26768851280212,0.502535820007324,-1.03035295009613,1.76375067234039,-1.46015465259552,3.30453944206238,2.22555708885193,0.421299040317535,-0.387353360652924,0.33643439412117
"TCGA-AR-A2LO-01",-0.494596779346466,0.74962043762207,1.25876557826996,0.881939947605133,0.366550534963608,0.914057493209839,-0.346356928348541,0.351169496774673,-0.324019283056259,-1.18720090389252,0.0860262215137482,-0.605534911155701,-0.279835790395737,-0.50383049249649,0.296249091625214
"TCGA-3C-AALI-01",1.46024191379547,-1.14348185062408,-0.28063839673996,-2.18744373321533,0.194990143179893,1.19824767112732,1.34505581855774,0.813139975070953,2.29962158203125,1.03102827072144,-0.435518890619278,0.447742640972137,0.11862251162529,0.308590292930603,-0.0565649718046188
"TCGA-E2-A1LS-01",-1.29761147499084,-3.38178539276123,1.15110540390015,-0.329688727855682,-0.249998435378075,-1.91120791435242,-1.52683281898499,-1.26733064651489,-1.01302182674408,1.35229003429413,-1.79134118556976,0.184999197721481,-0.0874576196074486,0.22946435213089,-1.73012030124664
"TCGA-A7-A0CE-11",-2.83809113502502,1.29262590408325,2.17777252197266,0.987529277801514,0.219980806112289,0.888561308383942,-0.600006878376007,-0.645380973815918,0.171151742339134,0.698731064796448,0.232231482863426,0.941848754882812,0.633516430854797,0.421248823404312,0.16047964990139
"TCGA-BH-A1FG-01",0.156351417303085,1.98376655578613,-0.458289295434952,1.23687875270844,-1.19540143013,-1.53956341743469,-0.375619173049927,-0.359428226947784,0.60852974653244,-1.52266061306,0.971569001674652,0.597449123859406,-0.281391888856888,1.37146592140198,-0.719410598278046
"TCGA-A2-A3XU-01",-1.76576435565948,-3.45992231369019,0.248299866914749,0.306900173425674,-0.268322229385376,-2.0576651096344,-1.27401411533356,-0.781049787998199,0.789756298065186,0.896536946296692,1.14774370193481,1.00915026664734,-0.650153696537018,-0.157640665769577,-0.84678840637207
"TCGA-D8-A1XG-01",-1.4485330581665,1.78750371932983,-0.00404295371845365,0.0690125077962875,-2.55425524711609,-1.46980452537537,-1.42747747898102,1.4557386636734,-0.855083584785461,2.0148594379425,0.939660787582397,0.435930252075195,-2.20775866508484,0.719413697719574,1.68411111831665
"TCGA-BH-A0AY-11",-3.11990928649902,1.17584884166718,1.08767151832581,0.881334781646729,1.4927624464035,1.35884141921997,-0.890843451023102,-0.682159721851349,0.0357251428067684,0.917842626571655,0.22263140976429,0.153709128499031,0.14404559135437,0.524925827980042,-0.0090308440849185
"TCGA-AR-A0TT-01",0.854148149490356,-0.908962488174438,-1.4502991437912,0.209996789693832,0.496787875890732,1.51255679130554,1.73182415962219,0.921664655208588,0.72751259803772,-1.07761740684509,-1.68694043159485,0.552237212657928,-1.16014814376831,-0.059119313955307,-0.2492456138134
"TCGA-D8-A1JJ-01",1.07932710647583,0.105589315295219,-1.26560652256012,1.04820203781128,-1.52034366130829,-0.113807663321495,0.927351355552673,-0.205631867051125,0.383187592029572,1.68560039997101,0.563204228878021,-0.618756949901581,-2.40409374237061,-0.87017285823822,-0.626140117645264
"TCGA-BH-A1ES-01",1.47859179973602,1.14996540546417,-0.0049379956908524,1.63150179386139,-1.83029544353485,-0.571017980575562,-1.88562119007111,0.742368102073669,3.40589427947998,-0.685117781162262,1.08848178386688,-1.89677631855011,1.67474341392517,0.820715665817261,0.252961248159409
"TCGA-OL-A5S0-01",-2.63366985321045,-2.60859894752502,-0.109422698616982,0.608036279678345,0.521334171295166,-0.500898480415344,-0.352069199085236,0.63507491350174,0.423211455345154,-0.638284921646118,1.53747797012329,0.509373605251312,-0.0208818409591913,-1.79142820835114,-0.277772665023804
"TCGA-C8-A1HJ-01",-2.21595478057861,-3.05493688583374,0.228293165564537,-1.85138916969299,0.781162738800049,-1.14643597602844,-1.07080709934235,-0.177686393260956,0.713148534297943,-0.427350670099258,-0.683448433876038,-0.731255233287811,0.441997110843658,0.267538189888,0.517406523227692
"TCGA-AO-A12E-01",2.18281769752502,-0.0207979343831539,1.72994148731232,1.33658719062805,1.97004282474518,1.35749495029449,-1.14749312400818,-0.156324952840805,-0.966710984706879,0.587775409221649,-0.038414403796196,-0.281076222658157,0.193895280361176,0.572416722774506,-1.26197099685669
"TCGA-S3-AA15-01",-2.50990653038025,-0.793077170848846,0.142946764826775,0.438886761665344,1.04032802581787,1.08479726314545,0.490215182304382,1.4953556060791,-1.06432676315308,-1.53143727779388,0.0993844866752625,-0.140777975320816,-0.265941053628922,-0.0885742679238319,-0.236185625195503
"TCGA-OL-A5D7-01",-0.248952090740204,-3.64981842041016,-0.543908834457397,2.01267147064209,0.220223590731621,0.448051154613495,-0.0449845530092716,0.627636671066284,-2.02695870399475,-0.960755348205566,-0.358492225408554,1.33049166202545,-0.507846474647522,0.123922094702721,-0.0114685436710715
"TCGA-OL-A5DA-01",1.0163094997406,1.00617444515228,0.841937005519867,1.47298192977905,-1.45409762859344,-1.20276248455048,-0.456480711698532,-1.40457034111023,-0.064201146364212,-2.04419040679932,0.262988388538361,0.55271053314209,-0.660787999629974,-0.530546903610229,0.834226608276367
"TCGA-B6-A0RL-01",4.09062337875366,-0.319123685359955,-0.804309546947479,2.80878496170044,-1.41260528564453,1.03807425498962,-2.38509631156921,-0.253907054662704,-0.0939305573701859,-0.649096608161926,1.02535510063171,1.86331009864807,0.20127609372139,1.26958191394806,-0.674529194831848
"TCGA-OL-A66N-01",1.40118205547333,-0.0263959597796202,1.07080972194672,1.95004272460938,-0.170206502079964,0.37692803144455,0.617729842662811,-0.52676659822464,-0.170771539211273,-0.130320623517036,-0.0224143601953983,1.80903720855713,0.0343790575861931,-1.84675264358521,-0.666020691394806
"TCGA-E9-A1ND-11",-3.43275952339172,0.792643249034882,0.35337096452713,0.595535814762115,2.03553199768066,1.48913431167603,-0.508329391479492,-0.77034056186676,-0.170818388462067,0.414868652820587,0.853949308395386,0.642869830131531,-0.197817578911781,-0.237890541553497,-0.141546487808228
"TCGA-S3-A6ZG-01",2.69919204711914,0.433429896831512,0.371225148439407,2.29419946670532,-0.375851571559906,-0.148056954145432,-0.474131792783737,0.163169607520103,-1.16949677467346,-1.03170669078827,0.173762187361717,-0.393626868724823,0.507725417613983,0.326927959918976,-1.61969470977783
"TCGA-E9-A1RB-01",-0.672986268997192,0.822906792163849,-0.652147471904755,-1.8518773317337,-1.26276659965515,-1.86744332313538,0.823740601539612,-0.343702375888824,0.174238875508308,0.0590098686516285,0.122781902551651,-0.286626398563385,-1.09235942363739,1.69392490386963,2.45569038391113
"TCGA-A2-A4RY-01",-0.943704605102539,0.544518351554871,2.1897873878479,0.737799406051636,0.640289425849915,0.825194835662842,-0.102052360773087,-0.665774047374725,-0.0771035775542259,0.623856544494629,-0.669467151165009,0.242836520075798,0.379317104816437,-1.03979635238647,1.37915003299713
"TCGA-E9-A1R6-01",2.92694997787476,0.460141330957413,-1.45592391490936,-0.402594834566116,-1.70699024200439,0.708838164806366,-1.70693349838257,-0.131537303328514,0.0939668565988541,-1.26461100578308,0.52716588973999,-0.156593754887581,0.764761388301849,0.291573733091354,1.70282888412476
"TCGA-E9-A1R3-01",-1.13846266269684,1.4499329328537,0.0577645786106586,-1.33992373943329,-1.40542411804199,-1.84802830219269,0.851504504680634,1.13678228855133,-0.332302510738373,0.502126395702362,1.72514641284943,-0.738277673721313,-1.77142536640167,0.126125931739807,-0.656305015087128
"TCGA-D8-A1JK-01",-0.315801233053207,-1.24519968032837,-0.551595330238342,-2.88513445854187,-1.89656138420105,1.32210147380829,2.53160715103149,-0.742893278598785,-0.132534593343735,0.995401620864868,1.04250168800354,-0.0584770515561104,-0.181818261742592,2.90382814407349,-0.278879851102829
"TCGA-A2-A0CR-01",-0.301937460899353,0.211942419409752,1.7614951133728,1.17688119411469,0.313037872314453,1.55145180225372,1.00684607028961,1.01789510250092,-1.22896230220795,-0.643743813037872,0.62612783908844,1.92893815040588,0.344424396753311,-2.08110451698303,-0.000958835822530091
"TCGA-BH-AB28-01",1.44490146636963,-0.029031939804554,0.813087582588196,1.65282654762268,1.41532361507416,-0.184245407581329,0.471463471651077,-0.036465834826231,-1.51334047317505,-0.445293426513672,-0.279144436120987,0.257662415504456,-0.0271493047475815,0.307832300662994,1.19052743911743
"TCGA-E2-A10C-01",2.49204611778259,-0.716776192188263,-0.08779426664114,-0.734548687934875,-0.178876355290413,1.4023255109787,1.68033039569855,-0.445895344018936,0.993054449558258,0.232891291379929,-0.314475268125534,2.51526737213135,0.127933755517006,-0.544378936290741,-2.85211253166199
"TCGA-B6-A0WW-01",2.74820995330811,-0.201574623584747,-0.445597440004349,-0.422875374555588,-1.37954092025757,0.0871220603585243,-0.240525871515274,-1.09971106052399,-0.864751696586609,-0.0607402697205544,0.219015568494797,-0.76623672246933,-1.04473698139191,-0.407106876373291,-0.926346600055695
"TCGA-BH-A6R8-01",1.60390532016754,0.956728935241699,-1.1360799074173,-2.46760582923889,-1.61718022823334,0.252624094486237,0.0173783861100674,0.225182235240936,0.8412144780159,-0.922693371772766,0.931184530258179,1.94036769866943,2.33442854881287,0.0953529477119446,0.726104557514191
"TCGA-D8-A27L-01",-0.518508791923523,1.20181548595428,0.679251134395599,-1.3573739528656,-0.393237382173538,0.00176464824471623,0.950866162776947,-0.573601484298706,0.87786465883255,-0.813026547431946,0.116493053734303,-1.0501856803894,-0.183699429035187,-0.580756187438965,0.375001192092896
"TCGA-D8-A1JG-01",0.709880888462067,-1.55273270606995,-0.413790702819824,0.418942004442215,-1.26914548873901,1.64505171775818,2.90826654434204,0.0245564207434654,0.471814274787903,1.51676487922668,-1.2076233625412,-0.413463413715363,0.596054315567017,2.26716923713684,0.632470786571503
"TCGA-A2-A0YL-01",-0.736991584300995,1.04352700710297,1.72993981838226,-0.621636271476746,-1.13358545303345,0.172807633876801,-0.0582672283053398,-0.96452122926712,-0.435272246599197,-0.169139370322227,-0.994900405406952,-0.768215537071228,0.339813321828842,-0.759666085243225,0.427925586700439
"TCGA-AR-A1AY-01",-1.06003797054291,-3.76660060882568,0.321136116981506,1.79929995536804,0.414931803941727,-1.31183731555939,-1.281409740448,-0.47221913933754,-0.425192266702652,0.945746660232544,-0.589913249015808,-1.03912472724915,0.301786124706268,0.125559508800507,-0.235292315483093
"TCGA-AR-A24L-01",-0.268504828214645,1.66133534908295,-0.631904125213623,-2.08305311203003,-1.02567040920258,0.497172921895981,-1.4561425447464,1.44892656803131,0.881987750530243,-0.587999403476715,0.487287908792496,-1.99694561958313,0.241276666522026,0.00207326631061733,1.14190602302551
"TCGA-AC-A3YJ-01",0.541988611221313,1.4570335149765,-1.04346942901611,-0.0341802947223186,-0.741887271404266,-2.03205966949463,-0.0181576441973448,1.33968102931976,-0.776539087295532,1.96041226387024,0.366329908370972,1.99406254291534,0.576024413108826,-0.862164318561554,-0.332867562770844
"TCGA-AR-A0U0-01",-0.786320567131042,-2.89222145080566,-0.452086091041565,0.338780790567398,-1.19798874855042,0.464736610651016,1.0059118270874,0.628458917140961,0.413459867238998,-0.107035040855408,1.35581171512604,-0.610390365123749,1.55465352535248,2.06494665145874,-0.550684690475464
"TCGA-BH-A1EW-01",1.18792283535004,0.201919332146645,-0.10525930672884,1.89411652088165,0.650195121765137,0.129415825009346,0.613766431808472,-0.277003824710846,0.568189263343811,-0.669223964214325,-1.09742021560669,-0.114340864121914,-0.930438697338104,-0.464076519012451,1.00338006019592
"TCGA-BH-A1FH-11",-3.54797744750977,0.949172377586365,0.833255052566528,0.490119010210037,1.11831784248352,1.38727784156799,-1.00015413761139,-0.988126516342163,-0.175911039113998,0.638582229614258,0.356404513120651,-0.209259957075119,-0.311063200235367,0.341939955949783,-0.0944406986236572
"TCGA-E9-A1RF-11",-3.41433382034302,0.824348330497742,-4.56080961227417,0.257904171943665,3.18349933624268,1.83867084980011,-1.24189257621765,-1.14934933185577,-0.0455034039914608,-0.0418818555772305,-0.690202295780182,-0.922192633152008,-0.655814528465271,-0.137121424078941,-0.158836096525192
"TCGA-A2-A0SU-01",-1.28482723236084,1.51216495037079,0.64562863111496,0.916849493980408,-0.945343792438507,-1.33136188983917,-0.019495440647006,0.430471807718277,1.32333266735077,-0.682142674922943,-0.259000360965729,0.170867964625359,-1.6135528087616,0.50234055519104,-0.24403965473175
"TCGA-E2-A1LI-01",-1.89506435394287,-3.0436475276947,-0.0770813524723053,-0.228091731667519,-0.753036975860596,-0.509263515472412,-0.0135504389181733,0.174429550766945,-1.45628190040588,-1.08516418933868,-0.608979940414429,0.533800661563873,-0.656456828117371,0.120155304670334,0.114701487123966
"TCGA-E9-A54Y-01",3.49396419525146,-0.295860856771469,-0.701874673366547,-2.01238441467285,-1.27973568439484,0.738521695137024,-0.632732629776001,-0.917465150356293,-2.1165144443512,-1.64557123184204,1.25357329845428,2.30172181129456,1.21471643447876,0.858462035655975,-1.24006700515747
"TCGA-EW-A3E8-01",1.46710646152496,0.32269698381424,0.0282431412488222,1.45123732089996,1.90055561065674,1.13944745063782,0.539907038211823,-0.240144297480583,-0.9560227394104,-1.212806224823,-0.14203268289566,0.772713899612427,0.803726017475128,-1.29546844959259,0.418313026428223
"TCGA-D8-A1XV-01",1.40748190879822,0.916592240333557,-0.819174945354462,0.702040553092957,-1.34306836128235,-1.40956211090088,-1.25625574588776,1.92757487297058,-3.41138553619385,2.70180487632751,-1.14234161376953,1.66520869731903,-1.67216205596924,2.08660221099854,2.35827684402466
"TCGA-AR-A255-01",1.89584112167358,-0.0389591008424759,0.892197608947754,-0.692597329616547,0.673652172088623,1.27263927459717,0.0378206521272659,-0.439139306545258,-0.928956031799316,0.0274355914443731,-0.641587734222412,-1.06260049343109,-0.0177226196974516,-0.478194504976273,0.941646456718445
"TCGA-GM-A4E0-01",-0.580413937568665,0.647190272808075,0.053944256156683,0.575865685939789,2.39938139915466,1.31013584136963,0.342407643795013,-0.333317488431931,-1.48318660259247,0.199579402804375,1.0387510061264,0.551561534404755,-0.626217842102051,-0.99728536605835,-0.317673534154892
"TCGA-BH-A1F0-11",-3.14504528045654,1.1223042011261,0.900377035140991,0.680642247200012,1.75662934780121,1.44345819950104,-0.827097177505493,-0.838466286659241,-0.192984282970428,0.309427708387375,-0.315711319446564,0.00030921385041438,-0.090041346848011,0.520409345626831,-0.0669546276330948
"TCGA-AR-A1AS-01",1.48760199546814,0.668750822544098,-0.908630430698395,-2.11156558990479,-1.18936860561371,-1.88802659511566,0.81082147359848,-0.428287357091904,-2.03892064094543,1.50198447704315,1.91354477405548,-0.683658719062805,0.621062040328979,0.284211784601212,0.686485171318054
"TCGA-GM-A2DB-01",-0.447990715503693,-1.5459246635437,0.708327233791351,-1.11555600166321,-0.790149033069611,1.2040034532547,2.65764570236206,0.235756680369377,0.923463344573975,1.47213852405548,0.438524484634399,1.21352529525757,0.00881364103406668,1.41209697723389,0.412787467241287
"TCGA-EW-A1PH-01",-1.61467659473419,-4.04227113723755,0.560539186000824,-2.48930764198303,0.113548278808594,-1.11790728569031,-0.694916844367981,-0.626965761184692,0.456010550260544,-0.671743154525757,0.355042517185211,0.0382504723966122,-0.447894603013992,-0.256265938282013,1.13994967937469
"TCGA-BH-A0HP-01",1.0076094865799,0.447584450244904,1.29967284202576,0.706116259098053,0.393241703510284,-0.430188149213791,0.299490034580231,-1.21281862258911,-0.711830914020538,0.465655356645584,-0.397134244441986,-0.219413578510284,0.962030112743378,-1.1880544424057,0.635030031204224
"TCGA-C8-A1HG-01",0.0371222458779812,-0.143989682197571,-1.02750170230865,-1.71391153335571,-0.897524118423462,0.403960108757019,0.143031284213066,2.02547264099121,3.23019862174988,-0.599372684955597,-0.911266148090363,0.278771728277206,-0.185157522559166,-0.14021261036396,0.548604428768158
"TCGA-A2-A0YI-01",0.310214698314667,1.02922093868256,0.400029271841049,0.795047998428345,0.246348276734352,0.162400871515274,0.34828183054924,1.45637190341949,-0.279917359352112,0.309347569942474,-1.03629314899445,0.0264729857444763,2.00680637359619,-0.786851465702057,-1.50125336647034
"TCGA-D8-A4Z1-01",-1.36124622821808,1.15286469459534,1.7317042350769,0.373452305793762,-0.718842685222626,1.03743064403534,-0.0303200166672468,-0.915190756320953,-0.155971944332123,0.685407817363739,-0.45636647939682,0.543478488922119,0.0523102544248104,-1.18678379058838,0.674202799797058
"TCGA-GM-A2DK-01",-0.181994691491127,1.10400784015656,-0.0135677177459002,0.184197694063187,2.05102920532227,0.413908958435059,-0.440372735261917,1.45322954654694,1.29910862445831,-0.568388700485229,1.35637056827545,0.139268562197685,-0.870147168636322,-0.662330627441406,0.802928686141968
"TCGA-BH-A1FD-11",-3.15861940383911,1.47653365135193,0.380169808864594,0.278792440891266,2.09704422950745,1.01763987541199,-0.849069356918335,-1.04044532775879,-0.102402061223984,0.508953511714935,-0.124895647168159,-0.360903948545456,-0.530238926410675,0.63507091999054,0.0121035473421216
"TCGA-E2-A1L9-01",-0.0905558466911316,0.880663335323334,-0.70846962928772,-0.811415255069733,0.749539434909821,-2.25830292701721,1.21106600761414,-0.441502094268799,0.552157044410706,-0.0577531196177006,0.923328340053558,-1.56633412837982,0.684248149394989,0.431097149848938,1.30494856834412
"TCGA-BH-A0BA-01",1.53186392784119,0.302138984203339,1.65553438663483,-1.13903999328613,1.57467436790466,0.642642080783844,0.596163988113403,-0.295976251363754,0.370464146137238,0.922445833683014,-1.495450258255,0.199244633316994,2.80577826499939,0.503095984458923,-2.13108325004578
"TCGA-D8-A1XY-01",-0.413464516401291,1.23141002655029,-0.683946490287781,-3.14051508903503,-2.1534264087677,0.364777058362961,-0.0755333602428436,-1.0658586025238,0.735407769680023,-0.852680802345276,0.561112761497498,-1.06448328495026,-0.479108601808548,0.0102755632251501,-1.66822338104248
"TCGA-AC-A2FF-11",-3.05652236938477,0.965837597846985,1.99257457256317,0.391009122133255,-0.856817066669464,1.01851797103882,-0.0452775470912457,-0.35927426815033,0.0730387195944786,0.746695756912231,-1.19857501983643,0.278667837381363,-0.303239047527313,0.192834883928299,0.163675412535667
"TCGA-AR-A1AL-01",-0.606265604496002,1.31313264369965,1.40026986598969,-0.335806012153625,-0.000527766533195972,-0.196753427386284,0.0719688013195992,-0.82239842414856,-0.857480645179749,0.104228898882866,-1.23436212539673,-0.310236483812332,0.244499638676643,-0.94039386510849,-0.541301965713501
"TCGA-OL-A66H-01",-0.0969904065132141,1.41839611530304,-1.19531333446503,-1.29978346824646,-0.636310935020447,-0.449847519397736,-0.33232855796814,2.51231098175049,0.81635582447052,0.0374821498990059,0.28900209069252,1.44963574409485,0.714965283870697,-0.288397699594498,-1.08125114440918
"TCGA-D8-A1J9-01",2.18281674385071,-0.341443747282028,0.0471215285360813,1.0575784444809,-1.23577737808228,0.331891983747482,1.04886281490326,0.159768372774124,0.0972975268959999,2.44543099403381,0.0712355822324753,-1.62410962581635,-1.24137902259827,0.789279341697693,-1.35908448696136
"TCGA-BH-A0B5-01",2.11399078369141,0.398941814899445,0.557669937610626,-1.03801107406616,0.874581277370453,-0.196132928133011,0.12736801803112,-0.210833519697189,-0.769799828529358,-0.320039927959442,-0.531837284564972,-1.35749089717865,1.79395246505737,-1.05909073352814,0.369507819414139
"TCGA-E2-A15K-11",-3.20416951179504,0.892865180969238,0.75397253036499,0.167167067527771,1.6340434551239,1.43943393230438,-0.681751728057861,-0.820733547210693,-0.195011824369431,0.359583228826523,1.40048110485077,0.615019559860229,-0.45358282327652,-0.393213659524918,-0.156299293041229
"TCGA-AQ-A04H-01",4.14692211151123,-0.686696827411652,-0.406117171049118,0.379079252481461,-0.11533509939909,1.57933175563812,-1.73246395587921,-0.235321432352066,-1.2421783208847,-0.925843358039856,-0.609777212142944,-0.327890843153,0.332557588815689,1.05385446548462,-1.00243639945984
"TCGA-AR-A1AX-01",-1.58172166347504,0.580211997032166,0.539085328578949,1.15556812286377,-1.31301212310791,0.558324813842773,1.57144165039062,0.375409185886383,0.681413233280182,-1.13998782634735,-1.62131690979004,0.309079736471176,0.0823761522769928,-0.367414474487305,0.16284254193306
"TCGA-BH-A0GZ-01",1.54415249824524,0.600678443908691,0.445699423551559,1.84077513217926,0.183649271726608,-0.845565319061279,-0.0412416271865368,0.608774662017822,0.470169574022293,0.370132029056549,2.19101071357727,-0.854341864585876,-1.12022244930267,0.202147290110588,0.536480367183685
"TCGA-BH-A1F6-01",-0.51961749792099,-3.45813727378845,0.508265793323517,0.954221308231354,0.367440789937973,0.293973952531815,-0.149115964770317,0.361421674489975,-0.300031125545502,-0.431077688932419,0.19153881072998,-0.825716197490692,0.946951925754547,0.828628301620483,1.43885767459869
"TCGA-AQ-A04L-01",2.64381957054138,-1.27532422542572,-0.731894731521606,0.569463431835175,-1.04353725910187,-0.190734356641769,1.82032608985901,-2.91747808456421,-0.920091986656189,1.31015396118164,-0.164982825517654,0.681498169898987,-1.10832500457764,2.49811315536499,0.889705657958984
"TCGA-AR-A1AP-01",2.00201678276062,-0.351853251457214,0.481269299983978,1.49520838260651,1.07629668712616,-0.581954598426819,0.324155330657959,-0.0871534422039986,-0.860635459423065,0.734800338745117,-0.0303723737597466,-0.965865075588226,-1.92282927036285,0.326584070920944,2.69099760055542
"TCGA-AC-A2QH-01",-0.752671539783478,-2.26948952674866,-2.8996365070343,-0.924831330776215,-1.24770569801331,0.936411201953888,-2.38097310066223,-0.936181128025055,2.43899583816528,1.92098844051361,-2.41445159912109,-0.507455587387085,1.2895439863205,-3.63172650337219,2.05874133110046
"TCGA-AR-A24M-01",0.477214395999908,1.71110558509827,0.837288975715637,-0.483423292636871,-1.31826710700989,-1.51134049892426,-0.233004033565521,0.938484668731689,-0.946378886699677,0.871023952960968,-0.111982710659504,-2.27638459205627,0.0859046131372452,0.440414041280746,-1.41433608531952
"TCGA-AR-A2LQ-01",-1.50474214553833,0.585752367973328,0.838456988334656,1.00524187088013,1.11563813686371,1.12714171409607,0.729667484760284,-0.926420331001282,-0.707565248012543,1.05148041248322,-0.134627670049667,-0.681688249111176,-0.335933327674866,-0.115852989256382,0.356369376182556
"TCGA-AC-A62Y-01",-0.828459739685059,1.24445772171021,-1.61021316051483,0.659081161022186,1.45985019207001,-2.06172776222229,0.688787698745728,1.14392983913422,-1.29412758350372,1.45880782604218,0.377458184957504,1.66261303424835,-0.841674566268921,-0.241255298256874,-0.530500590801239
"TCGA-BH-A0DQ-11",-2.88405299186707,1.60543763637543,2.00881171226501,0.715296506881714,-0.685615003108978,0.750419080257416,-0.672138571739197,-0.699418187141418,0.380861282348633,0.823123157024384,-1.12244594097137,0.792865574359894,0.402297228574753,0.77406507730484,0.0947501882910728
"TCGA-EW-A1OV-01",0.617050528526306,-1.1806812286377,-0.575654685497284,-0.121534451842308,-0.11569145321846,1.27498233318329,2.07698917388916,0.469051122665405,-0.26261442899704,-0.366940081119537,-1.02034771442413,0.517938196659088,-0.761237144470215,-1.07918977737427,-0.403951346874237
"TCGA-A2-A0CK-01",1.04423749446869,0.464296877384186,0.684032917022705,0.564638435840607,2.59799790382385,-1.63097083568573,-0.710825860500336,0.0919267237186432,1.40862560272217,-0.666448891162872,-0.41834619641304,0.409075200557709,1.20744466781616,-0.885644555091858,0.545293927192688
"TCGA-E2-A1L8-01",0.737652242183685,1.12511134147644,-1.13285100460052,-2.01041579246521,1.59332990646362,-1.00605440139771,0.792152345180511,-0.224681094288826,-1.43105626106262,-0.0549228116869926,0.531332314014435,-0.3942950963974,0.0787824392318726,-0.271027952432632,0.619453907012939
"TCGA-EW-A1PG-01",-1.34708666801453,0.867165923118591,1.32937836647034,0.0453381910920143,-1.7060878276825,0.742697060108185,0.239242434501648,-0.877430498600006,-0.438823252916336,-0.0434343777596951,0.0612691231071949,-1.12902414798737,-0.0139656066894531,-0.0778419002890587,0.357636988162994
"TCGA-EW-A1OY-01",0.884314119815826,0.221943840384483,-0.069275826215744,-2.94589972496033,-0.791842222213745,-1.37034785747528,0.449230760335922,-0.584054410457611,2.30912160873413,-1.25475835800171,-0.42357924580574,1.20445692539215,-1.72202575206757,0.430616915225983,0.898008584976196
"TCGA-A7-A26J-01",1.84445607662201,0.537309050559998,0.278979271650314,-1.54329633712769,-0.841474235057831,0.682428777217865,-0.838419616222382,0.833575963973999,0.458533436059952,0.386825680732727,-0.111747547984123,-1.47006058692932,1.59456777572632,-0.594361841678619,0.526949644088745
"TCGA-A2-A0ST-01",-2.65003037452698,-1.05124843120575,1.06729280948639,0.623237431049347,-0.960844814777374,1.12782871723175,0.897480130195618,1.86516845226288,-0.953997552394867,-1.65554356575012,-0.742071807384491,0.583384990692139,0.163134127855301,0.282675325870514,-0.421945631504059
"TCGA-D8-A27W-01",2.00683116912842,-0.422777533531189,-0.286055982112885,0.834846138954163,-0.48270121216774,1.24555921554565,-0.943835198879242,2.14445447921753,2.47109603881836,-0.00187790277414024,-1.23833847045898,0.0819506272673607,-0.739684641361237,-0.302266836166382,-0.365682661533356
"TCGA-A2-A0SW-01",1.79726505279541,-0.982001423835754,-0.65434992313385,-1.14529728889465,0.859979510307312,0.749569714069366,1.84766840934753,0.0934190675616264,-1.23943591117859,-0.548618495464325,-1.69347858428955,0.316133320331573,-1.23509407043457,0.695776641368866,-2.71763205528259
"TCGA-AO-A1KS-01",2.11090445518494,-0.484978199005127,0.470680981874466,-0.0919060334563255,0.244390189647675,-0.598407804965973,-0.134789928793907,-0.938224136829376,2.37455344200134,0.326597571372986,-2.47837400436401,-0.740796506404877,-0.561560571193695,-0.0990591943264008,2.07401514053345
"TCGA-GM-A2DL-01",1.14419496059418,0.341544300317764,-1.53845798969269,0.670855522155762,1.67355906963348,0.459232330322266,0.749487400054932,-0.709556400775909,-0.657767653465271,0.257921904325485,0.587406396865845,-0.447267323732376,-0.568257629871368,-0.563560962677002,-0.539948761463165
"TCGA-E9-A1RI-11",-3.46772885322571,1.10375452041626,-2.61519861221313,0.235793888568878,2.77954053878784,1.54426121711731,-0.930922865867615,-1.27473437786102,-0.107047356665134,0.47932380437851,-0.559190332889557,-0.694657802581787,-0.653625071048737,0.487355202436447,-0.138958662748337
"TCGA-EW-A1J6-01",0.306092739105225,0.30002173781395,-0.784672677516937,-1.18987762928009,0.454239010810852,-1.15634882450104,-0.106197468936443,0.981484532356262,2.0159695148468,-1.10462701320648,0.13638237118721,1.08682322502136,-2.59852170944214,-0.51900315284729,1.82983076572418
"TCGA-B6-A0RP-01",0.946522355079651,1.08373534679413,-1.56157636642456,-1.83256459236145,0.715995013713837,-1.66623771190643,0.818229973316193,0.308634668588638,-1.10469055175781,0.509335219860077,-0.689098000526428,-0.0714189782738686,2.24961066246033,-0.793144881725311,-0.108266390860081
"TCGA-BH-A0W4-01",0.279273629188538,1.66037130355835,0.342929273843765,-0.48034480214119,0.778083682060242,-0.561775743961334,-0.544208109378815,-1.22950959205627,0.762563288211823,-0.998451888561249,0.887744784355164,-1.39522933959961,1.30076813697815,-0.17354391515255,0.512234568595886
"TCGA-E2-A10E-01",2.49249982833862,0.298313736915588,0.382166624069214,1.50772476196289,1.80582988262177,-1.40576362609863,-0.239989385008812,0.858977973461151,-0.286305040121078,1.5323201417923,-0.3853440284729,-0.374696612358093,1.8598780632019,-0.672203779220581,-0.414723992347717
"TCGA-OL-A6VO-01",-1.49165678024292,-3.72750544548035,-0.560171186923981,-0.247013509273529,0.788265645503998,-1.57496321201324,-0.737371861934662,-0.808182418346405,0.314037442207336,-1.29152822494507,-1.08459198474884,0.727651953697205,0.82098799943924,0.105101473629475,0.376128286123276
"TCGA-D8-A1Y3-01",2.53772735595703,-0.960464358329773,-1.38814508914948,1.28394544124603,-1.63586592674255,1.21596324443817,0.26447582244873,-1.87586307525635,-0.345738649368286,-1.6190197467804,-0.155429229140282,1.28464114665985,-1.12264144420624,1.01171386241913,-0.691823244094849
"TCGA-BH-A209-11",-3.13386988639832,0.969764709472656,0.782382547855377,0.471885710954666,1.59507822990417,1.19014286994934,-0.672736763954163,-0.551478624343872,-0.00794914457947016,0.300472140312195,-0.790104866027832,-0.482077211141586,-0.220584198832512,0.58659690618515,-0.298077970743179
"TCGA-BH-A18V-06",-2.13515686988831,-2.19529795646667,-0.95296972990036,0.22455507516861,0.238343715667725,-0.27726686000824,0.72387969493866,1.92716193199158,0.065789520740509,-0.988409817218781,-0.329570651054382,-0.150959759950638,1.14804112911224,0.568215370178223,0.0355688109993935
"TCGA-A2-A0T5-01",0.184333622455597,1.05765056610107,1.38929843902588,1.09847104549408,-1.25881540775299,-1.43333232402802,0.489193230867386,-0.751531898975372,-0.773268401622772,-1.04050600528717,0.708763837814331,-0.56820410490036,-0.178987503051758,1.05958497524261,1.33660066127777
"TCGA-AN-A0XS-01",0.423344224691391,0.957302927970886,-0.469669014215469,-0.330978095531464,1.11711585521698,-0.389956951141357,0.732572913169861,-0.967717468738556,1.06744301319122,-1.81908750534058,0.0802401378750801,0.220552638173103,2.32465863227844,-0.301950246095657,-0.801811635494232
"TCGA-B6-A402-01",-2.58116745948792,-2.87400579452515,-0.159405961632729,-0.28636309504509,-1.2636604309082,-1.7743673324585,-1.33483922481537,-0.974097371101379,0.217299789190292,-0.445173621177673,1.71699333190918,0.624112665653229,-0.225037857890129,-0.458025395870209,-1.28843069076538
"TCGA-D8-A1JB-01",-0.936575055122375,0.655360102653503,1.40974831581116,0.730247616767883,-1.69592678546906,0.989854395389557,0.153330340981483,0.681509673595428,0.72945773601532,-0.439037680625916,-1.55749249458313,-0.11214405298233,-0.941301584243774,-0.764318466186523,-0.24755834043026
"TCGA-E2-A109-01",3.75326108932495,-0.656028032302856,-0.256620168685913,-1.06107079982758,-0.731193244457245,1.97350692749023,-1.10304176807404,1.80871307849884,1.20460748672485,0.951959013938904,-1.39572048187256,0.406903684139252,-0.580601990222931,-0.0427003912627697,-0.620066225528717
"TCGA-B6-A0RE-01",-1.22817993164062,-3.79976606369019,0.771718263626099,0.532717764377594,-0.55945485830307,-1.40798997879028,-0.994998514652252,0.26357501745224,-0.763431131839752,0.129955932497978,1.34995949268341,-1.17533302307129,-0.462510794401169,0.35177743434906,-0.0276976674795151
"TCGA-E9-A1RB-11",-3.16793847084045,1.13253700733185,0.221318274736404,0.0451400130987167,2.46745109558105,1.0384533405304,-0.48734724521637,-0.783582270145416,0.0942861810326576,0.373960793018341,-1.18236565589905,-0.554783225059509,-0.830138683319092,0.549835085868835,0.230122551321983
"TCGA-E2-A2P5-01",2.55239081382751,-0.53183513879776,0.246353581547737,0.0568639263510704,-0.876323819160461,0.305223196744919,0.612791240215302,-2.02237772941589,-0.742033541202545,0.136678218841553,-0.110695004463196,0.437795400619507,-0.478718787431717,-1.52054488658905,-0.325414776802063
"TCGA-OL-A66K-01",2.2821741104126,-0.0624465718865395,0.726044535636902,1.14562666416168,0.072081170976162,-1.29885303974152,0.00649194652214646,-1.3965470790863,-1.29085600376129,-0.392369508743286,-0.790733635425568,0.489571064710617,-0.369589000940323,-0.962007403373718,0.965682208538055
"TCGA-S3-AA11-01",2.45198965072632,-0.00641911197453737,0.718437433242798,-1.23045122623444,-0.439406543970108,0.1978689879179,-0.801422715187073,-0.230214819312096,0.514025688171387,1.05987417697906,0.00425695767626166,-0.176550105214119,3.09476733207703,-0.949956715106964,1.80051290988922
"TCGA-BH-A0DH-11",-2.48678112030029,1.23609185218811,1.60649871826172,0.918352067470551,1.54344570636749,1.60485219955444,-1.03857564926147,-0.989404082298279,-0.196983471512794,0.791762590408325,1.51929259300232,0.641642332077026,0.448487728834152,0.35810387134552,-0.0556270331144333
"TCGA-BH-A0HN-01",1.66028344631195,1.39815664291382,-1.14647626876831,-1.15698397159576,-1.64810073375702,-1.66596126556396,-0.0222131907939911,-1.22092974185944,-1.40387570858002,0.830138802528381,0.464615434408188,2.28791499137878,1.68059301376343,-0.348867297172546,0.0705324560403824
"TCGA-GM-A2DN-01",-0.220801457762718,0.287112414836884,1.11391007900238,0.984701454639435,-1.02351701259613,-0.287919878959656,1.34001696109772,0.930484235286713,-1.500284075737,-0.307950794696808,-0.233480498194695,-0.26145002245903,-0.0608292892575264,-0.167245805263519,0.398980975151062
"TCGA-E9-A1RD-11",-3.30325865745544,1.2036304473877,-0.507315635681152,0.396532654762268,2.63413071632385,1.33934509754181,-0.711891114711761,-0.906385838985443,-0.259485960006714,0.660758316516876,0.0735868960618973,-0.715209722518921,-0.42160901427269,0.214179053902626,-0.352119207382202
"TCGA-C8-A274-01",3.26676082611084,-0.511917650699615,-0.239480897784233,1.27433526515961,-0.604032039642334,-1.26729094982147,1.07260072231293,-0.596758604049683,0.258825719356537,2.16828989982605,-0.183319479227066,0.167154535651207,0.542422592639923,-0.266943722963333,0.0200095400214195
"TCGA-BH-A0HX-01",2.21969056129456,-0.206707328557968,0.255354762077332,-1.58174359798431,0.962497055530548,0.883554100990295,-0.702414155006409,1.44469702243805,1.51053977012634,0.219594091176987,1.17440330982208,-1.94794034957886,-0.99500572681427,-0.2267225086689,0.755329310894012
"TCGA-E9-A1NE-01",-1.2101526260376,0.860921800136566,0.496539980173111,0.196796074509621,-0.424553990364075,1.11906337738037,0.233123853802681,1.49854731559753,0.427837163209915,-1.16806983947754,-1.02843701839447,-0.65057373046875,0.192984610795975,-0.29704675078392,1.21575689315796
"TCGA-AR-A2LM-01",-0.15648752450943,1.42565727233887,0.722196340560913,0.24596081674099,-0.119974464178085,-1.34624934196472,0.196133613586426,-1.15331614017487,0.251950442790985,-0.872125566005707,-0.789713323116302,-1.50604963302612,0.834276914596558,-0.933516025543213,0.956025242805481
"TCGA-BH-A1FR-01",-1.28314197063446,1.63039684295654,-0.795727372169495,-1.65463125705719,-1.07625997066498,-0.60033905506134,-0.949256956577301,2.83181309700012,-0.243779346346855,1.06484591960907,-1.95469307899475,1.66773223876953,0.900455176830292,0.551146745681763,2.13708281517029
"TCGA-B6-A0I1-01",-1.84604394435883,-3.8818941116333,0.307293474674225,-1.11579322814941,-0.764199256896973,-1.32128608226776,-0.779797434806824,-1.16205704212189,0.179815113544464,0.622950077056885,1.75493514537811,1.72527647018433,-0.415452748537064,0.0239000432193279,0.148645922541618
"TCGA-W8-A86G-01",-0.340645551681519,1.09782600402832,1.91458690166473,0.497144401073456,0.0289347618818283,-0.951964199542999,-0.212625831365585,-1.61842131614685,-0.405070036649704,0.224444895982742,0.499181360006332,0.385835319757462,0.490674197673798,-1.39435052871704,0.797001123428345
"TCGA-PL-A8LZ-01",-2.5586724281311,-1.65884459018707,-1.01970231533051,0.287084400653839,0.612796306610107,0.478995025157928,0.334311723709106,0.42885622382164,-1.07659482955933,-0.929993212223053,-0.590124905109406,0.188061058521271,-0.412390559911728,0.634798347949982,-0.832343399524689
"TCGA-LD-A7W5-01",0.926712930202484,-0.265006899833679,0.651646733283997,0.4703468978405,0.978789031505585,1.83653926849365,0.229305699467659,0.378286361694336,-0.556735575199127,-1.29540205001831,-0.662815272808075,0.838996171951294,0.163957580924034,-0.771084368228912,0.394556164741516
"TCGA-D8-A1XU-01",1.67637240886688,0.559320271015167,0.428358435630798,0.40842279791832,-0.778804302215576,0.392230629920959,-0.0478348471224308,1.09731042385101,0.236326545476913,2.20070838928223,0.198793530464172,-0.8583824634552,-0.220870047807693,-0.886569023132324,0.164941921830177
"TCGA-A2-A04R-01",2.83165264129639,0.80828857421875,-0.0597499050199986,-2.4592137336731,-0.682350635528564,0.798652768135071,-2.0340723991394,-0.68747091293335,-0.814697802066803,-1.97592854499817,0.254906624555588,-0.563936471939087,1.87686622142792,0.968208968639374,-1.71615588665009
"TCGA-AO-A126-01",1.69427514076233,1.22076630592346,-1.25718414783478,0.846472918987274,-1.29066622257233,-0.522712230682373,-0.376325696706772,-1.20863747596741,0.359953612089157,-0.882198572158813,0.18350026011467,0.599003374576569,1.39755380153656,-1.75830233097076,0.53752988576889
"TCGA-AO-A0JM-01",2.7809009552002,-0.308555424213409,-1.004021525383,0.442929774522781,-0.217357531189919,0.754283964633942,0.141785606741905,0.521815836429596,-0.36271134018898,1.04080593585968,0.136054262518883,-0.562143981456757,-1.82774698734283,-1.25590085983276,-2.18627762794495
"TCGA-EW-A2FS-01",1.15661060810089,-0.0238143559545279,1.30232834815979,-0.362679332494736,-0.407340943813324,1.70738446712494,-0.982039391994476,1.52323234081268,-0.756685018539429,-0.793632745742798,-0.199786797165871,0.178202822804451,-1.62181293964386,-0.898708283901215,-0.0513655692338943
"TCGA-E2-A1LH-01",-2.1842942237854,-2.38136863708496,0.274951457977295,-0.281587600708008,1.57642185688019,-0.184717923402786,0.256864607334137,1.63241076469421,-0.13832214474678,-1.23224592208862,1.45138216018677,-0.0269369315356016,0.322987109422684,-0.880110800266266,0.00561797013506293
"TCGA-A2-A25D-01",0.931516766548157,0.0981578975915909,-0.122107483446598,0.700587153434753,0.497859686613083,0.333005726337433,0.706064581871033,-1.42200243473053,-0.0237812884151936,-2.66104650497437,-0.818808972835541,0.842936635017395,-1.80952537059784,0.0063193766400218,-1.10159313678741
"TCGA-E9-A243-01",-2.61833596229553,-1.28901672363281,-0.363761752843857,-0.596820116043091,-1.15213704109192,0.577979505062103,1.46958565711975,1.55151045322418,-0.5031658411026,-1.04857707023621,-0.967667162418365,-0.48074945807457,0.0786211043596268,1.22224295139313,-1.45535206794739
"TCGA-4H-AAAK-01",0.309510380029678,1.17133700847626,0.467228800058365,0.234572544693947,-0.948752045631409,-1.08154761791229,-0.0216980017721653,-1.69579327106476,0.447489231824875,-1.8147919178009,0.702910542488098,-0.889920592308044,-0.174666509032249,-0.939629375934601,0.210668504238129
"TCGA-E9-A1N6-01",0.607244372367859,-0.180596143007278,-1.4801812171936,-1.00679790973663,-1.14275741577148,0.0140511151403189,1.28019237518311,-0.473379254341125,1.86672687530518,2.08817291259766,0.509109914302826,-1.12194490432739,0.674963533878326,-0.068848617374897,1.61271476745605
"TCGA-B6-A1KI-01",-0.528628706932068,1.49933075904846,-1.06214463710785,-1.12170350551605,1.23494505882263,-1.35843586921692,0.618071019649506,0.636801421642303,-0.484293699264526,2.14646244049072,0.0199789144098759,0.0529979653656483,0.936760604381561,-0.714284360408783,-0.824666917324066
"TCGA-D8-A1X9-01",2.95100927352905,-0.0135572636500001,-1.08809185028076,-1.09930455684662,-1.39234972000122,1.12666153907776,-1.3694680929184,0.875064849853516,-0.453084498643875,-0.805286169052124,0.294058173894882,-1.77740597724915,-0.511607646942139,0.408090204000473,0.112381480634212
"TCGA-BH-A0BJ-11",-3.2326831817627,1.05849313735962,1.88441669940948,0.746130406856537,-0.824061036109924,1.11159837245941,-1.22248983383179,-1.08941197395325,0.0775706171989441,0.852778732776642,-0.488418757915497,-0.13368421792984,0.423176109790802,0.68580436706543,-0.156135946512222
"TCGA-A1-A0SB-01",-3.1899745464325,-0.811590909957886,0.812448382377625,0.122810341417789,-1.43674194812775,-0.322853624820709,-1.55690479278564,-1.94153070449829,0.510019719600677,1.41065943241119,-0.927784740924835,0.130354836583138,-0.151986643671989,-0.524371087551117,-0.789092242717743
"TCGA-E9-A1R7-11",-3.46385169029236,1.02444159984589,-0.806773781776428,0.497314184904099,2.38878297805786,1.71063148975372,-0.974797546863556,-0.84942752122879,-0.115260399878025,0.365332812070847,-0.443002790212631,-0.921756505966187,-0.492967963218689,0.307104527950287,-0.219192340970039
"TCGA-BH-A0W5-01",-0.812520503997803,0.973839282989502,0.809168636798859,0.653267383575439,0.108635194599628,0.176364049315453,1.22940409183502,0.464893341064453,0.421919852495193,-1.66464328765869,-0.314079612493515,0.0179061852395535,0.892943024635315,-0.439936935901642,-0.360522150993347
"TCGA-E2-A15I-01",-0.517199099063873,1.31701064109802,0.529958069324493,-2.39057636260986,-0.836858987808228,-1.01964509487152,0.791428864002228,0.680618762969971,0.226318627595901,0.424787610769272,-1.80826342105865,-0.426755160093307,0.350297749042511,-0.624622881412506,-1.80477011203766
"TCGA-A2-A3XY-01",-1.79851531982422,-2.7421567440033,0.131043702363968,0.203778058290482,2.08645677566528,0.310401946306229,-0.187787339091301,-0.0723879709839821,0.242539763450623,-0.5181804895401,0.533407032489777,0.179330199956894,0.237809479236603,-1.31462025642395,0.125709414482117
"TCGA-OL-A5RY-01",-1.66628336906433,-0.479049324989319,0.859407424926758,1.09648239612579,0.603829085826874,1.63055789470673,1.95665001869202,1.26944267749786,-0.414334267377853,-0.356535524129868,1.02978181838989,-0.226899281144142,0.139659881591797,0.128744602203369,-0.238751038908958
"TCGA-E9-A227-01",-1.10745692253113,1.33050084114075,-0.434723526239395,-1.62044942378998,0.704844415187836,-1.72764980792999,0.599806129932404,1.49401807785034,-0.475389212369919,0.326255142688751,-0.633645296096802,-0.417719334363937,-0.502098798751831,-0.499512940645218,-0.23039273917675
"TCGA-C8-A8HR-01",-1.47175538539886,0.719049036502838,0.568759024143219,0.322627931833267,0.140900820493698,0.870833396911621,0.363605558872223,-0.136260122060776,-0.145969346165657,-0.891603946685791,0.0477289706468582,0.0481014512479305,-0.680744826793671,-0.344763606786728,0.813931524753571
"TCGA-EW-A2FV-01",0.423522561788559,0.361775517463684,1.06261217594147,-1.44421219825745,-0.205096751451492,1.06909549236298,0.153691232204437,0.910182297229767,0.133947595953941,-0.140732422471046,-0.330190032720566,-0.751335203647614,-0.726141750812531,-0.117128387093544,-0.270839631557465
"TCGA-BH-A1FG-11",-3.43257403373718,1.35247230529785,0.960926115512848,0.463414639234543,0.620000720024109,1.14556694030762,-1.18030261993408,-1.19618690013885,-0.235480085015297,1.03273832798004,-0.169233992695808,-0.16753625869751,-0.439770609140396,0.970571994781494,-0.224515318870544
"TCGA-D8-A3Z5-01",0.0301216021180153,0.97421133518219,1.78323125839233,-0.503741443157196,1.69281327724457,-0.908306241035461,-0.147469967603683,-0.966510832309723,-0.562305867671967,0.349077016115189,-0.148351594805717,0.666122496128082,0.34364441037178,-0.832621812820435,0.302752941846848
"TCGA-BH-A1FD-01",2.53785252571106,-0.27302274107933,-1.21902871131897,1.08127844333649,-1.17663788795471,0.0362325832247734,0.14521835744381,-0.613776087760925,-0.836840033531189,1.53893387317657,-0.496217042207718,0.460111349821091,-0.0297697354108095,-0.247364833950996,0.443031042814255
"TCGA-B6-A0RV-01",0.475084543228149,0.623846352100372,1.21164095401764,1.74758684635162,-0.4283726811409,0.277026981115341,-0.243356466293335,-0.0231192652136087,0.704626977443695,-0.61876916885376,-1.39293015003204,0.377845227718353,1.10774445533752,-0.452064424753189,-0.181390881538391
"TCGA-E2-A1LA-01",0.244474157691002,0.890310943126678,-0.156012624502182,-2.24969744682312,-0.858146488666534,0.896347165107727,0.017006566748023,0.659101665019989,-0.446864008903503,-2.80038166046143,1.05892074108124,0.426177501678467,-0.559009075164795,0.325983673334122,-1.47958731651306
"TCGA-AR-A24O-01",-0.764095544815063,1.193976521492,0.581220924854279,-1.07840383052826,1.65275895595551,-0.270509630441666,0.431735217571259,0.793196499347687,-0.279406875371933,0.813714683055878,-0.823882460594177,-1.28354704380035,0.0834809988737106,-0.876963019371033,-0.962340295314789
"TCGA-EW-A2FW-01",0.389297336339951,2.10796165466309,-1.71837997436523,-0.901952505111694,-0.559823572635651,-1.59947454929352,-1.00160193443298,1.72471880912781,1.1048698425293,-0.741000771522522,0.633259296417236,0.619868099689484,0.0571382194757462,0.802947819232941,-0.378956645727158
"TCGA-GM-A2DA-01",0.00264535937458277,0.8599573969841,0.293089717626572,-2.31368637084961,0.435927838087082,0.845241785049438,0.715597152709961,0.607717335224152,-0.0518038421869278,0.141195505857468,-0.0961962044239044,0.492898166179657,-0.0799372643232346,-1.58721494674683,-2.50592184066772
"TCGA-E9-A1NH-01",0.29641130566597,1.15714168548584,-0.14105811715126,0.58927983045578,-0.119216434657574,-2.12687349319458,1.03300976753235,-0.282534688711166,-1.0162216424942,0.309416145086288,0.262757837772369,-1.38710689544678,0.601362884044647,0.184762418270111,-0.16562694311142
"TCGA-EW-A1IW-01",1.63525354862213,-0.238487839698792,1.34011650085449,2.21608662605286,1.19718480110168,0.927223384380341,0.140156328678131,-0.535850822925568,-0.0926314368844032,0.082008071243763,0.00438314583152533,-0.484493374824524,0.428782224655151,-0.0279412437230349,-0.129524722695351
"TCGA-E2-A14U-01",-1.80482971668243,1.69563341140747,2.08436155319214,0.68589973449707,-1.46295928955078,0.00673716841265559,-0.668415606021881,-1.22077584266663,0.620345532894135,0.419899761676788,0.104870229959488,1.58099663257599,0.904228270053864,0.0321184918284416,0.338753789663315
"TCGA-OL-A5RU-01",-0.469683110713959,0.538437247276306,0.390480607748032,-0.147534295916557,1.2836275100708,-0.877901911735535,1.45076787471771,1.10573279857635,-0.879149079322815,-0.0229038018733263,-0.955522656440735,0.797144830226898,-0.0774499103426933,-0.761260032653809,-0.0254853870719671
"TCGA-LL-A5YM-01",3.26079869270325,-0.3807113468647,-1.25423049926758,1.38912296295166,2.20377516746521,1.08845114707947,-1.5661209821701,1.26581764221191,-0.563865065574646,0.336967170238495,2.02793025970459,1.76621174812317,0.362164944410324,-0.144012093544006,-0.0313909240067005
"TCGA-BH-A0BS-01",-0.0957502201199532,1.76822757720947,-0.506592571735382,-1.60555934906006,0.0644259601831436,-2.0715811252594,-0.180733159184456,0.56907331943512,-1.26733672618866,1.11069357395172,-0.362802952528,-0.281000733375549,0.394209146499634,1.26574921607971,-1.24427485466003
"TCGA-AR-A2LK-01",2.3738808631897,0.409197360277176,-0.531823635101318,1.12647902965546,-0.803319334983826,-1.07990336418152,-0.265449643135071,-1.82644200325012,-1.19354426860809,-1.53956866264343,-0.232584789395332,-0.346924364566803,-2.66847157478333,0.477328568696976,-0.699808895587921
"TCGA-OL-A6VR-01",-0.305152505636215,2.19797801971436,0.779534876346588,0.798413872718811,-1.43571150302887,-0.630561292171478,-0.972865998744965,-0.500685214996338,1.60699546337128,-1.7689003944397,0.504483580589294,1.8287707567215,1.11388862133026,1.28881049156189,0.238686516880989
"TCGA-5L-AAT1-01",0.551059305667877,0.138471201062202,0.514788866043091,0.228311911225319,-0.72575306892395,0.655329465866089,1.23738574981689,0.194857239723206,-1.00455892086029,-0.426143527030945,-0.205276191234589,0.187933906912804,-0.486023932695389,-1.50469052791595,0.70468133687973
"TCGA-E9-A1NA-01",2.62531733512878,-0.712531745433807,-1.53917682170868,2.10472369194031,-0.967760264873505,1.02276301383972,-0.428865224123001,0.627609014511108,-0.10259535908699,0.548844754695892,0.659613370895386,-1.80039417743683,-0.118375368416309,0.323150485754013,0.291821181774139
"TCGA-A1-A0SJ-01",1.30672824382782,0.938618719577789,0.437723010778427,1.84791493415833,1.53026163578033,0.508931875228882,-0.832816660404205,0.427024036645889,0.601846933364868,-1.57240068912506,0.892793953418732,-0.964528799057007,-0.870960056781769,0.736746847629547,-0.338393777608871
"TCGA-D8-A1JL-01",-2.38606595993042,-2.28987097740173,-0.105567239224911,0.355474323034286,-1.23766374588013,-0.459997802972794,-0.292313635349274,0.284920305013657,0.149123996496201,-0.641774892807007,-0.332874119281769,-0.794782519340515,-0.226869940757751,-0.197448626160622,0.133203983306885
"TCGA-E2-A574-01",-1.00447845458984,-4.3012866973877,0.138762965798378,-2.11933660507202,-0.165743768215179,-1.54331481456757,-1.56196796894073,-0.619747400283813,-0.931445300579071,0.101386435329914,1.70081877708435,0.143721595406532,-1.24341797828674,-0.847553372383118,-0.134441778063774
"TCGA-BH-A0H6-01",-0.234816938638687,2.10791420936584,-1.33924663066864,-0.76110577583313,-0.373396456241608,-1.29113984107971,0.274423629045486,-1.79501640796661,1.39810574054718,-1.84949970245361,1.72736811637878,0.147387996315956,-0.402867913246155,1.20265460014343,-0.247088417410851
"TCGA-B6-A0RG-01",1.072589635849,1.44889068603516,0.331541836261749,-3.71674156188965,-1.63815259933472,0.0900487825274467,-0.905181169509888,0.359698623418808,1.84005773067474,-1.69900441169739,2.44936466217041,-0.955267012119293,1.44291567802429,2.08761858940125,-1.43096327781677
"TCGA-PL-A8LY-01",-3.33170747756958,0.929986894130707,2.14448833465576,0.671766757965088,-2.57690668106079,0.972411632537842,-0.924478530883789,-0.868995904922485,-0.0565884001553059,0.719832360744476,0.358846426010132,2.17152428627014,-0.0523476824164391,0.443201929330826,0.121201083064079
"TCGA-D8-A1XS-01",0.196211978793144,1.42091274261475,-0.801878213882446,-0.759915053844452,-1.68553042411804,-1.78669476509094,0.146990522742271,-0.833306312561035,-0.11107175797224,-1.19639706611633,-0.361245691776276,-1.03745675086975,-0.789081752300262,0.330900520086288,-0.202727928757668
"TCGA-D8-A1JT-01",2.06014156341553,0.788555443286896,-0.666589856147766,-2.10844373703003,-1.83348441123962,-0.884603798389435,-0.882309973239899,-1.17189681529999,-0.930415391921997,-2.27560186386108,0.38481080532074,-0.339490562677383,0.0795895829796791,2.69334316253662,0.230977281928062
"TCGA-B6-A0RS-01",-0.483303099870682,-1.58425712585449,-0.172044232487679,-1.22292339801788,0.74383282661438,-1.2100864648819,2.08741664886475,-0.900165498256683,0.674732983112335,0.416581183671951,-0.324422568082809,0.440262705087662,-0.481440246105194,1.21430647373199,-0.255990445613861
"TCGA-AC-A8OP-01",2.21079254150391,-0.511263191699982,0.654596328735352,-1.13230729103088,1.50431966781616,1.70750486850739,-0.787212073802948,0.413360267877579,-1.05318892002106,0.307372510433197,-0.766960978507996,-0.296856015920639,-0.535332858562469,-0.238458156585693,0.987216472625732
"TCGA-E9-A1RG-01",-0.15669384598732,0.92175567150116,-0.875984609127045,-3.10422229766846,-0.95509797334671,-0.682598829269409,0.871143341064453,-0.256515890359879,2.1867949962616,-1.32280623912811,2.22705030441284,1.7607833147049,-1.67584383487701,-0.513087093830109,0.55730676651001
"TCGA-BH-A0DP-01",1.28696203231812,0.449121177196503,1.26305294036865,1.41521787643433,1.01467847824097,-0.549389898777008,0.195390641689301,-0.499718308448792,-1.39210247993469,-0.0973258763551712,0.0587762333452702,-0.916872918605804,0.973738133907318,-0.809261679649353,0.248647972941399
"TCGA-E9-A1QZ-01",-1.1922572851181,0.949155628681183,0.318818956613541,-1.03475487232208,1.79962646961212,1.09598171710968,-0.119027689099312,0.922624349594116,-0.635217607021332,-1.13966977596283,-0.430305749177933,-0.020453717559576,-0.502688527107239,0.0552201457321644,0.300215989351273
"TCGA-GM-A2D9-01",2.34328317642212,0.12590965628624,0.400981605052948,0.364549547433853,1.4433422088623,-0.840748429298401,0.688134729862213,0.519090175628662,-0.0698890089988708,1.22972536087036,0.180944785475731,0.197020456194878,1.0328962802887,-1.24676764011383,-0.449190557003021
"TCGA-GM-A3XL-01",-1.19851768016815,-3.0434558391571,0.0698244124650955,1.58784461021423,-0.517953157424927,-0.514336884021759,0.0785791650414467,0.780478775501251,-0.458386778831482,-0.602839827537537,1.03268182277679,0.684713840484619,1.27265453338623,1.5981113910675,0.170944601297379
"TCGA-LQ-A4E4-01",3.05284905433655,-0.578157782554626,-0.280467122793198,0.0604803636670113,2.55238509178162,-0.257063299417496,0.097511924803257,-0.641529321670532,0.497751206159592,2.25308513641357,-0.558331787586212,0.910490930080414,0.565666675567627,-0.954662263393402,-2.80940055847168
"TCGA-D8-A1X7-01",-0.185219958424568,1.21120917797089,-1.40375876426697,-2.40958309173584,-0.127693235874176,-1.80784451961517,-0.0710739493370056,1.40562129020691,-2.14784383773804,0.826276004314423,-0.836398601531982,0.0433948300778866,0.177067205309868,1.40161335468292,0.413881897926331
"TCGA-AN-A0XU-01",-2.32270503044128,-2.61962676048279,0.0563140027225018,0.440531641244888,-1.16739284992218,-0.740720510482788,-0.312035620212555,0.0603666119277477,0.955411732196808,0.283191621303558,0.753797352313995,-0.273723214864731,0.598349034786224,0.210235863924026,-1.27820575237274
"TCGA-BH-A1FJ-01",2.89847445487976,0.616273641586304,-0.425072282552719,-1.30683064460754,-0.616174221038818,-1.33796882629395,-0.91461318731308,0.998447299003601,-2.11870932579041,1.25450479984283,0.0200555119663477,-1.12379217147827,1.7544424533844,0.542404115200043,-0.363093972206116
"TCGA-EW-A1J1-01",-0.320901334285736,1.94318878650665,-1.59265244007111,-3.14559650421143,-1.66967737674713,-0.773185789585114,-0.80307537317276,2.29182744026184,2.22117948532104,-1.14438009262085,-0.632474780082703,0.0382012128829956,-0.255714058876038,0.543922543525696,0.0014038699446246
"TCGA-A2-A4RX-01",-2.43372464179993,-1.49982905387878,0.709457159042358,0.833834886550903,0.437173515558243,-0.212130099534988,-0.403937369585037,0.943001747131348,0.189159065485001,0.231692403554916,1.0478550195694,-1.2961710691452,0.827093064785004,-0.812603116035461,-0.263954192399979
"TCGA-EW-A1J2-01",0.458677291870117,0.792763710021973,1.32395684719086,0.176236391067505,0.743577003479004,-0.618938505649567,0.303420782089233,-0.717316567897797,-0.817154765129089,-0.219326823949814,-0.690596282482147,-1.50386118888855,0.249498277902603,-0.310419470071793,1.0695698261261
"TCGA-BH-A0HF-01",-0.661669433116913,1.27715170383453,0.891115188598633,-0.507673323154449,1.08949458599091,-1.08726811408997,0.418594866991043,1.18777763843536,0.174137696623802,0.267752379179001,2.02509260177612,-1.25115513801575,0.904495060443878,0.921572268009186,-2.12709045410156
"TCGA-E9-A1N9-01",0.143503621220589,-0.486289650201797,0.486388117074966,0.349601030349731,-0.761327385902405,-0.393155038356781,0.588806390762329,-1.06623947620392,3.47853755950928,-0.053972601890564,-1.99399757385254,0.0232541300356388,-0.349629551172256,-0.406198561191559,-0.241761848330498
"TCGA-E2-A570-01",0.329476088285446,1.12570214271545,-0.148341849446297,-0.117147788405418,-0.61370176076889,-1.76375591754913,1.05231249332428,-1.44257152080536,0.824629902839661,-0.640347063541412,1.48407185077667,-0.0322929434478283,0.698108553886414,-0.549520909786224,1.77807104587555
"TCGA-AO-A0JG-01",1.14497721195221,0.43916779756546,0.627923369407654,0.218581631779671,0.289375841617584,0.82828962802887,-0.878084599971771,2.15928053855896,-0.559180319309235,0.360446602106094,-1.26032817363739,-0.451868146657944,-0.28919380903244,-0.451890617609024,-0.0148069728165865
"TCGA-S3-A6ZH-01",2.05087232589722,0.325999021530151,0.532999813556671,-1.7337760925293,-0.114278197288513,-0.544187426567078,-0.425651162862778,-0.443868011236191,-0.183224454522133,-1.58532249927521,0.103887371718884,0.516509771347046,-1.99130523204803,1.35374653339386,-0.406442314386368
"TCGA-D8-A1XC-01",0.43670666217804,1.47358095645905,-1.43444323539734,-0.130497023463249,-1.61726868152618,-2.27422046661377,-0.99898236989975,1.72824001312256,-2.5752329826355,2.57444739341736,-0.957130134105682,2.89339280128479,-1.15775942802429,2.2336699962616,1.25111699104309
"TCGA-AQ-A54N-01",-1.67962610721588,-3.57718086242676,-0.120387509465218,0.726203560829163,-0.678007125854492,-2.24481391906738,-1.69093787670135,-0.995006680488586,-1.15399789810181,0.460866808891296,1.04215025901794,2.15057253837585,-1.32708299160004,-0.357850760221481,0.217250987887383
"TCGA-E2-A1AZ-01",-2.09521079063416,-2.43342280387878,-0.36852639913559,-0.19920015335083,-0.234955430030823,-0.39013746380806,0.00534185487776995,0.418534427881241,-0.801268458366394,-0.896878302097321,-0.828393042087555,-0.977975010871887,-0.427934318780899,0.390782028436661,1.33704090118408
"TCGA-E9-A3HO-01",1.68646097183228,0.372572660446167,0.499786555767059,1.31193292140961,1.12447559833527,-1.95094859600067,-0.0120975645259023,-0.254347622394562,-0.73219233751297,-0.810206234455109,-0.914310276508331,1.83141255378723,-0.989904463291168,0.632419526576996,0.114812038838863
"TCGA-A7-A5ZX-01",0.0832159966230392,0.912057876586914,1.98245513439178,1.23377418518066,-0.9206223487854,-0.216391175985336,-0.306674361228943,-1.33353054523468,-0.435477942228317,0.592513799667358,-0.173477083444595,0.0135233970358968,0.167739540338516,-1.65621376037598,0.834055662155151
"TCGA-AR-A2LH-01",-1.44378077983856,0.139129444956779,1.5537496805191,0.922707200050354,-0.478217601776123,1.34980702400208,1.60967516899109,0.150557518005371,-0.732441067695618,-0.497276604175568,-0.193801566958427,0.282841086387634,-0.137465626001358,0.826048970222473,-0.185771942138672
"TCGA-LL-A6FR-01",-2.13336038589478,-3.00666975975037,0.409145593643188,-0.855045258998871,-1.21308326721191,-1.1631760597229,-1.20752358436584,-1.00037467479706,0.687403976917267,1.03367507457733,3.72364330291748,0.868241965770721,-0.72725784778595,-2.13795757293701,-0.508013606071472
"TCGA-D8-A1JM-01",-0.204396307468414,-3.9887387752533,0.455304950475693,1.99980425834656,-0.501727163791656,-0.891857862472534,-1.19331109523773,0.497345268726349,0.67530483007431,0.876013457775116,-0.548671066761017,0.515990018844604,2.10252976417542,1.80580508708954,-0.843851625919342
"TCGA-BH-A0BF-01",0.629118680953979,-0.159608244895935,-0.37344229221344,-0.197817847132683,0.0264264456927776,0.862716257572174,1.80915749073029,-0.00907043274492025,-0.913925886154175,-1.4696718454361,-0.144124031066895,-0.674886226654053,0.0583228208124638,-0.508083701133728,2.23855090141296
"TCGA-LL-A73Y-01",-2.74066591262817,-2.08403325080872,0.201333194971085,0.246024161577225,0.103049881756306,-0.812968611717224,-0.862316071987152,0.564010858535767,0.170933693647385,-0.527308881282806,-0.189107537269592,-0.271800339221954,-0.304878711700439,-2.43824768066406,-1.0665545463562
"TCGA-BH-A1FH-01",-1.59417867660522,0.947722315788269,1.11671686172485,0.456844419240952,-0.315599381923676,0.907552063465118,-0.520203649997711,-0.373114258050919,0.624635577201843,0.870037734508514,-1.31437826156616,-0.565233945846558,-1.07735967636108,-1.23310935497284,0.449877232313156
"TCGA-AC-A4ZE-01",3.25768446922302,0.0930377393960953,-0.340985119342804,0.880959868431091,2.60596752166748,-0.00638027023524046,-1.19000732898712,-0.790964722633362,-2.21158456802368,-0.119112841784954,-0.134600549936295,0.976972222328186,-0.510379672050476,0.06503726541996,-0.854327321052551
"TCGA-AR-A24U-01",-0.647774398326874,-0.791527569293976,-1.01222383975983,-0.713834762573242,1.62562036514282,1.40101540088654,2.75753974914551,0.643395781517029,-0.231753751635551,0.0997240021824837,-0.695635318756104,-0.528969883918762,-0.128251358866692,2.06376886367798,0.616784691810608
"TCGA-A7-A13G-11",-3.64257001876831,1.02666938304901,-4.49752712249756,0.351607471704483,3.21069359779358,1.93643665313721,-1.31337690353394,-1.37714886665344,-0.120487570762634,0.258714914321899,-0.639108896255493,-0.475267201662064,-0.646273612976074,-0.173469513654709,-0.14368063211441
"TCGA-A2-A0SX-01",-2.70080399513245,-1.90305948257446,-0.130504563450813,0.789191424846649,1.42522072792053,-0.958870589733124,0.377466082572937,1.01149988174438,0.340528041124344,-0.927225589752197,0.283808350563049,-1.13671839237213,-0.283166080713272,-0.0111193936318159,-0.46692556142807
"TCGA-E9-A1ND-01",-1.28410625457764,-2.40569305419922,-0.0714015886187553,0.640395283699036,-1.1356805562973,0.48020675778389,1.64089393615723,0.64728569984436,-0.03665691614151,-0.449036747217178,2.03255605697632,-0.919703185558319,1.90411579608917,3.07566046714783,-0.0139946388080716
"TCGA-BH-A0DK-11",-1.85422766208649,1.31562626361847,2.51316523551941,1.23721361160278,-0.834073662757874,0.477031320333481,-0.274165272712708,-1.4534832239151,0.48749104142189,1.48025035858154,-0.4195816218853,0.52467930316925,1.26381647586823,0.861657202243805,0.363155543804169
"TCGA-A1-A0SG-01",0.128939613699913,1.40040588378906,-0.0628854334354401,-2.09047222137451,-0.814262688159943,-0.206296801567078,0.968662559986115,-1.03345906734467,1.30106663703918,-2.48412799835205,0.429531037807465,0.32572329044342,0.97509229183197,0.234692275524139,0.0735474899411201
"TCGA-AR-A254-01",0.692908108234406,-0.204228773713112,-0.0334674119949341,1.66680324077606,0.420667976140976,-0.441521018743515,1.26105141639709,-0.452427208423615,0.299242585897446,-0.626661419868469,-0.48674687743187,-1.01027286052704,-1.31829452514648,1.21206331253052,1.12943756580353
"TCGA-LD-A7W6-01",0.970151841640472,0.998118281364441,1.26786267757416,-0.082673043012619,1.34669423103333,-1.2922340631485,-0.649423599243164,0.399420291185379,-1.15939998626709,-0.252760738134384,-0.59648185968399,-0.00646167621016502,0.722418487071991,-0.140659019351006,0.154420673847198
"TCGA-BH-A1FC-11",-2.79797220230103,1.08124589920044,0.784473776817322,0.654825270175934,1.57452011108398,1.26419723033905,0.00755773903802037,-0.7591512799263,-0.00716112460941076,0.455565363168716,0.119845405220985,0.433416962623596,0.159461945295334,0.123409129679203,-0.252512246370316
"TCGA-E9-A1NG-11",-3.52014708518982,1.18886399269104,-0.686888158321381,0.460601896047592,2.2963981628418,1.52939033508301,-0.934581518173218,-0.867305755615234,-0.182330176234245,0.563852667808533,0.352712005376816,-0.584087014198303,-0.536707878112793,0.237480252981186,-0.0675143152475357
"TCGA-D8-A1Y0-01",0.859967529773712,0.523183107376099,0.177723124623299,-0.618167817592621,-0.798916876316071,0.758355140686035,0.022859388962388,0.707450866699219,0.750121176242828,-0.219026908278465,-1.54358637332916,-0.522188663482666,1.23444795608521,-1.65314614772797,0.0737471655011177
"TCGA-LL-A5YO-01",-2.11700963973999,-0.756378054618835,0.0465742200613022,0.957128942012787,-1.23976671695709,1.18316793441772,2.71099662780762,1.18239104747772,0.804261028766632,-0.617265522480011,0.133157685399055,1.52104210853577,1.16210174560547,0.753756642341614,-0.101717472076416
"TCGA-E9-A1NG-01",-1.45408964157104,1.29711544513702,-1.45981752872467,-1.37026298046112,-2.45369958877563,0.178220123052597,0.842929005622864,0.266607671976089,0.372846573591232,0.423181593418121,2.60071110725403,-1.89632129669189,0.522710204124451,-0.430705428123474,-1.29854118824005
"TCGA-E2-A10F-01",1.5992032289505,0.401260763406754,-0.306183874607086,0.377307504415512,0.874660909175873,-0.449118793010712,0.170315936207771,-0.633368015289307,-0.818337380886078,-0.589326083660126,0.328764200210571,-1.75204885005951,0.958967685699463,-1.26950085163116,2.21395254135132
"TCGA-D8-A27H-01",-1.02467262744904,-3.26924848556519,0.217476159334183,-0.639746367931366,0.427043288946152,-1.5008043050766,-1.47101712226868,0.538417100906372,0.319949686527252,0.899954617023468,0.303366482257843,-2.47937774658203,0.786513090133667,-2.73651027679443,0.929831326007843
"TCGA-AN-A0XT-01",-1.12002515792847,1.74800384044647,-0.957488417625427,-2.07572746276855,0.117311872541904,-1.46744072437286,-0.83755224943161,1.34754598140717,0.30858901143074,-0.301812738180161,-0.300921469926834,0.45090314745903,-2.69553065299988,-0.463649213314056,-2.08640575408936
"TCGA-A2-A3Y0-01",-2.26129484176636,-2.61093258857727,0.00610747281461954,-0.834041178226471,-0.896943330764771,-0.208001255989075,1.124591588974,0.666788816452026,0.331938445568085,-0.749663174152374,3.18280935287476,0.564834356307983,-0.283097088336945,1.80943489074707,-0.0859562531113625
"TCGA-AN-A0XL-01",0.147590711712837,1.12203693389893,-0.102691918611526,-2.34009766578674,1.53178071975708,0.804700672626495,-0.315259456634521,-1.76011860370636,-0.384550243616104,-0.326708644628525,-0.537753939628601,0.0222396347671747,1.17732274532318,-0.427132159471512,-2.58924388885498
"TCGA-BH-A1EU-11",-3.30135369300842,1.2852795124054,1.1722708940506,0.627414882183075,0.785231649875641,1.10493099689484,-0.924397945404053,-1.18401479721069,-0.064738541841507,0.742979049682617,-0.739221036434174,-0.334492623806,-0.0104385362938046,1.17638874053955,-0.0477766022086143
"TCGA-AR-A0U2-01",2.06757712364197,-0.879720449447632,-0.608455538749695,-1.60757195949554,-0.735755205154419,0.744381546974182,-0.330453395843506,1.82641804218292,3.328204870224,0.848885834217072,-2.2433967590332,0.808369755744934,-1.88541221618652,1.42438137531281,-1.3348354101181
"TCGA-A7-A5ZW-01",-0.956650018692017,1.47057008743286,0.785658419132233,1.2052013874054,-1.9054571390152,-0.173260852694511,0.428528428077698,-1.0294885635376,0.479974448680878,-0.435648441314697,0.465882033109665,-0.373839557170868,1.14124989509583,-0.958531498908997,0.657231152057648
"TCGA-E9-A1RH-01",0.0695443600416183,-1.19492280483246,-1.43466448783875,-2.18760371208191,-1.76850771903992,1.88561522960663,1.82011616230011,-1.0089396238327,0.799057245254517,1.74997234344482,1.88406658172607,-0.573065102100372,1.28219735622406,2.60816168785095,1.11720895767212
"TCGA-LL-A5YL-01",1.9082133769989,-0.653864622116089,1.40666854381561,2.22347664833069,0.339766591787338,0.494217693805695,0.807389318943024,0.125873163342476,-0.765477955341339,0.342191219329834,1.20462763309479,1.17043280601501,0.398742973804474,-1.15677869319916,-0.214313730597496
"TCGA-E9-A22G-01",-1.75719034671783,-3.83781599998474,-0.249715536832809,-1.71569001674652,-0.528721630573273,-1.89500594139099,-1.59916090965271,-0.496099680662155,-0.356916189193726,-0.374691218137741,-1.07473266124725,-0.492038398981094,0.262839376926422,-0.164848282933235,-0.396430760622025
"TCGA-AR-A1AW-01",0.25457027554512,-0.545267522335052,-0.681330382823944,2.16867303848267,-0.362558931112289,1.74253034591675,1.55853354930878,0.659325778484344,-0.590488970279694,-2.09341168403625,-2.09595489501953,0.969839334487915,-0.112670287489891,-0.595107972621918,0.342816174030304
"TCGA-BH-A1EN-01",3.05438709259033,-1.23672831058502,-1.13701069355011,1.47114384174347,0.0599729456007481,0.791515469551086,0.199473097920418,0.0766898617148399,-0.930522680282593,2.5098340511322,0.294631600379944,-0.122885711491108,0.132757514715195,0.935172557830811,-1.35387575626373
"TCGA-B6-A409-01",-2.130286693573,-2.23717284202576,0.72375226020813,-0.273120641708374,-0.116636849939823,-0.341463148593903,-0.101264759898186,-0.463813334703445,-0.339797347784042,-0.298406481742859,1.97296285629272,1.10170531272888,-0.452115923166275,-0.537572622299194,-0.32714518904686
"TCGA-AR-A2LJ-01",-0.980008661746979,1.10478854179382,0.574213445186615,1.47252893447876,1.11631536483765,-0.167824849486351,0.15997052192688,-0.133490100502968,0.403805941343307,-0.900528132915497,1.03228914737701,1.14205932617188,0.327252924442291,-1.07768249511719,0.327999085187912
"TCGA-A7-A2KD-01",0.346153765916824,0.430950880050659,0.0150962295010686,-1.77031743526459,-1.35314285755157,-0.724530458450317,1.22793650627136,-0.500719428062439,0.636758804321289,-1.30366945266724,-0.0498161613941193,-0.546910405158997,-2.67860674858093,0.00484276236966252,0.130808904767036
"TCGA-EW-A1P4-01",-2.11377024650574,-2.38336539268494,-0.343323707580566,0.45185375213623,-1.11269843578339,-0.416456341743469,-0.303435862064362,1.42492055892944,0.562740921974182,-0.716498017311096,0.934730291366577,-1.60402417182922,0.849446356296539,-0.114913858473301,-0.450704216957092
"TCGA-E9-A245-01",-1.27045142650604,2.16149806976318,-0.199507057666779,-1.85062301158905,-0.587005078792572,-1.33097350597382,-1.22079241275787,2.56864833831787,0.430164039134979,1.16501879692078,-0.495820701122284,1.29213654994965,-0.691877841949463,0.76931244134903,0.61687844991684
"TCGA-E2-A1IP-01",-2.62384605407715,-1.77400767803192,0.118129692971706,-0.687147438526154,0.0526913665235043,0.0611684881150723,0.993857741355896,1.21951472759247,-0.974174320697784,-1.34922564029694,0.738701105117798,-0.0936002433300018,0.168719097971916,1.44423234462738,-0.606758534908295
"TCGA-C8-A3M7-01",0.171779975295067,-0.394530475139618,1.16507565975189,1.06795561313629,0.981081247329712,0.634597659111023,1.18827342987061,-0.528029441833496,0.181331023573875,1.36858296394348,-1.06316220760345,0.396476954221725,0.157094404101372,0.0889904648065567,-1.6145738363266
"TCGA-BH-A0DV-01",-0.790734767913818,1.10173761844635,0.269235104322433,0.386146068572998,1.18483018875122,0.164218813180923,0.713257431983948,-0.902876973152161,-0.522298574447632,0.287497878074646,-0.389575868844986,-1.18305766582489,0.38413268327713,-1.54919123649597,-0.0804830566048622
"TCGA-D8-A27T-01",0.961889147758484,0.988098680973053,-1.13874495029449,-2.32302308082581,1.10519397258759,-0.111267648637295,0.689122200012207,-0.455176144838333,-0.694117844104767,-0.64565497636795,-1.01534450054169,-0.587324738502502,0.92760044336319,-1.2515949010849,0.392393201589584
"TCGA-AO-A128-01",-2.01373481750488,-1.72996604442596,-1.39571106433868,-0.509989023208618,-1.29148817062378,0.932307422161102,1.31270849704742,1.81932938098907,-0.22347891330719,-1.14107012748718,-0.819385528564453,0.948463559150696,2.09703016281128,1.09947657585144,-0.0217087045311928
"TCGA-EW-A1J3-01",0.930926263332367,1.40404546260834,0.681979894638062,0.134267225861549,-0.131971672177315,-1.91584014892578,-0.0219257213175297,-0.473624646663666,-1.64956605434418,-0.847683131694794,0.173600673675537,-1.23735058307648,-1.71345055103302,0.268502712249756,0.520233809947968
"TCGA-AC-A2BM-01",1.76309490203857,0.691049635410309,-1.28965723514557,-0.870496869087219,-0.740972936153412,0.557543814182281,-1.51824283599854,1.31085121631622,0.570148348808289,-1.30450046062469,-0.866980373859406,0.235139012336731,0.829832315444946,0.093510739505291,2.71925163269043
"TCGA-A8-A08O-01",0.646042227745056,0.880143284797668,0.509086430072784,-1.22332429885864,0.771409571170807,-1.22566330432892,-1.2668137550354,0.17099566757679,1.88731276988983,-1.6974196434021,0.0429082326591015,-1.5437399148941,1.13021802902222,0.13829006254673,0.757422864437103
"TCGA-AO-A1KQ-01",0.576993405818939,0.984113991260529,-1.04626190662384,-2.56912899017334,-1.00675451755524,0.32671394944191,0.227608248591423,0.80485612154007,1.18379974365234,-1.79473090171814,0.23817341029644,1.52965474128723,-0.313721030950546,0.802046418190002,0.155257239937782
"TCGA-WT-AB44-01",1.21705055236816,0.0373602285981178,0.168694585561752,0.768877387046814,0.611519336700439,-1.64118766784668,1.38902008533478,-1.91890835762024,-1.41284108161926,0.525914192199707,0.580700695514679,0.863107979297638,-0.555925726890564,-0.500918865203857,0.521485269069672
"TCGA-E9-A1NA-11",-3.19029498100281,1.09379637241364,0.5285964012146,0.60527765750885,2.07249689102173,1.3698992729187,-0.733475506305695,-0.838179588317871,-0.122946441173553,0.749023020267487,0.110894992947578,-0.232509464025497,-0.115749068558216,0.622378647327423,0.0614270605146885
"TCGA-B6-A0RN-01",2.91479086875916,-0.0168306138366461,-0.52789443731308,-0.59437358379364,0.680978655815125,-1.43154740333557,0.315295070409775,-1.66552424430847,-1.69039440155029,-0.533978521823883,-1.24406015872955,-0.539108693599701,0.410798013210297,-1.3272567987442,1.47686278820038
"TCGA-A7-A3J0-01",-1.8936733007431,1.5734885931015,-0.427025198936462,-1.01175308227539,-1.17911219596863,-2.15990829467773,-0.467883944511414,2.98866653442383,-0.118966154754162,0.938197016716003,-0.64588338136673,1.66944336891174,-1.5628958940506,2.09087061882019,1.15000557899475
"TCGA-GM-A2DC-01",2.41835308074951,0.18605063855648,-1.00659537315369,-0.356811940670013,0.565004527568817,0.239584788680077,-1.56236863136292,0.623307883739471,0.441811382770538,-0.969608247280121,-0.076649472117424,0.264825701713562,0.762407004833221,0.213798850774765,2.10051321983337
"TCGA-BH-A8G0-01",-1.14423954486847,1.05039644241333,1.39992094039917,0.507794082164764,-0.00943957827985287,0.170097276568413,0.624364674091339,0.249298691749573,-1.09021377563477,-0.526796698570251,-0.481144189834595,-0.0579111948609352,0.295166730880737,-1.23177123069763,0.890397667884827
"TCGA-BH-A0DV-11",-2.9253134727478,1.32311475276947,2.01466369628906,0.288061738014221,-0.373478382825851,0.803532242774963,-0.802059829235077,-1.44475114345551,0.106318026781082,1.17448627948761,-0.830699443817139,0.0699726343154907,-0.164912953972816,1.11554551124573,-0.00168653088621795
"TCGA-E9-A2JT-01",-1.77318227291107,0.246717303991318,-1.16684186458588,1.28711438179016,1.46691870689392,1.75538980960846,1.56217324733734,1.79081976413727,-0.786193013191223,-1.48665428161621,-1.39153158664703,0.859398782253265,-0.0581103414297104,-1.09102559089661,-0.333120703697205
"TCGA-E9-A1R7-01",2.10307669639587,-0.129118278622627,-0.622452437877655,0.275508880615234,0.565698146820068,-0.0176442712545395,-0.497831016778946,1.34742772579193,0.558325529098511,1.17251062393188,-0.863886535167694,-0.856014430522919,-1.45158612728119,0.2825967669487,0.329151600599289
"TCGA-E2-A1LL-01",-0.122807875275612,-1.42890512943268,0.518259048461914,-1.58175456523895,-0.23049396276474,1.44363296031952,0.451673239469528,-0.379189699888229,-0.525469183921814,0.774329006671906,2.65547037124634,-2.03037619590759,0.663397967815399,1.72520899772644,0.906907856464386
"TCGA-E9-A1R0-01",0.55162638425827,1.26221799850464,0.0426638275384903,-1.3904390335083,1.9956887960434,0.889955580234528,-0.499089390039444,0.38347390294075,-1.32147324085236,-1.27828884124756,0.226283445954323,-0.664906203746796,0.591110646724701,-0.362392514944077,0.331013858318329
"TCGA-EW-A1PE-01",0.0768117606639862,1.22214102745056,-0.383690804243088,-0.504557371139526,0.435890167951584,-2.01938223838806,1.37465786933899,1.77709591388702,-1.045001745224,0.836698830127716,-0.313315778970718,-0.681344449520111,0.0671492889523506,-0.154402881860733,-1.9474858045578
"TCGA-A7-A6VY-01",-0.688019394874573,-2.95937943458557,0.749670505523682,0.886236906051636,-1.1610107421875,0.28912827372551,0.29787203669548,0.340062737464905,-2.49385356903076,-0.149297073483467,1.8965231180191,-0.857609331607819,-1.40502643585205,0.760437965393066,-0.200312048196793
"TCGA-A7-A426-01",0.395572423934937,0.775849640369415,1.84392654895782,-0.847594439983368,1.17379295825958,0.341604918241501,-0.319227010011673,-0.456168830394745,-0.407640546560287,0.0532906576991081,0.0786810740828514,0.496338218450546,1.3529862165451,-1.56089389324188,0.469530910253525
"TCGA-D8-A73U-01",-0.821461200714111,0.381487756967545,-0.35636967420578,1.26989543437958,-0.67456591129303,0.287346601486206,2.01181554794312,1.72181415557861,-1.1807245016098,0.218723073601723,-0.310985177755356,0.761833846569061,-0.667113900184631,-1.60857748985291,-0.92113596200943
"TCGA-E9-A54X-01",-1.22571003437042,1.91927576065063,-1.69858705997467,-0.886068761348724,-2.01660966873169,-2.13134837150574,-0.9163938164711,1.41414892673492,0.109642840921879,1.25360822677612,0.431267112493515,2.65597081184387,-0.724961578845978,1.98797559738159,1.44655668735504
"TCGA-D8-A1JN-01",3.18135643005371,-1.04140377044678,0.112697675824165,0.889917850494385,0.85183709859848,-1.37799787521362,1.40520477294922,-1.72668731212616,-0.270121335983276,2.44606971740723,-1.89143872261047,1.4688184261322,-0.677056789398193,0.177941873669624,-2.81231045722961
"TCGA-BH-A1F2-01",1.94708383083344,-0.46305587887764,-1.05245995521545,-1.66861295700073,2.14024615287781,1.32555961608887,0.532911002635956,-1.11206042766571,0.0228800680488348,1.61854934692383,-0.292540639638901,-1.36176705360413,-1.11157655715942,-0.284170717000961,-1.04628944396973
"TCGA-B6-A408-01",1.13937771320343,0.316657692193985,-0.291840642690659,-0.905763328075409,-0.809612691402435,-0.841437995433807,0.749699831008911,-0.140699803829193,1.34067678451538,-1.33466625213623,0.308207094669342,0.961686730384827,-0.891570925712585,-1.60333943367004,0.0459696464240551
"TCGA-E9-A5FK-01",0.432987630367279,0.0496333613991737,0.972833514213562,1.23718023300171,1.14023041725159,1.14329886436462,1.17504584789276,0.37075287103653,-0.448822170495987,-0.506923258304596,0.083640918135643,1.81297409534454,0.169327825307846,-1.93499898910522,0.25240159034729
"TCGA-LL-A7SZ-01",0.255249530076981,-0.0121825318783522,-0.417195081710815,-0.473898112773895,-0.900445342063904,1.01685225963593,1.3953549861908,-0.175429925322533,-0.784392058849335,-2.45639729499817,0.324949592351913,2.97114896774292,-0.771960198879242,-0.245838537812233,-0.682633519172668
"TCGA-E2-A572-01",0.976355850696564,1.42469191551208,-0.256546944379807,-1.08326148986816,0.22700235247612,-0.404062122106552,-1.16816627979279,1.66672194004059,-1.83148944377899,0.626981973648071,2.20515322685242,2.82683968544006,1.18115508556366,-0.485150665044785,-0.704110682010651
"TCGA-A2-A0YJ-01",-1.82502782344818,-3.28645944595337,-0.147440701723099,-2.37873721122742,-1.5167840719223,-1.17784941196442,-1.08698511123657,-1.20507419109344,-0.674401164054871,-0.416947841644287,1.74235844612122,0.0444037467241287,-0.52777373790741,0.866336822509766,-0.30004870891571
"TCGA-A1-A0SI-01",0.0509976595640182,0.250037223100662,-0.0132038285955787,-1.28433835506439,-0.482013136148453,-0.830813467502594,1.74625027179718,-0.0365208946168423,-1.87310743331909,0.883357346057892,-0.791215598583221,-1.16022229194641,-0.57764458656311,-0.630956470966339,-0.860256969928741
"TCGA-BH-A0E0-01",-1.34085988998413,-3.07692646980286,-0.371477067470551,-1.28315711021423,0.442624270915985,-0.955338358879089,-0.00625241547822952,0.029178611934185,0.658635377883911,-0.0499185211956501,0.747235357761383,0.776810348033905,-0.0991552248597145,1.097128033638,2.16319370269775
"TCGA-A7-A3IY-01",-2.5126359462738,1.42017650604248,0.340044647455215,0.396039545536041,-2.53994464874268,-0.244220346212387,-0.60540759563446,0.982426464557648,-0.96692568063736,0.80165046453476,1.72157764434814,0.802814722061157,-0.894509792327881,-0.101781755685806,0.959032952785492
"TCGA-EW-A1P3-01",0.848499715328217,1.08646023273468,0.413370817899704,-1.06548976898193,1.13292324542999,-1.01378309726715,0.331219345331192,0.237805098295212,-0.409170389175415,-0.724194824695587,0.895427048206329,-0.0896520093083382,0.0454320423305035,0.0638611912727356,2.6587815284729
"TCGA-AR-A24V-01",1.11530101299286,1.15098810195923,-1.18191337585449,-1.88312208652496,-2.36121606826782,0.690754354000092,-0.899871706962585,-0.689177751541138,-0.753756642341614,-1.66881668567657,1.11447250843048,-1.6503369808197,-0.611674785614014,0.872105598449707,0.365339070558548
"TCGA-BH-A1F2-11",-3.46434783935547,1.25861847400665,0.368398457765579,0.426692605018616,2.10908961296082,1.3332154750824,-1.04930150508881,-1.18212699890137,-0.0280598178505898,0.86660760641098,-0.312762647867203,-0.298801094293594,-0.405321955680847,0.67925763130188,-0.103677846491337
"TCGA-EW-A423-01",2.94095754623413,-0.410485863685608,0.323884546756744,0.899187326431274,-0.352004736661911,-0.623418688774109,0.136679470539093,-0.393363386392593,-0.718682050704956,1.04862248897552,0.120905674993992,1.72389185428619,-2.37558674812317,-1.37777173519135,-1.78256690502167
"TCGA-LD-A66U-01",0.333268463611603,1.09729945659637,1.12434685230255,0.325301915407181,0.269887030124664,-0.246777951717377,0.383783549070358,0.0887697041034698,-0.498997151851654,-0.81830507516861,0.934135794639587,1.25595355033875,0.836798071861267,-2.08993673324585,1.09330868721008
"TCGA-A7-A13F-01",2.90818071365356,0.371759235858917,0.044295959174633,-0.0359976589679718,-0.648137927055359,0.167655870318413,-1.42189717292786,0.655737400054932,-1.86613833904266,-0.551812589168549,0.577883183956146,-0.730181992053986,0.750681042671204,0.996637403964996,1.40953278541565
"TCGA-BH-A1FB-01",-1.76079845428467,1.07060313224792,1.43888187408447,0.624005317687988,-0.893764734268188,0.59314352273941,0.751633048057556,-0.32361963391304,0.507038354873657,-0.7882199883461,-1.03894817829132,-0.581138372421265,0.404103606939316,-0.472985833883286,0.570771157741547
"TCGA-BH-A0BM-01",-0.709825456142426,0.910756707191467,1.40089726448059,-0.236525252461433,2.45822262763977,-2.02894568443298,0.527835547924042,-0.259829044342041,-0.735589027404785,1.08255362510681,-0.277325838804245,-0.220714956521988,0.910894930362701,0.0375541709363461,-0.473960012197495
"TCGA-AR-A1AU-01",0.187388703227043,0.791684031486511,1.09056580066681,0.653134942054749,1.61218786239624,-0.476272761821747,-1.0968953371048,-0.0736778452992439,1.64255404472351,-0.651910126209259,0.215079501271248,-0.713941156864166,-1.86592495441437,0.283931344747543,1.10038065910339
"TCGA-A2-A0YF-01",1.10428357124329,1.53348195552826,-0.0949677750468254,-1.2575911283493,0.729719340801239,-1.36432600021362,-0.238775983452797,0.987580895423889,-1.31071197986603,-0.37263023853302,0.093638963997364,-0.211842253804207,-0.598957300186157,1.94849193096161,-2.37569975852966
"TCGA-E2-A1IE-01",2.49652743339539,0.72588312625885,-0.341352909803391,-0.881151139736176,0.871338665485382,0.459508299827576,-1.98761558532715,1.01187992095947,0.516868889331818,-0.0155921867117286,-0.246688932180405,-0.407685667276382,0.650053083896637,0.0108326869085431,0.217030897736549
"TCGA-AC-A2FE-01",0.671784937381744,0.180947974324226,0.0527236126363277,2.25691652297974,1.02397978305817,1.5126576423645,0.438278257846832,0.316886126995087,-0.79637348651886,-0.29591378569603,0.0714687928557396,0.58757621049881,0.524273097515106,-0.800822019577026,0.562538206577301
"TCGA-BH-A1FM-11",-3.17803144454956,1.41206359863281,1.11230385303497,0.394294947385788,1.26864755153656,1.15226459503174,-0.993455767631531,-1.04873704910278,0.11781644821167,0.768553555011749,-0.500138521194458,-0.305749624967575,-0.384127140045166,0.853873908519745,0.0318691208958626
"TCGA-AC-A3W7-01",0.68220329284668,0.782666027545929,1.61631655693054,1.76984214782715,0.673388481140137,-1.21168839931488,0.658953189849854,-0.856929183006287,-0.0932146832346916,1.45515429973602,0.370748341083527,-0.169967219233513,0.166080266237259,-1.54902112483978,-0.975142776966095
"TCGA-A7-A26G-01",-2.42943382263184,-1.22587466239929,-0.0456413775682449,-0.0452473424375057,-0.135670691728592,-0.249826446175575,0.50506454706192,0.545032441616058,-0.791462957859039,-0.157664716243744,-1.21132433414459,-1.36220145225525,-0.883223712444305,0.21204486489296,-0.97534304857254
"TCGA-LL-A8F5-01",-1.32030868530273,-3.03322052955627,-0.572482407093048,-0.899593472480774,-0.677770614624023,-0.303052067756653,-0.443342328071594,1.26169621944427,-0.325894206762314,0.211877897381783,1.30666863918304,-0.140775322914124,1.04419600963593,-1.22688591480255,1.3471565246582
"TCGA-A2-A4S2-01",0.766603708267212,0.666947782039642,0.248307138681412,0.894347310066223,0.514037787914276,-0.52308189868927,0.252648085355759,-0.0594606325030327,-1.25241541862488,-0.734354972839355,-0.0093893026933074,-0.150991797447205,0.464268118143082,-0.592908442020416,0.0453546792268753
"TCGA-BH-A0W3-01",1.51636838912964,1.64690828323364,-1.08864784240723,0.243328347802162,-0.391317009925842,-2.46983408927917,-0.026179913431406,-0.763177096843719,-1.20410001277924,0.182639673352242,-0.409852683544159,0.610808432102203,-0.305597513914108,0.506127238273621,-1.55899524688721
"TCGA-LL-A7T0-01",2.52675914764404,-0.382212996482849,0.405886322259903,0.847829699516296,-0.556435763835907,0.794951379299164,-0.652261555194855,-0.0982917100191116,0.977598607540131,-1.97083842754364,0.557512879371643,0.204914018511772,-0.937579751014709,0.226831674575806,-0.751311302185059
"TCGA-A7-A5ZV-01",0.75618302822113,-4.13893985748291,-0.158092170953751,1.31736302375793,-0.791250050067902,0.990968585014343,-2.02345895767212,-0.861172616481781,-0.459713518619537,0.91289746761322,2.07566142082214,0.465291053056717,1.42578113079071,-0.208181321620941,0.80889481306076
"TCGA-AO-A0JB-01",-0.480872839689255,-0.349377423524857,1.92724895477295,-2.54538345336914,0.436859667301178,-1.76711809635162,0.460955381393433,-0.662030518054962,-0.808265268802643,0.492125511169434,0.326147615909576,1.7356288433075,-2.02949786186218,-0.11578407138586,-0.565079152584076
"TCGA-BH-A0AU-11",-2.97541403770447,1.03232896327972,1.8811297416687,0.565198302268982,0.104863710701466,0.503745913505554,-1.19773840904236,-1.08099699020386,0.241744101047516,1.19382512569427,-1.11227989196777,0.852472007274628,0.290349185466766,0.859587728977203,-0.104121096432209
"TCGA-BH-A0BT-11",-2.76282238960266,1.49688398838043,2.28363442420959,0.705299079418182,-1.78641164302826,0.917215704917908,-1.07693254947662,-1.18823027610779,0.403214782476425,0.946283280849457,-0.478222668170929,0.488756537437439,0.357780545949936,0.455222249031067,0.141457915306091
"TCGA-EW-A1IZ-01",0.151766359806061,-0.16024774312973,0.261260420084,0.304754972457886,-0.988857865333557,2.04473948478699,0.696307122707367,1.79199028015137,-0.660700500011444,-1.20638716220856,-0.412926495075226,1.6023736000061,-0.347335547208786,-1.14782857894897,-0.441440969705582
"TCGA-AC-A2FG-01",-0.340994596481323,1.05203258991241,1.89016056060791,-1.44357407093048,0.991976857185364,-0.844788193702698,-0.0032818834297359,-0.836644232273102,-1.82092308998108,0.781894862651825,-0.753850638866425,-0.239026963710785,-0.666363835334778,0.196610286831856,-0.165061056613922
"TCGA-A2-A0T1-01",-1.03316164016724,-0.55563873052597,-1.04078495502472,-0.846376180648804,0.540848612785339,0.940408170223236,2.93859481811523,0.171915128827095,1.13440978527069,-0.558093130588531,-0.698768019676208,1.03479731082916,0.802046060562134,0.711518049240112,-0.532935202121735
"TCGA-AO-A0JJ-01",0.304658085107803,0.746832072734833,1.01312482357025,-0.227838143706322,1.8841108083725,-0.271041125059128,-0.221288770437241,1.37395107746124,-2.15049362182617,0.29283881187439,-1.1577981710434,-0.473117500543594,0.954290568828583,-0.254709869623184,-0.873723983764648
"TCGA-BH-A0E1-01",-0.455579221248627,1.61117923259735,0.590969681739807,1.26304793357849,-0.960020184516907,-2.3535783290863,-0.539247632026672,0.702441394329071,-0.855103015899658,0.804834485054016,-0.404767245054245,-0.00879187788814306,0.658403515815735,0.688835918903351,-0.466958254575729
"TCGA-AC-A3QP-01",-0.792228043079376,0.979632318019867,0.937613904476166,0.232801422476768,-0.0923215448856354,-0.671793520450592,0.665752589702606,-1.06056034564972,-0.0474820733070374,-0.766011893749237,0.661150991916656,0.924173474311829,0.648827850818634,-0.339686870574951,0.117428325116634
"TCGA-Z7-A8R6-01",0.717389762401581,1.56637299060822,-0.145104005932808,-1.66044998168945,-0.641367733478546,-1.7636730670929,0.346996039152145,-1.17623567581177,0.601011872291565,-2.14583373069763,1.0352977514267,-0.105281457304955,-0.144377246499062,-0.0779908001422882,-0.989186227321625
"TCGA-BH-A0AU-01",0.615642726421356,0.666788041591644,-0.657760322093964,-0.706233501434326,0.511556625366211,-0.35503813624382,-0.178416416049004,1.14889144897461,2.69492030143738,-0.779992699623108,-0.425227642059326,-0.761351644992828,1.35092282295227,-0.52220892906189,2.69355082511902
"TCGA-BH-A204-11",-3.33582019805908,1.2088303565979,-1.19147849082947,0.196156188845634,2.73151183128357,1.4320170879364,-1.09322869777679,-1.11501812934875,0.0192381013184786,0.531049787998199,-0.0846793204545975,-0.829465210437775,-0.849750220775604,-0.070255272090435,-0.160898938775063
"TCGA-BH-A1ET-01",1.1057151556015,1.07613325119019,0.158528134226799,-1.8256276845932,0.184840559959412,-0.946904838085175,0.425080448389053,-0.0970532894134521,0.97288590669632,0.592215061187744,-1.15874266624451,-0.571393430233002,1.56311345100403,-0.58419394493103,-1.16553151607513
"TCGA-BH-A1FB-11",-3.0660092830658,1.07160401344299,1.85480690002441,0.652767419815063,0.43191197514534,0.930942416191101,-0.636888206005096,-1.16801929473877,0.176862493157387,1.11805045604706,-0.818914890289307,0.286225378513336,0.0995855927467346,0.627771377563477,-0.0239433012902737
"TCGA-GM-A5PX-01",0.438607424497604,0.772036373615265,-0.448606193065643,-0.439319431781769,1.58728051185608,-0.789902210235596,0.707440495491028,-1.24773526191711,-1.06830894947052,0.0814174637198448,0.492701083421707,-0.0401151701807976,0.378396153450012,-2.19393420219421,0.732977867126465
"TCGA-BH-A0AW-01",1.41091525554657,-1.4375981092453,0.597793579101562,-0.39947909116745,0.710976123809814,0.655046164989471,2.32154035568237,0.108952097594738,1.07613790035248,0.429719269275665,-0.242779582738876,-0.685715615749359,-0.317544907331467,0.91756808757782,-0.0354319326579571
"TCGA-AR-A24N-01",2.53754901885986,-0.0208401158452034,-0.669215500354767,1.62531912326813,-0.301960021257401,-0.467377662658691,0.784719049930573,-0.97075343132019,-1.63512945175171,-0.755073487758636,-0.573425531387329,-0.455539166927338,0.0186252929270267,1.07025718688965,1.0766327381134
"TCGA-E9-A22D-01",0.667287111282349,0.662459850311279,-1.1993488073349,1.55557239055634,-1.50369644165039,0.670067131519318,0.333962768316269,2.23692560195923,-0.411708384752274,-1.32026600837708,-1.11406350135803,0.174130871891975,0.0948252752423286,-0.0479756332933903,-1.27857792377472
"TCGA-D8-A1JH-01",-0.734056413173676,1.70305359363556,0.155215501785278,0.976700127124786,-0.202768623828888,-0.23281218111515,0.0427504032850266,0.111969940364361,0.712325632572174,-0.55232310295105,0.0574831105768681,-1.07693719863892,0.167380914092064,-0.184972614049911,-0.0540935769677162
"TCGA-E9-A1RE-01",3.60365724563599,-0.322550117969513,-1.21154284477234,0.511028707027435,0.844570875167847,0.987850964069366,-1.21445095539093,-0.900318384170532,0.628190636634827,-1.39873671531677,-1.41819977760315,0.250817358493805,-1.70337116718292,0.913463771343231,-1.9904625415802
"TCGA-E2-A1BC-01",0.505462884902954,0.961477518081665,-1.01529765129089,0.422748208045959,2.41615414619446,-0.57691890001297,0.445017218589783,-0.994358062744141,-0.456984758377075,0.698490142822266,-0.210635706782341,-1.40220081806183,1.20809185504913,-0.464189857244492,-0.0392405092716217
"TCGA-BH-A0C0-01",0.350864112377167,-0.461349487304688,-0.131173342466354,1.96849358081818,-0.858659505844116,1.20271003246307,1.79018318653107,0.298842817544937,-0.623318016529083,-1.76209580898285,0.894346296787262,0.420572370290756,-0.879013240337372,1.43655216693878,-0.198020935058594
"TCGA-AR-A24X-01",1.50444495677948,0.391360402107239,-0.0294786524027586,1.46307456493378,1.05361592769623,-1.29348003864288,0.591452836990356,-0.52643758058548,-1.41975748538971,-0.899787962436676,-0.956081688404083,-1.00855827331543,0.208316639065742,0.795586585998535,1.18134021759033
"TCGA-EW-A1OW-01",-2.04907584190369,-3.52730417251587,0.117709577083588,-1.64494478702545,0.686262667179108,-1.43308281898499,-0.84077000617981,-0.902989089488983,-0.21246449649334,-0.205938503146172,-0.214824870228767,-0.737689018249512,-0.0524261221289635,-1.03635561466217,0.111801356077194
"TCGA-A7-A3RF-01",0.246689781546593,1.67955529689789,-1.89966475963593,-1.8972555398941,-1.78953170776367,-1.23277568817139,-1.40557670593262,2.13489842414856,-1.1111900806427,1.79147231578827,-0.193608522415161,2.39121031761169,-1.38516223430634,0.799939513206482,0.947823166847229
"TCGA-AC-A23C-01",0.99532824754715,0.010828522965312,0.385887891054153,0.0844400823116302,0.789561867713928,0.213087052106857,1.40094578266144,0.671866714954376,0.375913053750992,1.05760312080383,-0.252436190843582,-0.699806332588196,-0.661670804023743,-0.18644967675209,-0.688108384609222
"TCGA-AC-A23H-01",2.97873902320862,-1.14262330532074,-0.757079422473907,-0.119505651295185,-1.05475330352783,1.56393837928772,0.824951231479645,0.0587730742990971,-0.0867961272597313,2.58282089233398,0.0305952616035938,-0.989314436912537,0.16613844037056,0.849512100219727,-0.464696228504181
"TCGA-D8-A1XF-01",3.70438551902771,-0.507424354553223,-0.525668263435364,3.22557663917542,-0.578513622283936,1.34511458873749,-2.2098593711853,1.23726499080658,0.598172724246979,-0.616471469402313,-0.300554066896439,0.399800032377243,0.368042349815369,1.2248991727829,0.155321344733238
"TCGA-AR-A0U4-01",-1.62006855010986,-2.66089701652527,-1.35590207576752,1.50957930088043,0.359162390232086,0.137885883450508,-0.04659403860569,0.784054279327393,-1.61388695240021,-0.448919087648392,-0.997944116592407,-0.256813108921051,-0.475322276353836,0.605173885822296,-0.506342709064484
"TCGA-AN-A0XP-01",0.878626465797424,1.1542706489563,-1.12532424926758,-1.32691359519958,-1.18184506893158,-2.2058093547821,0.36681404709816,0.816026389598846,-2.11301350593567,1.75905919075012,0.173275977373123,-0.457838654518127,-0.0873150900006294,-0.406937301158905,-1.27627158164978
"TCGA-D8-A1XK-01",-2.25801134109497,-2.69057655334473,-1.0379593372345,1.26969993114471,-0.886531591415405,-0.546455025672913,-0.772493124008179,0.831084370613098,0.223480418324471,-0.256999969482422,0.455323904752731,-0.643683195114136,0.272020906209946,0.383866518735886,0.0527172721922398
"TCGA-EW-A6S9-01",0.709733724594116,0.794041097164154,-0.448938727378845,0.53987842798233,-1.20168423652649,-0.770998597145081,0.334439843893051,0.170674592256546,1.35687565803528,-0.631309151649475,1.15899384021759,-1.05756485462189,-0.0846199840307236,-0.226681381464005,-0.713925182819366
"TCGA-AR-A0TP-01",-1.36100828647614,-3.29080152511597,-0.0505698770284653,0.857214510440826,-0.986194372177124,-1.64353835582733,-2.34317898750305,-1.71974873542786,0.673000931739807,1.42507982254028,-1.29784452915192,0.179740190505981,2.22690677642822,-1.34112513065338,-0.805734932422638
"TCGA-AN-A0XO-01",2.11049842834473,-0.0857456400990486,0.904984176158905,-0.373636037111282,-0.849006474018097,-1.00201964378357,0.44255930185318,-1.48338043689728,0.29924413561821,1.23179423809052,1.17330420017242,-1.51142752170563,-0.216368466615677,-0.879682838916779,1.01554977893829
"TCGA-BH-A0B8-01",3.48937439918518,0.419903367757797,0.338846832513809,-0.512728869915009,1.10242164134979,1.55443954467773,-1.71777880191803,1.78059136867523,-0.0596348643302917,0.649591863155365,2.01686573028564,-0.180040523409843,1.06790542602539,1.00414800643921,0.0579009093344212
"TCGA-AO-A129-01",-2.56998634338379,-1.98597729206085,0.531170606613159,0.1761624366045,-0.624566853046417,-0.372929930686951,0.177450373768806,0.487491756677628,-1.14882469177246,-1.71544015407562,0.100452102720737,0.0806348919868469,-0.438728034496307,0.397964835166931,-0.114103741943836
"TCGA-GM-A2DF-01",-1.37899565696716,-2.6994264125824,-0.252999067306519,0.0793936774134636,1.67369890213013,0.676797330379486,0.219713896512985,1.46314346790314,-0.357447445392609,-1.10496699810028,1.27883791923523,0.257100343704224,1.29370832443237,-0.461355447769165,0.769006371498108
"TCGA-D8-A27M-01",-2.32460355758667,-1.84301018714905,0.0223442781716585,-0.862407505512238,0.980891823768616,-0.0785494446754456,0.0646210834383965,1.54400157928467,-0.743920087814331,-1.48576974868774,0.0841392874717712,-1.85035359859467,0.307802706956863,-0.0755261108279228,-0.610202014446259
"TCGA-A7-A0DC-11",-2.22241282463074,1.59645569324493,0.597800314426422,0.500897228717804,2.19241094589233,1.19847393035889,-1.20623052120209,-0.935019433498383,0.601607203483582,-0.491694986820221,0.809740781784058,-0.411645710468292,0.354846090078354,0.957508981227875,-0.237194821238518
"TCGA-OL-A66O-01",3.49350833892822,0.226823687553406,0.226378425955772,-0.967546939849854,-0.993766248226166,1.0000091791153,-1.9405266046524,0.86441558599472,-0.57403177022934,-0.651188850402832,1.09952104091644,1.5701916217804,1.48666775226593,-0.369964987039566,-0.300090342760086
"TCGA-EW-A6SA-01",4.47204542160034,-0.946327030658722,-1.46939527988434,-0.0665474981069565,-0.415481001138687,1.07128822803497,-2.4675600528717,-0.0529683195054531,-0.792563796043396,-0.180385053157806,-0.719482600688934,0.809970080852509,-0.379997700452805,0.896233320236206,0.893134713172913
"TCGA-BH-A5J0-01",1.02870666980743,0.598534405231476,-0.198011159896851,-1.32863295078278,0.160208821296692,-0.117287322878838,1.11152017116547,-0.29663810133934,0.24320150911808,-0.216925725340843,1.28787744045258,0.866368770599365,-0.0211526267230511,-2.18079328536987,-1.65505290031433
"TCGA-B6-A0WY-01",-0.0539774186909199,0.357279449701309,1.88701415061951,0.293793648481369,-1.79888641834259,0.955226540565491,-0.444277763366699,0.0241419598460197,1.71367061138153,0.57678234577179,0.0667316243052483,-0.0460062883794308,0.378877639770508,-0.865489542484283,0.317033231258392
"TCGA-AC-A3BB-01",0.173753693699837,0.765975058078766,-0.0297599118202925,0.814547479152679,2.07246470451355,0.126555010676384,1.1031186580658,0.310853570699692,-0.588676273822784,-0.59681248664856,0.0202959608286619,0.587733745574951,0.68119490146637,-1.88878321647644,-0.105672918260098
"TCGA-C8-A1HI-01",0.13993014395237,0.782557308673859,1.45238423347473,-0.1472028195858,-1.09270441532135,-0.266766279935837,-0.420293748378754,1.13144659996033,1.47806560993195,0.679071307182312,0.0726481229066849,-1.16618084907532,-1.46482443809509,-0.248879849910736,0.57473760843277
"TCGA-A1-A0SF-01",0.97253143787384,0.348029226064682,1.39290845394135,-0.342126578092575,0.568240761756897,-0.307964563369751,0.590438187122345,-0.819742619991302,-0.519052684307098,-0.663398146629333,-0.616924405097961,0.247776061296463,-1.80170440673828,-1.81355595588684,0.153845459222794
"TCGA-AR-A2LR-01",-1.66473639011383,-3.07506561279297,0.106757581233978,0.499578475952148,1.48983609676361,-0.704334855079651,-1.83669352531433,-0.782917380332947,1.45650792121887,0.632032573223114,-1.26003456115723,-0.364630848169327,-0.135903835296631,-2.51195454597473,0.142555132508278
"TCGA-E9-A1RF-01",1.7929722070694,-0.653515577316284,-0.659449875354767,-1.36148726940155,-0.0863076820969582,1.18029296398163,0.021141966804862,1.43389570713043,1.08183193206787,0.855134785175323,0.272468358278275,-1.75995409488678,-0.423985660076141,-1.01241254806519,0.830317676067352
"TCGA-B6-A0RT-01",-2.57960152626038,-1.27817749977112,-0.0623638145625591,1.12064301967621,0.21243117749691,1.0054053068161,0.791655540466309,1.92619574069977,-0.17757473886013,-1.8815770149231,-0.317967802286148,-0.0838804915547371,1.08360123634338,0.273518919944763,0.159798324108124
"TCGA-E9-A1RI-01",-0.0217447448521852,1.52035212516785,-0.150985047221184,0.765130281448364,-1.63823556900024,-0.728492915630341,-0.348563820123672,-0.209329023957253,0.00950995739549398,-0.943716645240784,0.00363501207903028,-1.78379797935486,0.513423979282379,-0.53194272518158,0.576091647148132
"TCGA-AR-A251-01",-2.03742122650146,-2.85649871826172,-0.14962100982666,-1.77353942394257,1.14983463287354,-0.851638436317444,-0.632207751274109,-0.561529278755188,1.3566290140152,-0.230921879410744,-0.191957861185074,-0.597771167755127,0.747271120548248,-0.0332598574459553,0.747044503688812
"TCGA-AC-A3TN-01",2.3898138999939,0.916810631752014,0.0600864551961422,0.907011806964874,1.10926163196564,-1.61739134788513,-0.109029941260815,-0.865279138088226,-1.24291431903839,0.3927261531353,1.19806468486786,0.663033664226532,1.27505505084991,-1.56733572483063,-0.322298496961594
"TCGA-AC-A2QI-01",0.0405057072639465,1.01485252380371,-0.325025737285614,-2.10498523712158,-0.723208904266357,-0.083537720143795,0.709890902042389,-0.395444810390472,-1.49936723709106,-0.755043804645538,-0.291951507329941,-0.162513583898544,0.737817823886871,-1.0728964805603,-1.4944634437561
"TCGA-B6-A0X4-01",-0.420607775449753,2.38136744499207,-0.834794282913208,-1.05143976211548,-1.75764298439026,-2.24803256988525,-1.94686317443848,2.88638639450073,0.347061783075333,1.56173253059387,1.21112620830536,1.07140731811523,0.123287282884121,2.26515817642212,1.29195702075958
"TCGA-E2-A1B5-01",-0.821387827396393,0.176434919238091,-0.0661959573626518,1.33585274219513,1.54822111129761,1.43758380413055,0.958764851093292,2.0050790309906,-1.19328439235687,-0.514791309833527,-0.50356388092041,0.184243589639664,-0.531083405017853,-0.125871941447258,-0.0681275799870491
"TCGA-A2-A0YH-01",-0.401795655488968,0.604678630828857,-0.671756267547607,-2.27971005439758,-1.57210791110992,0.0470132306218147,1.07243025302887,-0.405751675367355,2.45824956893921,-1.60701441764832,-0.260804772377014,0.670792639255524,-0.789415657520294,0.168370991945267,-0.523925423622131
"TCGA-E2-A15K-06",0.987984716892242,1.16542530059814,-1.41616487503052,-4.21011781692505,-1.74661338329315,-0.812188982963562,0.142916962504387,-0.580219864845276,0.567223370075226,0.303269386291504,-0.599264800548553,2.39573407173157,2.65468811988831,1.13118422031403,-4.77812480926514
"TCGA-E9-A22H-01",0.963790059089661,1.36601161956787,-0.57263708114624,-1.28340482711792,-0.630874395370483,-1.35083544254303,0.568637311458588,1.13885104656219,0.603526771068573,0.360253691673279,-0.910230875015259,-0.412410825490952,1.04862987995148,-0.171413034200668,-0.524539351463318
"TCGA-OL-A5RW-01",-2.14062404632568,-2.77304148674011,0.528111815452576,0.8276407122612,-0.669652283191681,-1.56582045555115,-0.950892090797424,0.836634039878845,1.18232095241547,0.184202536940575,2.90304636955261,-0.23023796081543,0.727463185787201,-0.511231124401093,-0.897956907749176
"TCGA-A2-A3KD-01",-0.889941453933716,1.35511493682861,1.12982583045959,-0.123232275247574,-0.802862465381622,-0.850468635559082,-0.691873133182526,0.9486323595047,-0.455054432153702,0.782820105552673,-1.03901183605194,0.70651912689209,0.60951030254364,0.191998019814491,1.75023424625397
"TCGA-E2-A56Z-01",2.23991370201111,0.648134291172028,-0.449083864688873,-0.840218901634216,0.170372739434242,-0.730867683887482,-1.27427875995636,2.34373021125793,2.12329053878784,0.17509138584137,0.518625915050507,1.62626588344574,-0.244208216667175,0.174405366182327,-0.58422315120697
"TCGA-BH-A0GY-01",0.870178878307343,-0.763305425643921,1.11109924316406,-1.11165416240692,-0.0970122590661049,-0.0941734537482262,1.26631557941437,-0.9300377368927,1.90778493881226,-0.523211419582367,1.2879832983017,-0.395633697509766,-1.54818487167358,0.389909565448761,0.239792555570602
"TCGA-AC-A2FF-01",-1.88416171073914,1.33362722396851,0.447237074375153,0.739471435546875,1.02257752418518,0.65141886472702,0.277545213699341,-0.363018393516541,0.106993839144707,-1.08075749874115,-0.692688763141632,-0.435168713331223,-0.00535426987335086,-0.329456359148026,-0.0578016750514507
"TCGA-BH-A0H3-01",0.00151349429506809,0.788780689239502,0.697583973407745,1.42169463634491,0.375023365020752,-1.11035454273224,0.375102490186691,-1.18167090415955,0.455819576978683,-0.838284552097321,-1.28876888751984,-1.13516664505005,0.66477245092392,0.146413967013359,0.491531550884247
"TCGA-A2-A25F-01",-2.49890732765198,-1.0395256280899,-1.94736742973328,0.953831732273102,1.32606947422028,1.6907331943512,0.582424163818359,1.76823496818542,-0.691552102565765,-1.9910101890564,-0.728870809078217,-0.795239210128784,0.237254217267036,-0.547752499580383,0.304461061954498
"TCGA-A7-A26F-01",0.502596437931061,-2.46842384338379,0.462648957967758,0.266913503408432,-0.865050077438354,1.29493129253387,2.01565766334534,-0.0261379741132259,-0.234691470861435,1.28095579147339,1.2864578962326,-2.60365653038025,-0.125962391495705,2.55421900749207,0.983208358287811
"TCGA-A7-A26H-01",1.82219612598419,0.146639883518219,0.0307519342750311,-0.470071792602539,1.06487560272217,-0.517552614212036,0.706774592399597,-0.113103315234184,-0.222706466913223,0.418147087097168,-0.304707765579224,-1.47034990787506,-1.0247015953064,-0.870980203151703,-0.181113466620445
"TCGA-B6-A0WT-01",0.781737267971039,1.35222768783569,0.189767047762871,-2.14272785186768,-1.10503053665161,-0.651412010192871,-0.602839350700378,0.641328811645508,1.3581508398056,-1.10770952701569,0.407108068466187,-1.18035137653351,0.893386781215668,0.0137955341488123,-0.106815792620182
"TCGA-BH-A1FE-11",-3.43386125564575,0.791363894939423,1.25875723361969,0.440386295318604,0.243910551071167,1.01417124271393,-1.16533279418945,-1.21137964725494,-0.047752570360899,0.809301495552063,-1.74875628948212,-0.263335108757019,-0.285148233175278,1.41613626480103,-0.374689131975174
"TCGA-BH-A28Q-01",1.22321486473083,1.12557423114777,-0.00387229956686497,1.36364483833313,0.321783602237701,-1.71647441387177,0.44202384352684,-0.44224825501442,-0.753936529159546,-0.870772838592529,-1.04073882102966,-0.677555859088898,-0.0133726578205824,0.605074524879456,1.27322626113892
"TCGA-B6-A1KF-01",-0.232266470789909,-4.56651020050049,0.663286507129669,-0.350588232278824,-0.569634795188904,-1.12571597099304,-0.972863256931305,-2.68276000022888,0.656419932842255,0.792346894741058,-0.46305114030838,0.239492997527122,0.936414003372192,0.842590272426605,0.800377428531647
"TCGA-S3-A6ZF-01",1.97183847427368,-0.923271298408508,0.0488558188080788,0.458054602146149,0.552641928195953,-0.343666821718216,0.607630908489227,0.0173886939883232,1.90797662734985,-0.352731168270111,-0.613802075386047,0.283147007226944,-2.29310417175293,-1.21993255615234,0.222541153430939
"TCGA-BH-A0BC-11",-3.26767754554749,0.96447092294693,1.53342008590698,0.639689266681671,1.17622303962708,1.02437150478363,-1.0664941072464,-0.933346033096313,0.0221953764557838,0.820444285869598,0.605992674827576,-0.216777488589287,0.216708660125732,1.06219136714935,-0.0981294214725494
"TCGA-WT-AB41-01",0.506414294242859,0.146054208278656,-0.46383136510849,1.54049432277679,0.714976727962494,0.713700592517853,0.0911363288760185,1.00074875354767,0.143029421567917,-1.72136902809143,0.811420738697052,2.32146978378296,-0.653829634189606,-0.704239428043365,0.707683205604553
"TCGA-AC-A62V-01",3.30102062225342,-0.280047982931137,-1.68750441074371,-1.34431445598602,0.665467739105225,2.27179312705994,-1.64337027072906,-0.126018330454826,-0.866612076759338,0.0670155212283134,1.46867144107819,1.6976306438446,0.870366156101227,0.0421830713748932,0.0465684980154037
"TCGA-UU-A93S-01",1.59489011764526,-1.97539710998535,-0.277317076921463,-2.10087990760803,-1.10698056221008,1.78842484951019,2.15259742736816,-1.44541907310486,-0.859452068805695,1.48031163215637,1.10851418972015,2.00736737251282,-0.175536155700684,2.71944952011108,1.33185791969299
"TCGA-E2-A1LK-01",0.660844445228577,-4.86662817001343,0.174432322382927,0.852311313152313,-0.602420389652252,-0.220660746097565,-1.82199621200562,-0.897624611854553,-0.968157470226288,1.06365239620209,2.20465397834778,0.336482316255569,-0.0783146619796753,-0.0512885637581348,-0.0848781391978264
"TCGA-S3-AA17-01",1.41775107383728,-0.121460512280464,-0.543951988220215,1.97105395793915,-0.865276277065277,1.06346499919891,0.547121345996857,1.35830891132355,-1.09144198894501,-1.34701073169708,-1.30892300605774,1.48525929450989,-0.208876103162766,-0.315055280923843,-1.288364364882e-05
"TCGA-BH-A209-01",-1.22684395313263,0.162196934223175,-1.38837110996246,1.15572166442871,-0.164907723665237,-0.226779192686081,1.97611320018768,0.770992577075958,0.292162299156189,-1.76984250545502,-1.23817431926727,0.922527551651001,-1.30564904212952,0.860497534275055,0.377053916454315
"TCGA-GI-A2C8-01",1.65895330905914,0.138102427124977,-0.455920815467834,0.821290969848633,-1.33497893810272,1.18096542358398,0.216732814908028,-0.547858893871307,-0.360694795846939,0.189859077334404,-0.550277650356293,-0.419612139463425,-0.423292607069016,-0.0145499529317021,0.203673422336578
"TCGA-OL-A5D6-01",0.557425558567047,-1.11474442481995,0.863918006420135,1.29030084609985,-0.551410019397736,0.838964581489563,2.44191765785217,-1.32726550102234,0.491811394691467,2.10206913948059,0.109536118805408,-0.306477308273315,0.85724401473999,1.17078709602356,0.704094886779785
"TCGA-E9-A1R4-01",0.21660889685154,0.632131278514862,-0.657046675682068,-0.547837197780609,-0.480728805065155,0.14543092250824,0.966483533382416,0.57232254743576,0.311345636844635,-1.04367911815643,0.0416718274354935,0.280198484659195,-0.994344592094421,-0.0564012229442596,-0.574118137359619
"TCGA-BH-A1FR-11",-3.23177337646484,1.29161429405212,1.32218861579895,0.52656352519989,0.152330756187439,1.32480418682098,-0.296664535999298,-0.421305626630783,0.0425742566585541,1.06891477108002,-0.792704880237579,0.198086649179459,-0.175705671310425,0.240292772650719,0.422006279230118
"TCGA-AC-A3OD-01",0.762027084827423,0.041108276695013,1.36485171318054,2.21044230461121,1.12325847148895,0.60407567024231,0.0363506264984608,0.434306353330612,-0.57879364490509,-0.0490086562931538,-0.997966229915619,-0.204519510269165,0.535257756710052,-0.148341715335846,0.503004312515259
"TCGA-E9-A1RD-01",0.545821070671082,1.80039978027344,-0.745990335941315,0.377519130706787,-1.48305690288544,-1.84902930259705,0.270370304584503,-0.190363004803658,-0.0773214846849442,0.988730847835541,-0.333057075738907,-0.93149733543396,1.41641533374786,-0.628217697143555,-1.26667070388794
"TCGA-A7-A13D-01",-1.08681893348694,-3.81184959411621,0.0560872629284859,-0.702885866165161,-0.659707903862,-0.982848823070526,-1.15713047981262,-0.24672058224678,0.234809920191765,0.879001975059509,1.18867194652557,-1.27391028404236,-0.181794792413712,-0.359209984540939,1.16077613830566
"TCGA-D8-A1XQ-01",-1.50464367866516,-2.95897102355957,-0.753250420093536,-2.55893969535828,-1.02825498580933,-0.154607236385345,-0.235367059707642,-0.427833139896393,-0.0676582157611847,-1.05550611019135,-0.32300141453743,0.666622281074524,0.615894198417664,-0.524763107299805,-0.122619807720184
"TCGA-AR-A0TW-01",2.10960125923157,-0.575230240821838,-1.51799821853638,-0.982326686382294,-1.67599534988403,1.77299702167511,-0.0842333659529686,1.69358968734741,0.17377282679081,0.244431093335152,-0.977256536483765,-0.123371995985508,-0.0248099695891142,0.0086765019223094,0.798809051513672
"TCGA-JL-A3YX-01",1.64697957038879,0.296737015247345,0.777950823307037,-0.790422260761261,0.415332823991776,-0.829344987869263,0.824078738689423,-1.77147388458252,1.51995325088501,-0.463041990995407,0.412050932645798,0.514976263046265,0.771426260471344,-0.223357945680618,2.03027558326721
"TCGA-BH-A0H7-01",2.40873193740845,-0.0221789311617613,0.419748544692993,-2.21032404899597,-1.34533858299255,1.80300498008728,-0.282485634088516,0.0185115244239569,1.87181544303894,0.155107229948044,0.703925132751465,-0.984116196632385,2.08624935150146,-0.235582485795021,-0.943643927574158
"TCGA-OK-A5Q2-01",0.553489565849304,-0.282237589359283,1.34893655776978,1.58494281768799,1.2788063287735,1.02327680587769,0.998612403869629,-0.177090734243393,-0.431634724140167,-0.0242095198482275,0.145292073488235,0.750028312206268,0.111334502696991,-1.23684334754944,0.329631894826889
"TCGA-A7-A56D-01",1.64346837997437,-0.123950749635696,-0.55600368976593,-0.478922218084335,-1.5896235704422,1.03817713260651,0.712498664855957,0.101833626627922,0.909845232963562,0.755207598209381,3.28583645820618,1.63527071475983,0.688577890396118,-1.86177706718445,0.224501863121986
"TCGA-C8-A26V-01",1.97884094715118,0.367060363292694,-0.433805048465729,1.25546407699585,-1.45751452445984,-0.661475718021393,0.584128677845001,-0.486365467309952,-1.33803844451904,0.151835203170776,0.863849401473999,-1.14875173568726,-0.387486606836319,1.78925287723541,-0.069647304713726
"TCGA-A2-A0YE-01",-2.0040009021759,-2.94860768318176,-0.252111196517944,-1.8097665309906,-0.765753209590912,-1.23957395553589,-0.637477815151215,-0.49251052737236,-0.109723791480064,0.00493662105873227,0.190172001719475,-0.363306730985641,-0.397507458925247,-0.729286789894104,0.0151680316776037
"TCGA-E2-A1LB-11",-3.24241852760315,0.658700227737427,1.9070155620575,0.48011726140976,-1.24500334262848,0.763398110866547,-1.12446427345276,-1.06069159507751,0.102252893149853,0.923025488853455,-0.864866733551025,0.754276990890503,-0.184718012809753,0.878223896026611,-0.415011018514633
"TCGA-AR-A24K-01",1.69234621524811,0.42912819981575,-0.974173367023468,1.04788994789124,-1.14485681056976,-2.68432545661926,0.384995311498642,-1.76345503330231,-0.0950504094362259,-0.67552775144577,-0.860245943069458,-0.391430646181107,-1.18436574935913,2.36803984642029,1.08265113830566
"TCGA-A1-A0SQ-01",1.50240564346313,0.999519050121307,-0.028303500264883,-1.63261473178864,0.30888044834137,-1.06084370613098,-1.49563026428223,2.17256712913513,-0.354399442672729,0.0661920234560966,-0.837323129177094,-0.286196857690811,-1.84645140171051,0.608716607093811,-1.3152494430542
"TCGA-C8-A27B-01",-2.29422760009766,-3.06531381607056,-0.64922308921814,-0.559828042984009,-1.18600189685822,-1.06056749820709,-0.17713138461113,0.790970206260681,-0.624602615833282,-0.761711120605469,-0.245887234807014,-0.583035945892334,0.414082437753677,1.38392734527588,-0.999864757061005
"TCGA-E9-A248-01",-1.79073023796082,-0.75556343793869,-0.0234404653310776,-1.4296110868454,-1.42457747459412,0.810941636562347,2.08537125587463,1.14328157901764,0.581334412097931,-1.21201193332672,-0.818289518356323,0.326916307210922,-0.57359504699707,1.40489983558655,-1.04034876823425
"TCGA-BH-A1EW-11",-1.514399766922,1.02764403820038,1.34934771060944,1.009113073349,1.29301738739014,0.593515992164612,-0.36355584859848,-0.809639096260071,0.505281984806061,0.287177413702011,-1.15554583072662,-0.284212648868561,-0.206716746091843,0.166237086057663,0.0595308989286423
"TCGA-BH-A208-11",-3.04797291755676,0.993114233016968,1.76939380168915,0.314611107110977,0.557780623435974,0.500853896141052,-1.23043477535248,-1.00521767139435,0.230717718601227,0.920310020446777,-1.10898208618164,0.0588459931313992,-0.309728771448135,0.892700135707855,-0.0460553020238876
"TCGA-A2-A3KC-01",1.09718012809753,0.360397487878799,1.24309849739075,1.61395990848541,0.416987985372543,0.338361740112305,-0.37215182185173,-0.226224109530449,-0.841495275497437,0.275510221719742,-0.383651405572891,-0.624701499938965,-0.0874901786446571,-0.92235267162323,0.0634468197822571
"TCGA-GM-A2DI-01",-1.97258257865906,1.16379964351654,0.0858219638466835,0.363170653581619,-0.631016194820404,0.658537983894348,0.920036375522614,1.40627801418304,0.143815830349922,-1.51893329620361,-0.725078165531158,-0.159188866615295,0.157340526580811,-0.913210153579712,-0.103907123208046
"TCGA-AO-A12B-01",0.163512393832207,1.66002607345581,-1.65370678901672,-1.04454481601715,-0.111287720501423,-2.78375029563904,-0.53733903169632,1.62531352043152,-0.9758660197258,0.902350902557373,-0.873216927051544,2.79064273834229,1.18396317958832,1.99562168121338,0.842159688472748
"TCGA-E9-A1RH-11",-3.42224144935608,1.04689276218414,-1.13813722133636,0.307899832725525,2.78680372238159,1.59098279476166,-0.875369250774384,-1.07041943073273,-0.0763521641492844,0.580882608890533,0.0372100472450256,-0.719651341438293,-0.664139211177826,0.124294087290764,-0.105270154774189
"TCGA-A7-A4SC-01",0.908913433551788,-0.0488887429237366,0.859512984752655,1.27746164798737,1.3961478471756,0.331458985805511,0.67271488904953,-0.606877624988556,-1.04603838920593,1.26356196403503,-1.38480365276337,-0.23405846953392,0.234101012349129,-0.438996732234955,1.25898337364197
"TCGA-BH-A208-01",-1.99672818183899,-0.468176871538162,0.324778735637665,-1.98009467124939,-1.54559314250946,0.114139460027218,1.0951486825943,-0.663581788539886,0.190007001161575,0.992951333522797,0.485644787549973,-1.52198433876038,-1.08074498176575,-0.282701790332794,-0.88965505361557
"TCGA-AR-A0TZ-01",3.87579989433289,0.0820203647017479,-0.715621590614319,2.61128163337708,-0.893854379653931,0.617030501365662,-1.50092685222626,-0.356469601392746,0.236093074083328,-0.327546924352646,-0.308402210474014,-0.943738341331482,0.165153577923775,-0.268911451101303,-0.750401854515076
"TCGA-BH-A0BS-11",-3.07274627685547,1.01780843734741,1.86173868179321,0.632289946079254,0.603141009807587,0.81088000535965,-0.952282726764679,-0.891221880912781,0.0359219796955585,0.71233057975769,-0.484046190977097,0.687636435031891,0.0948424115777016,1.01317071914673,-0.342885375022888
"TCGA-A7-A6VW-01",-0.59863269329071,-3.12782430648804,0.872501075267792,0.817612767219543,0.166443675756454,-0.749526619911194,0.574769735336304,0.54189258813858,1.377366065979,0.448459029197693,2.81418585777283,-0.188182100653648,2.82351469993591,1.04120934009552,-0.0371064282953739
"TCGA-C8-A26Y-01",-0.321864157915115,-1.43540263175964,-0.0583525709807873,-1.65465593338013,-0.880921125411987,1.0040135383606,2.32260251045227,0.948676347732544,2.02820420265198,2.01283407211304,1.19379067420959,1.03175747394562,2.64698004722595,2.32842922210693,0.451168060302734
"TCGA-BH-A1FN-11",-3.5992693901062,0.73003476858139,0.98232489824295,0.273948132991791,-0.0383480563759804,1.37738585472107,-0.629550099372864,-0.444145649671555,-0.235014483332634,-0.00583399459719658,-1.08301842212677,-0.199440106749535,-0.524320721626282,0.440780192613602,-0.0700272843241692
"TCGA-B6-A2IU-01",0.992875874042511,1.27337670326233,0.0780342891812325,-1.86219322681427,0.572308838367462,-0.959133803844452,-0.379876524209976,-0.361019998788834,-0.476474791765213,-0.878138780593872,0.0919091999530792,-0.228230103850365,1.30079901218414,-0.273071438074112,-0.698072195053101
"TCGA-C8-A26Z-01",1.66418290138245,0.67552375793457,-0.62080717086792,-3.0444221496582,-1.1658136844635,0.334085553884506,-0.8506218791008,1.03339791297913,3.60986638069153,-0.516004920005798,-0.190498128533363,-0.265842974185944,0.83412778377533,0.574481606483459,-0.932592809200287
"TCGA-D8-A27N-01",1.19845533370972,0.0510069355368614,-1.02265977859497,1.14012670516968,1.16312634944916,0.0152167687192559,0.730011105537415,0.515913963317871,-0.187864437699318,0.412816554307938,0.638181030750275,-1.81577706336975,-1.88354539871216,0.45297509431839,-1.41213929653168
"TCGA-D8-A27K-01",-0.00123956450261176,0.657673835754395,0.854681968688965,1.33476150035858,0.24599589407444,-1.72947680950165,1.15933442115784,-0.185886338353157,-1.18195915222168,-0.129475891590118,-1.44753384590149,-0.554020881652832,-0.0368526056408882,0.861872553825378,1.06660628318787
"TCGA-A2-A1G1-01",-0.694618999958038,-3.20547008514404,-0.297906279563904,-0.447684228420258,-0.827616930007935,0.368483394384384,-0.0907651260495186,0.841769456863403,-0.916440963745117,-0.108360268175602,0.449775159358978,-2.06182980537415,0.406857848167419,0.476153314113617,1.0357506275177
"TCGA-A7-A26I-01",-2.62871122360229,-1.8927743434906,-0.902285695075989,-1.30312788486481,-1.44053554534912,-0.717146754264832,-0.648598551750183,-0.532090604305267,0.742805659770966,0.106937177479267,1.14376556873322,-1.79134666919708,-0.761560559272766,0.217367172241211,1.52478551864624
"TCGA-BH-A0HK-11",-3.03613018989563,1.31188571453094,1.67591762542725,0.835495173931122,0.0914523974061012,1.21455419063568,-0.741482317447662,-0.850661277770996,-0.0334747135639191,0.831156194210052,0.460223406553268,0.173333704471588,0.458247661590576,0.356242716312408,0.049632616341114
"TCGA-BH-A6R9-01",-1.68508923053741,-0.679343044757843,-1.18256652355194,1.17709398269653,-1.97489988803864,1.21694362163544,-0.441517770290375,0.694450855255127,-0.474742472171783,0.111324064433575,1.27819788455963,-2.00170469284058,0.926458954811096,-1.2252813577652,0.450891643762589
"TCGA-LL-A73Z-01",-0.763897240161896,-0.428627222776413,2.22094488143921,1.15205466747284,0.0026875170879066,1.10246098041534,0.833801984786987,-0.725611984729767,0.507162868976593,0.801883280277252,0.430047601461411,0.865488350391388,0.189590603113174,0.402349531650543,0.240574851632118
"TCGA-E2-A9RU-01",2.95118546485901,-0.876051247119904,-0.474340409040451,2.46466374397278,-1.29062390327454,0.537839770317078,0.383454412221909,-1.35358226299286,-0.117874979972839,0.789616227149963,1.29768848419189,1.48601222038269,-0.394733935594559,0.0202738754451275,0.151615455746651
"TCGA-LD-A9QF-01",-1.47736263275146,-0.586546063423157,0.529821276664734,0.880244731903076,-0.218526646494865,1.46009850502014,2.0665328502655,1.18838608264923,0.0585574358701706,-0.30213987827301,0.839833676815033,0.118198990821838,-0.0335614942014217,0.160563737154007,0.0560886152088642
"TCGA-OL-A66P-01",-0.283329337835312,-0.918650031089783,-0.106540717184544,0.0549108870327473,-0.730171620845795,2.53366851806641,2.39627027511597,0.816978454589844,-0.157792180776596,0.26970374584198,0.290832489728928,1.60074293613434,1.70678555965424,0.733073532581329,0.661324620246887
"TCGA-E2-A1LG-01",-1.93282377719879,-1.84199142456055,0.234064355492592,-2.7729115486145,-0.949437141418457,-1.45031654834747,-0.2245162576437,0.628930926322937,0.678367972373962,0.185623690485954,2.03020048141479,-1.69810557365417,-1.11597216129303,1.00834488868713,-1.36341106891632
"TCGA-A8-A0A6-01",1.25985670089722,-0.121721185743809,1.86020028591156,2.17260527610779,0.124164909124374,0.18936762213707,0.726907074451447,0.381137102842331,-0.263957023620605,0.456339538097382,-1.26074635982513,-0.417023301124573,0.134340912103653,-0.178942456841469,-0.187321752309799
"TCGA-BH-A0HB-01",1.3963817358017,0.765153706073761,0.495682626962662,0.0751799121499062,0.849088788032532,0.0335803255438805,-0.0467096790671349,0.924824476242065,0.965635538101196,-2.19554948806763,2.841383934021,-1.14115309715271,0.303394943475723,1.40407192707062,-0.843131303787231
"TCGA-B6-A1KC-01",2.49106931686401,-0.0168959032744169,-1.5739471912384,-0.270980089902878,-0.695889413356781,0.297942042350769,-2.71960067749023,1.04937863349915,2.51374077796936,-0.200505822896957,-2.20432329177856,0.866558253765106,-0.441458940505981,0.452841848134995,1.58188998699188
"TCGA-A2-A0YD-01",0.410564661026001,0.752598822116852,0.146482676267624,1.0659773349762,1.91554808616638,-1.17594802379608,0.723267555236816,0.926416099071503,-0.350091218948364,0.628078281879425,0.290959626436234,-1.30713164806366,1.27737319469452,-1.20893847942352,0.883123636245728
"TCGA-E2-A1B1-01",-2.23865270614624,1.36627089977264,0.697510480880737,0.622561395168304,0.245994031429291,0.218682482838631,0.600106239318848,0.848512470722198,0.656176269054413,-0.425319612026215,0.115840122103691,-1.33435451984406,-0.441237509250641,0.613966584205627,-0.895326316356659
"TCGA-C8-A27A-01",2.8057107925415,-0.75592166185379,-0.648731112480164,-1.90106546878815,-1.03346610069275,0.903012454509735,-2.17178320884705,2.59248876571655,2.51836395263672,1.28777277469635,-1.66729044914246,0.689924478530884,0.0350707396864891,0.826436102390289,0.124471299350262
"TCGA-D8-A1JI-01",2.06522083282471,1.3625260591507,-1.48098850250244,-2.82347011566162,-0.601244568824768,-0.177022397518158,-1.40791141986847,0.780842781066895,-1.09654474258423,-0.0429784059524536,-0.841705918312073,1.43888866901398,1.89147353172302,0.412914574146271,0.822602272033691
"TCGA-A2-A0T7-01",0.336394459009171,-0.434108793735504,1.77976906299591,-0.113823413848877,-0.830189943313599,0.784997701644897,0.42278265953064,-0.363054245710373,2.56787085533142,1.38987684249878,0.0134993577376008,-0.200547024607658,0.210330292582512,-0.740680873394012,0.603096544742584
"TCGA-E9-A1N3-01",-1.01140284538269,1.90563189983368,-1.47240507602692,-2.05308127403259,1.1380215883255,-2.0314884185791,-0.973232984542847,2.91316032409668,0.580189526081085,1.97825169563293,-1.02954983711243,1.422039270401,-0.374829143285751,1.27747964859009,1.08523619174957
"TCGA-OL-A6VQ-01",-0.0315633937716484,1.3009284734726,1.13289940357208,-0.731555223464966,0.655158638954163,-0.74880987405777,0.472802191972733,-0.168619647622108,-0.737341046333313,-0.311859786510468,-0.0252814162522554,-0.585883021354675,0.0746268406510353,-1.1943279504776,1.11042273044586
"TCGA-BH-A0AZ-11",-3.03435587882996,1.56218981742859,2.03210687637329,0.567309081554413,-1.52002274990082,0.849838376045227,-0.95863002538681,-1.10020077228546,0.377006888389587,0.869848549365997,-1.29754769802094,0.227407917380333,-0.119612291455269,0.414425849914551,0.107235610485077
"TCGA-LL-A442-01",-0.330435186624527,2.08481502532959,-2.32365798950195,-1.91310954093933,-2.10132336616516,-1.33464276790619,-0.942639052867889,0.349008500576019,-0.0598861835896969,-0.0217890702188015,0.134584739804268,2.56729006767273,0.00563228782266378,1.59046006202698,-1.6212592124939
"TCGA-D8-A1JC-01",0.826437652111053,0.465253949165344,0.221872091293335,-2.99824285507202,-1.80608451366425,1.00316536426544,-0.0202998388558626,0.102077886462212,2.3525025844574,-0.352778673171997,0.911979615688324,-0.582752704620361,-1.14199805259705,-0.0634603276848793,0.0242145285010338
"TCGA-EW-A6SD-01",-0.792423129081726,-0.853745520114899,-0.572983801364899,0.786947011947632,-1.3100574016571,-0.465077459812164,2.92080569267273,-0.429652690887451,2.0475001335144,0.279346078634262,0.462629735469818,0.665036559104919,-1.01682019233704,2.29978013038635,0.0227664206176996
"TCGA-A1-A0SP-01",-1.02928161621094,-2.82129073143005,0.430925190448761,0.899183869361877,0.534215092658997,-0.612566232681274,-0.362035512924194,0.502297043800354,0.503540992736816,-0.716966331005096,-0.504615187644958,-0.47014394402504,0.788890659809113,0.104594938457012,-1.23237550258636
"TCGA-AC-A6IV-01",-0.172851592302322,0.564009547233582,-0.109219714999199,-0.0173499379307032,2.38215517997742,1.13034081459045,-0.42537659406662,1.01044166088104,0.056225448846817,-0.432939857244492,0.491032272577286,-0.70514714717865,-0.570238590240479,-0.858663082122803,0.862639904022217
"TCGA-C8-A1HE-01",1.54153370857239,1.07828843593597,0.307303190231323,2.23864793777466,0.113027460873127,-2.06072521209717,0.328685969114304,0.381028920412064,-0.709058463573456,1.39527869224548,-0.598755300045013,-0.000809315359219909,0.921880662441254,-0.657040357589722,-1.23477745056152
"TCGA-OL-A66I-01",-0.982753217220306,-2.82789635658264,-0.276408106088638,1.88627481460571,0.102801308035851,0.924436807632446,-0.342882692813873,1.23722922801971,-0.76786196231842,-0.883410334587097,0.49564203619957,-0.0264322981238365,0.762873351573944,-1.29989552497864,0.368222564458847
"TCGA-E2-A1IG-01",2.13150548934937,0.448255032300949,0.0770860835909843,-1.34958100318909,-0.772090554237366,-0.244174271821976,-1.61837935447693,1.22444307804108,-0.167400047183037,-0.391523987054825,1.39204084873199,-1.79801547527313,-2.09094500541687,0.00995964743196964,0.250646501779556
"TCGA-AR-A24Q-01",-2.02029943466187,-2.56306433677673,-0.0139334900304675,-0.70415335893631,-0.796215772628784,-1.01285588741302,-1.01049602031708,-0.090571366250515,0.248814091086388,-0.610426902770996,-1.55786335468292,-0.875557541847229,0.284184843301773,-2.58529734611511,-0.446524530649185
"TCGA-E2-A1B4-01",0.806994497776031,1.71546387672424,0.102969855070114,-1.31509447097778,-1.48978781700134,-1.63298845291138,-0.146587684750557,-1.34706091880798,-0.662417709827423,-0.636462211608887,1.11447691917419,0.0544929914176464,1.48553895950317,-0.509484946727753,-1.15456581115723
"TCGA-A1-A0SK-01",-1.75814628601074,-2.35774350166321,-0.191080644726753,0.227197229862213,-1.39554977416992,-1.59942293167114,-1.63455617427826,-0.359822332859039,2.30308961868286,0.737877488136292,-1.92825496196747,1.03867959976196,-0.954635500907898,-0.33508625626564,-0.344610184431076
"TCGA-BH-A0BA-11",-2.85779333114624,0.908786952495575,1.5765016078949,0.836934089660645,1.51176774501801,1.20854783058167,-0.654500603675842,-0.545738816261292,0.196654543280602,0.887049794197083,-0.573079943656921,0.11789658665657,0.315980136394501,0.68625408411026,-0.212942287325859
"TCGA-OL-A66L-01",1.66025161743164,0.0858712270855904,0.801119804382324,0.532164037227631,2.34567260742188,0.157155677676201,0.373925805091858,-0.200334131717682,-1.87658607959747,0.537532687187195,1.36231136322021,1.65398406982422,0.774440228939056,-2.50123357772827,1.32382309436798
"TCGA-A2-A4S3-01",-0.624825775623322,0.0677556097507477,-0.82356059551239,-1.55685806274414,-0.652805328369141,-0.0623340718448162,1.05878102779388,0.786426186561584,3.13456225395203,-0.489445358514786,0.041693489998579,0.942205667495728,-1.47672617435455,-0.406071126461029,0.403034061193466
"TCGA-AR-A5QM-01",1.55198764801025,0.0769770219922066,0.806136012077332,0.551999568939209,1.4124048948288,1.17648959159851,0.161366820335388,0.769656300544739,-0.629843950271606,1.13859724998474,-0.0376241914927959,0.256511211395264,1.04304730892181,-1.40735387802124,0.155738994479179
"TCGA-AR-A0TR-01",1.10778141021729,1.1091376543045,-1.24355232715607,-0.592627227306366,-0.233118787407875,-2.43757367134094,-0.0694690272212029,1.8072601556778,-0.640435218811035,0.944513022899628,-2.06075167655945,2.28428411483765,0.516991972923279,-0.0857542753219604,-1.6945344209671
"TCGA-D8-A27V-01",0.695650994777679,0.799771666526794,1.1846262216568,-2.2305645942688,-0.663118124008179,0.0698320418596268,-0.0692524239420891,-0.615076422691345,-1.05895054340363,-0.00244046375155449,-0.212534785270691,-1.67543518543243,0.304642707109451,-0.679111301898956,-1.79252505302429
"TCGA-A2-A3XS-01",-0.711972832679749,-3.96971583366394,1.47661149501801,-0.0928430706262589,0.283717066049576,-0.441490709781647,-0.419172197580338,-0.158245369791985,0.907377064228058,0.254096686840057,0.199689120054245,1.1185427904129,1.42252206802368,-1.40743017196655,1.36393344402313
"TCGA-BH-A0E1-11",-2.81928539276123,0.491107553243637,2.30043792724609,0.805789113044739,-1.26652312278748,0.563927710056305,-1.4269026517868,-1.1396849155426,0.0026565499138087,0.748353660106659,-0.80942314863205,1.03007018566132,0.811080157756805,1.08138418197632,-0.524874210357666
"TCGA-BH-A1EN-11",-3.03008842468262,1.05847930908203,0.239166408777237,0.637525081634521,2.32544612884521,1.73053431510925,-0.481428653001785,-0.716969072818756,-0.15543819963932,0.726080596446991,-0.00392454396933317,-0.291812598705292,-0.441803842782974,0.198404282331467,-0.0397324226796627
"TCGA-EW-A424-01",2.0719108581543,0.282847136259079,1.46264386177063,2.04693603515625,-0.587536036968231,-0.0182267129421234,-0.602500796318054,-1.50945448875427,-1.17349624633789,-0.313462048768997,0.499073892831802,0.665364384651184,-0.23903027176857,-1.38795077800751,1.33802676200867
"TCGA-S3-AA12-01",2.37642359733582,1.32324874401093,-1.72566068172455,-3.34298372268677,-2.87121224403381,1.64726078510284,-1.84850907325745,-1.25591635704041,0.430453926324844,-2.72487783432007,0.303270399570465,2.03104329109192,1.78406703472137,2.40077114105225,-1.23526954650879
"TCGA-AC-A2QJ-01",-2.33521056175232,-1.17957246303558,-1.18626534938812,-1.16998171806335,-1.63480949401855,0.757165789604187,-0.112903140485287,0.252377390861511,-0.28741067647934,0.631827533245087,4.11729955673218,0.150377377867699,0.28409531712532,-1.68326818943024,1.3371866941452
"TCGA-EW-A3U0-01",-2.36311101913452,-2.07928252220154,0.00567285623401403,-0.236753076314926,1.4494194984436,0.356665372848511,0.103686891496181,0.819104194641113,-0.559976041316986,-1.57591581344604,-0.731249332427979,0.640718460083008,-0.425658822059631,-0.64424866437912,-0.629970967769623
"TCGA-E9-A228-01",2.41243886947632,-0.202934369444847,-1.53732550144196,0.768613398075104,-0.919560551643372,1.23572838306427,-2.26604866981506,1.40911769866943,1.08923316001892,0.662198066711426,-1.22363650798798,-0.0154799520969391,-1.64733064174652,-0.58202737569809,0.500557780265808
"TCGA-AO-A12C-01",1.96672856807709,0.304711610078812,0.544733107089996,-0.38580197095871,-0.172862142324448,-0.402885943651199,-1.30570507049561,1.79301857948303,1.98877286911011,1.16694962978363,-0.533415257930756,-2.22885990142822,0.90945839881897,-1.13393223285675,0.87283730506897
"TCGA-D8-A1XM-01",-0.172472074627876,1.1396187543869,-0.262104690074921,0.149469196796417,1.63642799854279,-0.877239346504211,0.274909138679504,0.476508766412735,0.106880202889442,-1.02194285392761,-0.181156620383263,-1.70851111412048,-0.803451001644135,0.0095080928876996,1.5345311164856
"TCGA-AO-A125-01",2.76527905464172,0.77655953168869,-0.664894759654999,-0.473034113645554,-0.939052402973175,-2.36735248565674,-0.375909864902496,-1.16175556182861,-2.14202427864075,0.599883079528809,0.671253681182861,2.29814767837524,1.93555748462677,1.43696010112762,0.608231246471405
"TCGA-BH-A0B2-01",0.280730247497559,0.285463273525238,0.651657700538635,1.57567298412323,1.58458340167999,-0.8824462890625,1.31403934955597,-0.963166952133179,0.0926980748772621,-0.8591228723526,-0.827565908432007,0.00503752334043384,-0.140421405434608,-0.0148683395236731,0.792415082454681
"TCGA-E2-A1IL-01",-0.0913929492235184,1.34487760066986,-0.301240772008896,-1.23117995262146,2.16020035743713,-2.34646248817444,0.417752355337143,-0.381447196006775,1.37202215194702,1.23060834407806,0.169853433966637,-0.420602589845657,0.404780834913254,-0.656571805477142,-0.946268022060394
"TCGA-E2-A576-01",3.56135845184326,-0.461491405963898,0.347284644842148,1.85135805606842,1.063236951828,0.845003008842468,-0.62031102180481,-0.941961228847504,0.34685680270195,-1.06695079803467,0.921712040901184,2.01687049865723,-0.302765101194382,-0.879253268241882,-0.880455613136292
"TCGA-3C-AALK-01",1.70580625534058,0.175487250089645,1.3765344619751,0.629812836647034,-0.611353874206543,0.526497781276703,0.193395927548409,-0.289954781532288,-0.315641671419144,0.268225282430649,0.0480640903115273,-0.762158334255219,0.496903657913208,-1.04845631122589,1.11865019798279
"TCGA-AR-A1AT-01",1.23210203647614,-1.02273142337799,-0.211755469441414,0.865949809551239,-0.199676692485809,0.181731030344963,2.11675763130188,-0.459138035774231,-1.10517263412476,0.254006862640381,-1.87693011760712,0.542114615440369,-0.177356615662575,0.835504591464996,1.51231813430786
"TCGA-A2-A1G4-01",2.23896408081055,0.545887112617493,-0.455652594566345,2.00749444961548,0.664834976196289,-0.457386702299118,-0.826652884483337,0.18133869767189,0.420868068933487,-1.61837708950043,-1.06820738315582,0.431707441806793,0.806755602359772,1.95503747463226,0.241785600781441
"TCGA-BH-A1F0-01",-2.75247359275818,-1.12087690830231,0.0563770793378353,-0.391056954860687,0.680425822734833,1.32148969173431,0.592474758625031,1.20998907089233,-0.628891468048096,-1.42116892337799,-0.435384452342987,-0.680350184440613,0.214061260223389,0.67794132232666,-0.358572572469711
"TCGA-EW-A2FR-01",-0.893805742263794,-0.137498334050179,-0.793421804904938,0.434831827878952,-0.73449718952179,0.342836946249008,1.48261249065399,0.086078830063343,2.37011814117432,1.09782707691193,1.46567177772522,-0.595946490764618,-1.38635277748108,-0.566559135913849,-0.290182709693909
"TCGA-BH-A203-01",0.892481446266174,-1.02970063686371,-0.125848844647408,1.93812549114227,0.585127174854279,1.26501059532166,1.76912224292755,-0.232209801673889,0.330717504024506,1.00481963157654,-0.27276885509491,-0.263128787279129,-0.690037846565247,1.0664895772934,-0.36582550406456
"TCGA-A2-A1FX-01",1.94426357746124,0.740157961845398,-0.508116006851196,-1.10609698295593,-0.848945498466492,0.988094747066498,-1.79171705245972,0.802168726921082,-0.145155981183052,-1.08047723770142,-0.196900054812431,0.251360386610031,-0.00302151963114738,0.534380853176117,0.0294060241430998
"TCGA-BH-A1EX-01",0.715720653533936,-0.255776107311249,0.119584441184998,-1.74824321269989,0.452948957681656,-0.875228047370911,2.39820694923401,-1.29879570007324,0.0965734347701073,0.90069967508316,0.106085874140263,-0.322044998407364,-1.25655663013458,0.67169463634491,0.165810599923134
"TCGA-HN-A2NL-01",-0.875877201557159,-3.81216430664062,-0.327218502759933,0.645879149436951,-0.0231927800923586,-1.06006014347076,-1.5723592042923,-0.205750539898872,1.08389294147491,-0.668683111667633,-3.40930700302124,0.472120404243469,1.60269153118134,-1.00451052188873,-0.0982918292284012
"TCGA-BH-A0C3-11",-3.06034421920776,0.767592966556549,1.9770188331604,0.286961078643799,0.101427994668484,0.72124046087265,-0.963978290557861,-0.827939748764038,-0.109676286578178,0.83857649564743,-1.15689384937286,0.266295731067657,-0.151451200246811,0.902710139751434,-0.294652372598648
"TCGA-A2-A0SY-01",2.28217601776123,0.0467577762901783,0.680584728717804,2.08856868743896,1.77926433086395,0.0668171048164368,0.306172698736191,-0.539776742458344,-0.25306648015976,-0.471056520938873,-1.09273684024811,-0.341058939695358,0.703479528427124,-2.07730460166931,-0.113455079495907
"TCGA-A2-A0YT-01",2.80996060371399,-0.605250895023346,0.000868863135110587,-2.15086221694946,-0.313128709793091,1.59433031082153,-0.00248972279950976,-0.291125267744064,1.37255489826202,0.406337410211563,-0.0958894640207291,0.610083818435669,-1.34087479114532,0.587961375713348,-0.815837562084198
"TCGA-E2-A1IO-01",-0.146963909268379,0.689958333969116,0.738115906715393,-0.648143589496613,-0.242838740348816,-0.0960887223482132,0.399898409843445,-0.749877274036407,1.07915067672729,-0.967144191265106,-0.92257285118103,-1.02750873565674,-0.329079836606979,-0.581567406654358,0.209802538156509
"TCGA-B6-A400-01",-2.13389158248901,-3.0315101146698,0.0871498361229897,-0.791335582733154,0.202861964702606,-1.13437020778656,-1.20104134082794,0.217663899064064,0.0346239283680916,-0.240515992045403,1.34485411643982,-0.281945019960403,-0.272693246603012,-1.89577078819275,0.379650950431824
"TCGA-B6-A0IK-01",1.0174423456192,-1.06128716468811,1.18088018894196,1.37754130363464,0.335664182901382,0.774645328521729,1.20120882987976,1.00172436237335,1.18812429904938,1.80447769165039,0.400684833526611,-0.75758969783783,-0.512486636638641,0.832662522792816,-0.289309680461884
"TCGA-BH-A1FM-01",1.5269855260849,0.165862739086151,-1.61926734447479,-2.03498291969299,-1.47816300392151,-0.356113940477371,-0.861470699310303,0.411726742982864,-0.218470811843872,0.575043261051178,0.101903036236763,-1.67493653297424,-3.22452878952026,0.538791060447693,0.414738565683365
"TCGA-E2-A3DX-01",-1.43871796131134,1.15553903579712,0.248194739222527,0.609757304191589,0.610765755176544,0.18969789147377,1.30157732963562,0.578505396842957,-0.667670667171478,-0.643185973167419,-1.06295573711395,-0.179006084799767,0.736954152584076,-0.613491177558899,0.351321846246719
"TCGA-D8-A1J8-01",2.09090805053711,-0.397428840398788,-0.353896766901016,2.21439051628113,-1.35315048694611,0.666706383228302,1.08475244045258,0.948392808437347,0.136253759264946,1.13014364242554,0.0419340543448925,-1.08441174030304,0.711311280727386,0.802105963230133,-2.16076731681824
"TCGA-A7-A6VV-01",-2.10782194137573,-2.3623833656311,0.123969256877899,0.0789426192641258,-0.785880088806152,-0.679761826992035,-0.241776123642921,-0.240924954414368,-0.666765868663788,0.108149737119675,0.660058677196503,-0.573931574821472,-0.59548407793045,-0.653270542621613,-0.906460046768188
"TCGA-BH-A1F8-01",2.53576612472534,-0.552260398864746,-0.514269888401031,0.815405607223511,-1.27112460136414,0.641139328479767,-0.137720078229904,0.336130708456039,1.89863526821136,0.796260416507721,-0.152322188019753,-0.438714593648911,-1.64919304847717,0.307170063257217,-0.832126140594482
"TCGA-OL-A5RZ-01",1.83382332324982,-1.57404804229736,-0.310823798179626,-2.06613636016846,0.953982710838318,-0.583533883094788,0.681686520576477,-1.30716443061829,2.64687347412109,0.591597497463226,-0.463768482208252,1.56052052974701,-2.64507675170898,0.423711061477661,0.684865653514862
"TCGA-BH-A1EV-01",1.60949635505676,-0.34268844127655,-0.20278300344944,1.71326971054077,-0.562059640884399,-1.99036085605621,1.90227782726288,-1.66395771503448,2.00805640220642,1.36209607124329,-0.358522146940231,0.148300349712372,-0.372640579938889,0.0502676740288734,-1.07283174991608
"TCGA-AR-A0TU-01",-1.20862865447998,-3.89516735076904,-0.882084727287292,1.62598419189453,-0.381203085184097,-0.745425045490265,-1.18541300296783,0.0191333424299955,-0.40988028049469,-0.854298889636993,-1.19948613643646,0.271130919456482,0.59005081653595,0.850502729415894,-0.205391258001328
"TCGA-EW-A1IX-01",-0.966918587684631,1.88149833679199,-0.702278435230255,-1.37882041931152,-0.165346220135689,-0.535942077636719,0.157091647386551,0.238290250301361,0.384204983711243,0.0738751441240311,0.0187482107430696,-0.86201685667038,1.1691370010376,-1.29904067516327,0.236759573221207
"TCGA-E2-A15K-01",0.358640670776367,0.722475230693817,-0.87058562040329,-3.21985745429993,-0.390508323907852,-0.0784457102417946,1.35914409160614,0.447578370571136,0.83316957950592,-0.768430948257446,-0.650034427642822,1.29429447650909,2.8131206035614,-0.157755866646767,-3.71372294425964
"TCGA-AR-A1AR-01",-1.40775585174561,-2.60359978675842,-1.41229498386383,1.51608109474182,1.50178742408752,-0.424325495958328,-0.14154314994812,0.337577700614929,-1.25167965888977,-0.418381035327911,-0.792191088199615,-0.850416898727417,-0.99211972951889,0.962591707706451,-0.0656091570854187
"TCGA-E9-A1R2-01",0.592131018638611,0.690591514110565,-0.291022330522537,0.430675148963928,0.932438790798187,-0.912691831588745,-0.379540622234344,0.262969493865967,2.07791447639465,-1.36209011077881,0.413809299468994,-0.326665431261063,0.779804646968842,0.0103787500411272,2.4290292263031
"TCGA-E2-A1B6-01",-2.95964550971985,-1.03697311878204,0.537936389446259,0.62899512052536,-1.14406156539917,1.14406096935272,0.383706212043762,1.61605644226074,-0.797952890396118,-1.98653399944305,0.646912455558777,1.41672611236572,0.0127586722373962,-0.511607110500336,-0.799365937709808
"TCGA-AC-A5XS-01",0.749986946582794,-0.00460800062865019,0.24034471809864,-0.92300945520401,1.52249026298523,1.17717456817627,0.888569593429565,1.20532357692719,0.171528518199921,0.451776534318924,0.771178841590881,1.51918852329254,-0.187826201319695,-1.86694526672363,-1.28094065189362
"TCGA-AQ-A1H2-01",2.00833058357239,0.8547283411026,-1.40934336185455,-1.73273348808289,-1.3330090045929,-1.00850331783295,-0.87146008014679,0.24212209880352,-1.22225272655487,0.83328115940094,0.442944049835205,1.35510230064392,-2.15076971054077,-0.343379557132721,-0.521173536777496
"TCGA-AR-A1AO-01",-2.77616858482361,-0.103131920099258,0.659166753292084,0.15310263633728,-0.225422978401184,1.5013622045517,1.3336455821991,0.495611369609833,0.308108270168304,-0.204449161887169,0.163345724344254,-0.426699340343475,0.517129898071289,1.1114444732666,0.0198795981705189
"TCGA-B6-A0WZ-01",1.61232626438141,1.06882452964783,-0.432381421327591,-0.00107063760515302,-1.37716174125671,-0.548247933387756,0.696189761161804,-0.770001411437988,-0.503647089004517,0.806201577186584,1.32832360267639,0.268554627895355,1.95218193531036,0.0298948921263218,-0.38754877448082
"TCGA-GM-A2DD-01",0.308891773223877,-0.783137381076813,0.416038811206818,-0.790569007396698,0.0607032254338264,2.4340763092041,2.06854033470154,-0.550705313682556,-0.665336132049561,0.663061797618866,0.736211240291595,0.088865838944912,1.34313881397247,1.21831357479095,0.762102603912354
"TCGA-AR-A1AV-01",3.43693828582764,0.337149351835251,-1.05773341655731,1.40078401565552,0.237923368811607,-0.438459694385529,-0.582747936248779,0.384035587310791,-0.795355498790741,0.997688889503479,-0.241271898150444,-0.588833570480347,-1.42837977409363,0.614485561847687,-1.21142160892487
"TCGA-AN-A0XN-01",1.84836637973785,-0.387824445962906,-1.25362277030945,2.74182987213135,-1.32845079898834,0.733869194984436,0.369386702775955,-1.12896883487701,-0.662617266178131,0.558529496192932,0.793475806713104,-1.34176337718964,0.105522729456425,0.231087401509285,1.21631681919098
"TCGA-BH-A0DP-11",-1.45586669445038,1.51010191440582,2.29603672027588,1.28436875343323,0.515422642230988,0.535152852535248,-1.00942313671112,-1.4127254486084,0.361895591020584,0.34400263428688,-0.0638012066483498,-0.00647074822336435,1.50809359550476,0.945358157157898,-0.0847945138812065
"TCGA-GI-A2C9-01",-0.9899080991745,-3.60022664070129,0.662442922592163,0.291782647371292,-0.488953560590744,-1.1857123374939,-1.36758184432983,-0.36785227060318,-0.402364790439606,0.664788842201233,0.328820765018463,-0.832279801368713,0.541761696338654,-0.978945195674896,-0.491955369710922
"TCGA-BH-A1FU-01",-1.47642362117767,-0.64650958776474,0.573773980140686,0.402061492204666,-1.01118302345276,0.647461295127869,1.68927752971649,-0.542652785778046,1.27958834171295,0.372728019952774,-0.767965078353882,-0.814721763134003,-0.0336270742118359,0.0818888247013092,0.515027821063995
"TCGA-E9-A226-01",-0.141793042421341,0.981581151485443,-1.07988905906677,-1.97048282623291,-1.43194890022278,-1.00511157512665,0.431973069906235,-0.445046216249466,0.609816372394562,0.486914843320847,0.481757998466492,-2.22304821014404,-0.419514864683151,-0.828987002372742,-0.271970361471176
"TCGA-E2-A2P6-01",2.57144141197205,0.451310783624649,0.173996329307556,1.40556073188782,1.47863602638245,-1.50030303001404,-0.112786509096622,-0.606315076351166,-1.13849878311157,-0.0361241362988949,0.433727085590363,0.869541347026825,-1.24187219142914,0.0824437066912651,-3.0950767993927
"TCGA-BH-A0DD-01",3.19473433494568,-0.0270890928804874,-0.864390313625336,-0.741560816764832,-1.09034776687622,-0.406696796417236,-0.583832263946533,-0.833079814910889,-0.71161562204361,-1.45530438423157,-0.823468387126923,-0.447472929954529,-1.57581424713135,0.628927052021027,0.236177712678909
"TCGA-A2-A259-01",-1.32491970062256,1.89592957496643,0.579358458518982,0.332322388887405,-0.88891214132309,-0.252585738897324,0.113691926002502,-0.287879943847656,0.823793113231659,-1.71336579322815,-0.256838589906693,0.0308129731565714,-0.14846570789814,0.131004318594933,0.544551432132721
"TCGA-BH-A0BV-11",-2.9005753993988,1.28327369689941,1.90844082832336,0.794004917144775,0.737326264381409,0.692517399787903,-1.21907722949982,-1.17455923557281,0.41549426317215,1.05743777751923,-0.090684175491333,0.252498984336853,0.416630864143372,0.978289842605591,-0.164685159921646
"TCGA-BH-A0RX-01",-2.34002113342285,-1.51214027404785,0.800958871841431,0.594858169555664,-0.195921495556831,0.695311605930328,0.481333702802658,0.821556687355042,-0.712122738361359,-1.37803304195404,-0.0358586944639683,0.390158474445343,-0.137438178062439,-0.320691764354706,0.325273007154465
"TCGA-E9-A1RA-01",-0.470703423023224,1.03866231441498,-0.712015926837921,0.964126110076904,0.70824521780014,-1.51742660999298,1.37108540534973,-0.120055951178074,-0.0854218229651451,-1.01718330383301,-0.21557605266571,-0.466929912567139,0.0337619595229626,0.45212259888649,1.26965260505676
"TCGA-EW-A1PA-01",1.36582839488983,0.332827180624008,0.52866792678833,0.83739846944809,0.373795986175537,0.367819607257843,-0.485886126756668,0.803862273693085,0.925935804843903,-1.27929604053497,0.0964095890522003,-0.248370245099068,-1.31489896774292,-0.0530560463666916,0.737076044082642
"TCGA-C8-A8HQ-01",2.13241839408875,-0.455554395914078,0.450978070497513,0.154107466340065,0.029911307618022,1.23990046977997,-0.0855409204959869,1.36654138565063,-0.175435677170753,0.387062728404999,0.899845540523529,-0.217580869793892,-0.469139456748962,-0.996069967746735,-0.953011095523834
"TCGA-E9-A24A-01",-1.55199444293976,1.38077259063721,-1.72431337833405,-0.408431738615036,-1.63272643089294,-2.45636439323425,0.342073559761047,1.22192633152008,-0.312983632087708,1.14757370948792,0.0649027302861214,-0.674508452415466,-0.612390756607056,-0.064725287258625,-1.62718021869659
"TCGA-BH-A204-01",3.68161058425903,0.0180516317486763,-1.49822509288788,-2.1094114780426,-1.39617812633514,1.98161470890045,-2.68259596824646,0.873537480831146,0.703565001487732,0.566219925880432,-1.42063784599304,0.757962763309479,0.550169289112091,0.831549048423767,-1.31388664245605
"TCGA-A2-A0EN-01",0.171733722090721,0.434854418039322,-0.243974536657333,0.489773452281952,2.12401509284973,0.011713370680809,1.90326619148254,0.145297676324844,-1.01462483406067,-0.2452372610569,-0.178104996681213,-0.568098664283752,0.492088198661804,-1.38781309127808,0.418770313262939
"TCGA-B6-A40B-01",2.14257836341858,0.254743725061417,0.295144289731979,0.741125226020813,0.527180314064026,-0.105433896183968,0.476420700550079,-0.0560982041060925,-0.918932795524597,0.192000210285187,1.92956185340881,0.202413618564606,0.451351344585419,-1.09697270393372,-1.47798216342926
"TCGA-A7-A13F-11",-3.44804310798645,0.85269695520401,0.467104941606522,0.621607005596161,2.10875415802002,1.33276629447937,-1.1887184381485,-1.06139433383942,-0.187268748879433,0.602726757526398,-0.0600009113550186,-0.057850006967783,0.00544895557686687,0.694396257400513,-0.107342630624771
"TCGA-PL-A8LV-01",-1.68539869785309,-2.42926073074341,0.916150510311127,0.124004818499088,-0.216478422284126,-0.872016251087189,0.0186295546591282,1.66119253635406,0.742770314216614,-0.894223690032959,0.97765988111496,-0.857687652111053,0.986585557460785,-0.94277423620224,-0.584798514842987
"TCGA-BH-A0BJ-01",-1.42332851886749,1.73016059398651,-0.0107202418148518,0.905287861824036,-0.0964263305068016,-1.05833601951599,0.0981027036905289,0.60050231218338,-0.218727380037308,0.00411147158592939,-0.37025374174118,-0.680629193782806,0.804764151573181,-0.19098037481308,-0.585482358932495
"TCGA-E2-A1IN-01",0.578982412815094,1.30086851119995,-0.607606112957001,-1.38835382461548,-1.77595341205597,-1.83044064044952,0.470420181751251,-1.5980076789856,1.72571158409119,-1.07449662685394,1.08784532546997,-0.920595228672028,-1.66545438766479,-1.04648554325104,-0.711741745471954
"TCGA-A1-A0SM-01",1.37253153324127,0.313610315322876,0.102975010871887,2.03579330444336,-1.30932104587555,-0.235012084245682,0.0645961239933968,0.957252979278564,0.303248226642609,1.07072257995605,0.998980462551117,-0.781619966030121,-0.51986163854599,-0.600183844566345,1.26928865909576
"TCGA-D8-A1JF-01",1.41869533061981,-1.39986681938171,-0.829986393451691,-1.15727698802948,-0.0441157892346382,1.82571423053741,2.53192567825317,-1.45575106143951,-0.681734144687653,1.69069564342499,-1.11215913295746,-0.53254359960556,0.235042035579681,2.30391025543213,0.491114914417267
"TCGA-E9-A5UP-01",1.68388736248016,0.446725696325302,-1.26419842243195,1.64681386947632,-1.28158628940582,-1.70314681529999,0.181400060653687,-1.40753865242004,-1.50917387008667,-1.49501407146454,1.20000720024109,1.73933565616608,-0.667650520801544,3.48795866966248,0.965880751609802
"TCGA-E2-A1IH-01",0.516073763370514,0.477267473936081,-0.957184910774231,0.296440184116364,1.35322177410126,-0.216660782694817,0.847099363803864,0.554381310939789,2.06742024421692,-0.836504697799683,-0.692316770553589,-0.222431361675262,0.280050694942474,-0.9172403216362,0.361904472112656
"TCGA-PE-A5DD-01",3.28848624229431,-0.280332148075104,-0.134628131985664,1.94967532157898,1.41855776309967,0.354694902896881,0.432884246110916,-0.534786581993103,-0.761686265468597,0.495772957801819,-0.370936751365662,0.752412855625153,0.74400931596756,-1.84680378437042,-1.65678536891937
"TCGA-AO-A03N-01",1.13505136966705,0.0726441964507103,-0.509649038314819,-0.663045346736908,-0.918399333953857,-1.54421472549438,1.58829712867737,-1.07293820381165,0.747776448726654,1.43020880222321,1.20547521114349,0.744072377681732,0.141462206840515,-0.975025534629822,-4.29301834106445
"TCGA-AO-A0JI-01",3.74604415893555,-0.308954536914825,-0.0745481103658676,2.53045320510864,0.233662441372871,1.66075801849365,-1.9968683719635,0.536783576011658,0.400409698486328,-0.316320955753326,-1.4932599067688,0.629600763320923,1.09456431865692,0.115386128425598,0.698541045188904
"TCGA-OL-A97C-01",-1.90280759334564,0.118517175316811,-0.257434844970703,0.34051576256752,-1.8056081533432,-0.0827775299549103,-1.23476588726044,-0.179117903113365,0.600998044013977,1.55504024028778,-1.12367415428162,1.04109025001526,-0.577158391475677,-2.75204873085022,1.04528594017029
"TCGA-AR-A250-01",2.86996173858643,-0.661388337612152,-0.238281071186066,0.284322917461395,-1.24728739261627,0.96415102481842,-0.311591267585754,0.429579526185989,0.387444138526917,0.794710695743561,-0.211401268839836,-1.68170893192291,-1.26291441917419,-0.49295762181282,-1.76763415336609
"TCGA-JL-A3YW-01",0.697432637214661,-1.68190705776215,-0.0179611574858427,0.91503369808197,0.0969597697257996,1.71952104568481,2.42902541160583,-0.493152350187302,-0.413291871547699,1.4383932352066,2.21626114845276,-0.594372689723969,0.663121163845062,1.4093257188797,1.10268259048462
"TCGA-AC-A3YI-01",-0.998199641704559,0.645806610584259,1.17710888385773,1.26010191440582,-1.07950055599213,1.18145275115967,0.111839316785336,-0.60425728559494,-0.389133155345917,-0.242481335997581,0.736953377723694,-0.320813775062561,0.00896300375461578,-1.071284532547,1.0687952041626
"TCGA-AO-A0JL-01",-0.524080514907837,-4.19932270050049,0.9604532122612,-1.28725528717041,0.0516974180936813,-0.819239675998688,-0.748377323150635,-2.26113772392273,1.09830224514008,0.375006675720215,-0.985902488231659,2.12780904769897,2.00321888923645,-0.251093417406082,0.960837483406067
"TCGA-AO-A0JF-01",-0.896849930286407,1.6724249124527,-0.849056661128998,0.0865748673677444,1.67875957489014,-0.709020137786865,1.17993855476379,0.102522186934948,0.286946833133698,0.0593903549015522,1.1116464138031,-1.52277910709381,1.17089593410492,-0.243394210934639,-0.510746240615845
"TCGA-BH-A1F8-11",-3.24209094047546,1.02624332904816,1.23007726669312,0.55087149143219,1.05411541461945,1.23422002792358,-1.05250680446625,-1.0935024023056,-0.0968633219599724,0.747710108757019,-0.191144958138466,-0.138330653309822,-0.209536001086235,0.553300857543945,-0.274824678897858
"TCGA-EW-A1P6-01",0.197808563709259,1.20197772979736,-0.230241596698761,-1.85773491859436,-1.11543893814087,-1.31190156936646,1.14590561389923,-1.69217336177826,1.57186949253082,-1.88234579563141,0.270831435918808,0.696956217288971,-1.50955533981323,0.445596754550934,-0.0668525025248528
"TCGA-A2-A3XZ-01",-0.975310027599335,-0.612359285354614,0.807713270187378,0.871735274791718,-0.291967123746872,0.787123501300812,1.67960739135742,1.53764963150024,1.02953255176544,0.0242326427251101,-0.286301881074905,1.30167555809021,-1.45121252536774,-0.746008455753326,-0.298466145992279
"TCGA-D8-A1JD-01",0.915269076824188,0.872856676578522,-0.791732013225555,-1.55284571647644,-2.16975879669189,-0.249165326356888,0.276043325662613,-1.39340341091156,0.0144407050684094,-1.84248602390289,-0.306967556476593,-1.62672972679138,0.0601555146276951,0.123203665018082,0.214552685618401
"TCGA-A2-A4RW-01",0.810107052326202,0.301792979240417,0.34410434961319,1.94889271259308,0.173618450760841,1.17205786705017,-0.114487953484058,-0.212369084358215,0.274809718132019,-0.217408329248428,-0.448861628770828,-0.139449134469032,-0.268085926771164,-0.975716054439545,0.384826213121414
"TCGA-AC-A2FO-01",0.373968362808228,0.669634401798248,0.565884411334991,-0.377161353826523,0.926210045814514,1.58438587188721,0.214592128992081,-0.126488119363785,-0.765467524528503,-1.30278182029724,-0.763100922107697,0.0574532672762871,0.328372776508331,-1.03109693527222,-0.106679633259773
"TCGA-AR-A2LN-01",-0.324707955121994,1.07716190814972,0.88588935136795,-0.0413214825093746,1.85061550140381,-0.23242124915123,0.628400206565857,-0.440751910209656,-0.872931659221649,0.257068932056427,-0.556315839290619,-0.785468339920044,-0.461808443069458,-1.06972944736481,-0.843686819076538
"TCGA-E2-A1BD-01",2.48684120178223,0.287050992250443,0.829978823661804,1.94343018531799,-0.543103933334351,-1.46126806735992,0.298502117395401,-1.6571296453476,0.352815926074982,0.28931450843811,0.238707408308983,0.00480048265308142,1.33889675140381,-0.587604224681854,0.28705820441246
"TCGA-S3-AA14-01",0.13335320353508,1.38638031482697,0.563832879066467,-0.576236486434937,0.0114705618470907,-0.815845668315887,0.0587966702878475,-1.03145039081573,0.54765909910202,-0.377327293157578,-0.235172718763351,-0.545863389968872,0.68926864862442,-0.0537201017141342,0.100919470191002
"TCGA-LL-A5YN-01",0.162724152207375,-0.0793988853693008,1.03336644172668,-0.959394752979279,-0.911984324455261,1.12323141098022,1.75901889801025,0.890389144420624,-0.299656480550766,-0.652324080467224,0.456752419471741,2.45933437347412,-0.290252953767776,-2.10478973388672,0.423336297273636
"TCGA-AR-A24R-01",2.26672840118408,0.0872999504208565,-0.460325688123703,-0.283581078052521,1.19474041461945,-0.0620131231844425,-0.48492157459259,1.24974834918976,-0.871814429759979,-0.409034222364426,-0.361524432897568,-1.04481184482574,-0.835776329040527,0.392926514148712,2.9210250377655
"TCGA-BH-A0DH-01",3.20128393173218,0.161688089370728,0.557420909404755,-1.04854142665863,0.874936580657959,1.02618741989136,-0.802779376506805,0.128187015652657,-2.02100205421448,-0.568634688854218,0.458581507205963,-0.272748470306396,1.20975267887115,0.586681604385376,-1.29424440860748
"TCGA-D8-A1XT-01",-0.197796210646629,-1.33499586582184,-2.12495970726013,-0.119964204728603,-1.18773925304413,0.758732974529266,1.31219565868378,-0.69713419675827,2.20734000205994,1.29872751235962,-0.702241122722626,-1.21843338012695,1.32080709934235,0.490148633718491,2.04886293411255
"TCGA-EW-A1IY-01",-0.508914530277252,0.476572751998901,0.0180326122790575,1.31961643695831,-0.617297291755676,-1.1627254486084,1.49013137817383,1.04110789299011,-0.120115868747234,-0.027672728523612,-1.42370665073395,-1.68260276317596,0.17414553463459,0.555825233459473,-0.16684003174305
"TCGA-A7-A4SE-01",-1.99004900455475,-2.47799038887024,0.417494744062424,-0.770427405834198,0.51191657781601,-1.11837136745453,-0.510734438896179,0.0663710683584213,0.358979761600494,0.435945183038712,1.27249002456665,-1.06493771076202,0.0275838375091553,-1.46151769161224,0.735497295856476
"TCGA-A2-A1FW-01",3.23519825935364,-0.384326130151749,0.0969809740781784,-0.670712947845459,1.75484573841095,0.180112510919571,-1.38890790939331,0.943445324897766,1.39279854297638,0.548729062080383,-2.23179721832275,-1.12399923801422,-1.22203075885773,0.724759697914124,-1.45750415325165
"TCGA-B6-A3ZX-01",-2.70454692840576,-1.76504671573639,0.337442308664322,0.648865103721619,-0.990355134010315,0.765505850315094,0.0399317890405655,2.00337266921997,-0.188160985708237,-1.68425869941711,-0.668457746505737,0.909465312957764,0.599232077598572,-0.606232285499573,-0.381762087345123
"TCGA-EW-A1PB-01",-1.72425222396851,-2.31950998306274,-0.990348339080811,0.186557456851006,-1.29631638526917,0.610157310962677,0.74567049741745,1.60891127586365,-0.314544975757599,-0.472438871860504,2.19155192375183,-0.20597805082798,1.89877712726593,1.9511593580246,0.834367454051971
"TCGA-A7-A425-01",0.1981131285429,0.930991411209106,1.1285799741745,-0.810003876686096,1.94436085224152,-0.166486471891403,0.378296196460724,-0.532970309257507,-0.389165729284286,0.267194777727127,1.2487268447876,0.932228922843933,-0.0581844784319401,-0.486624598503113,-1.77311420440674
"TCGA-LL-A9Q3-01",2.23901629447937,-0.456711232662201,-0.171260148286819,-0.0434379354119301,0.0223014988005161,-0.221062958240509,0.483587622642517,0.0144797721877694,0.947167873382568,0.334436327219009,0.680431127548218,0.669577717781067,-0.293495416641235,-1.49040126800537,0.138020589947701
"TCGA-OL-A66J-01",1.39224529266357,0.791915953159332,-0.369461596012115,-1.63554465770721,1.82441914081573,1.87928700447083,-1.04309380054474,-0.900145590305328,-0.43207186460495,-1.61943709850311,1.49103438854218,0.441598981618881,1.74196100234985,0.139434352517128,-1.33722805976868
"TCGA-B6-A40C-01",2.47277140617371,-0.0691061094403267,-0.171512320637703,0.899819016456604,1.95196771621704,-0.7888463139534,0.129358425736427,-1.23291218280792,-1.21235907077789,-1.30119585990906,0.585840284824371,0.31359601020813,0.238769486546516,-0.556362748146057,1.40832185745239
"TCGA-BH-A0B3-01",-1.90900802612305,-2.70431804656982,0.0301928501576185,-0.974104821681976,0.30044087767601,-0.578238308429718,0.429978579282761,0.916530132293701,0.124115645885468,-0.710590243339539,1.35530841350555,-1.3598518371582,1.22865128517151,0.538187325000763,0.507291555404663
"TCGA-AO-A12G-01",2.38141965866089,0.362811982631683,0.670257329940796,1.19359195232391,-0.922255218029022,0.0686159878969193,-0.0248332526534796,-1.63715672492981,-1.10329735279083,-0.739627718925476,-0.763801395893097,-0.0566656477749348,0.457949072122574,-0.84660392999649,-0.398284584283829
"TCGA-AC-A6IX-06",-0.0500338524580002,-0.145775720477104,0.160719394683838,1.99074769020081,1.29469239711761,1.12431085109711,1.25899577140808,1.54688775539398,0.624090969562531,0.390338838100433,-1.56123101711273,1.00189828872681,0.301856875419617,-0.194483369588852,-0.796803176403046
"TCGA-BH-A1FJ-11",-3.21608591079712,1.28667294979095,0.949090778827667,0.417948722839355,0.941732943058014,1.0902853012085,-0.662271201610565,-0.679423809051514,-0.275699555873871,0.635092437267303,-0.850776135921478,-0.772510170936584,-0.309509754180908,0.741738736629486,-0.130373015999794
"TCGA-C8-A1HM-01",1.86267149448395,-0.826118290424347,-0.968510329723358,-1.58726739883423,-0.864179730415344,0.775230169296265,1.15983140468597,0.363061875104904,1.12852430343628,-0.724555432796478,-0.671847343444824,1.72685408592224,-0.0649514049291611,0.290786892175674,0.141145437955856
"TCGA-A2-A3XX-01",-1.90496504306793,-3.11998987197876,0.862443447113037,-0.100031055510044,-0.0522198565304279,-0.727889895439148,-0.332028418779373,-0.480096161365509,1.18858909606934,-1.0584671497345,-0.0662266910076141,1.25921392440796,1.31387591362,-0.586163878440857,0.41224616765976
"TCGA-BH-A203-11",-3.27032160758972,0.932076394557953,1.11972069740295,0.553207337856293,1.71718847751617,1.1102442741394,-1.26390755176544,-1.17951595783234,-0.0502234734594822,1.13536143302917,-0.564461171627045,-0.426382839679718,-0.126233831048012,1.12041819095612,-0.0296613853424788
"TCGA-EW-A1P1-01",-2.03630542755127,0.557715356349945,0.539321720600128,0.789379060268402,0.871233761310577,1.9114648103714,0.450948596000671,-0.494236677885056,-0.234176933765411,0.535826683044434,0.709010541439056,-0.92927497625351,-0.201696395874023,0.376856505870819,0.519091665744781
"TCGA-A2-A0YM-01",-0.77293598651886,-4.21184301376343,0.13706186413765,1.65508580207825,0.574954152107239,-0.925780653953552,-1.23900651931763,-0.0428396314382553,-0.261223673820496,-0.497611165046692,0.387435734272003,-0.574422657489777,0.00147613522130996,-0.268342584371567,-0.327481627464294
"TCGA-E9-A3X8-01",-0.564650177955627,0.423738718032837,0.63633918762207,0.725540637969971,1.20559680461884,-0.799916744232178,1.03174805641174,0.410008937120438,-1.1999419927597,-0.0436897277832031,1.45896685123444,1.25902032852173,0.570984601974487,-1.95940124988556,1.4699729681015
"TCGA-D8-A27F-01",-2.55485653877258,-2.91584134101868,-0.0272896625101566,-0.833176374435425,0.0464498698711395,-1.26171970367432,-0.975674748420715,-0.707645833492279,0.628541588783264,0.0285127498209476,0.227647706866264,-1.26781356334686,-0.174529522657394,-0.597772836685181,-0.927236974239349
"TCGA-AR-A0U3-01",3.41155862808228,-0.308634012937546,0.802108466625214,-0.884120166301727,0.0901763141155243,0.505688726902008,-0.417585551738739,1.24773907661438,-0.409454166889191,1.80409479141235,-1.0248658657074,0.140405312180519,1.26843678951263,0.536336243152618,0.483523190021515
"TCGA-LL-A5YP-01",-2.46701598167419,-2.49926090240479,-0.0172845721244812,0.031774464994669,-0.258315324783325,-0.40147340297699,-0.806702733039856,-0.350199997425079,0.0789512693881989,-0.443261504173279,0.0389825217425823,-0.131814062595367,-0.51675146818161,-1.48873031139374,-0.439732402563095
"TCGA-AC-A3EH-01",2.79601287841797,-0.281778752803802,0.507757067680359,1.19317185878754,-1.0912834405899,-0.6676065325737,0.681865513324738,-2.62485289573669,-1.08756732940674,-0.156646475195885,0.0793206617236137,0.351497679948807,-0.852119028568268,-0.18205937743187,-0.529271960258484
"TCGA-E9-A1RC-01",2.72178745269775,-0.499331772327423,-0.49253237247467,2.59056615829468,0.196515306830406,-1.20025980472565,0.350542008876801,-1.42833948135376,0.913256168365479,0.591040790081024,-0.0235796123743057,-0.177529960870743,0.0539123341441154,1.03866863250732,0.963896214962006
"TCGA-AC-A2FK-01",-3.03235840797424,1.22077870368958,2.0279495716095,0.688164293766022,-1.28853452205658,1.03142189979553,-0.270960301160812,-0.927179455757141,0.0831340327858925,0.781290292739868,-1.12647879123688,0.202538520097733,0.186382055282593,0.833894550800323,0.293888807296753
"TCGA-D8-A1XB-01",1.35436820983887,0.622481524944305,0.528404951095581,0.262801975011826,-1.73751652240753,-0.0672597661614418,-0.104907184839249,-1.20370233058929,0.480490058660507,0.0189530588686466,0.323100239038467,-1.91813254356384,0.977720558643341,-0.779952585697174,0.97258734703064
"TCGA-GM-A3NY-01",1.93267130851746,-0.0508583262562752,1.39134693145752,0.76149982213974,1.775226354599,-1.84818708896637,0.335169464349747,0.35273939371109,-0.153075978159904,1.47344136238098,-0.178192213177681,0.49276727437973,0.0918360278010368,-2.17255091667175,-0.239258542656898
"TCGA-AC-A2B8-01",1.03066873550415,0.670759856700897,-0.348740607500076,-0.74358332157135,1.65112948417664,-0.00223901565186679,0.783237040042877,-1.02642965316772,-0.448107093572617,0.131079196929932,-0.000666180276311934,-1.01264107227325,-0.520686149597168,-1.73586118221283,0.411754727363586
"TCGA-E2-A1B0-01",-0.324269443750381,-1.81214892864227,0.0736824721097946,-1.66327226161957,0.113824225962162,0.265496283769608,2.21193265914917,-0.74795138835907,0.906290173530579,0.960853278636932,-0.603576719760895,-0.386420130729675,-0.325956374406815,1.6404185295105,0.168373987078667
"TCGA-BH-A1EU-01",-1.2136812210083,1.30665957927704,0.173133283853531,0.468525916337967,1.41235613822937,0.0418265759944916,0.438664615154266,1.09686660766602,-0.915495038032532,0.449134230613708,-1.43404006958008,0.0812868028879166,0.560460329055786,-0.526892721652985,0.170275032520294
"TCGA-E2-A1L7-11",-2.47580695152283,0.882834434509277,2.06012964248657,0.769964754581451,0.0330774039030075,1.15369379520416,-0.468168020248413,-0.586081564426422,0.00269705895334482,0.268025279045105,-0.541606426239014,0.412638485431671,-0.455041766166687,0.85030734539032,0.194039851427078
"TCGA-AR-A1AK-01",0.37170997262001,0.945280313491821,1.09076273441315,1.33590531349182,0.296502530574799,-0.178610682487488,-0.37554857134819,0.108251363039017,-0.461097300052643,-1.15466117858887,-0.329342305660248,-0.290128111839294,0.129586070775986,0.256464332342148,0.143240228295326
"TCGA-E9-A2JS-01",2.89380311965942,-0.551466226577759,-0.208318546414375,2.46414566040039,-0.876070380210876,1.50003755092621,-1.11242318153381,0.0658452361822128,1.13216698169708,0.244568392634392,0.0725807845592499,-0.24085259437561,-1.01461446285248,0.609659075737,-0.433867007493973
"TCGA-GM-A5PV-01",-0.165718019008636,1.54635179042816,1.39987421035767,-1.78166472911835,-0.213922575116158,-0.792394638061523,-0.152270644903183,-1.00351631641388,-0.101415239274502,-0.454717367887497,0.624585390090942,0.99871551990509,0.887003242969513,0.0961446538567543,-0.322762995958328
"TCGA-BH-A1F6-11",-3.39657235145569,1.18024027347565,0.556799650192261,0.403416574001312,1.75037705898285,1.36160361766815,-0.830943048000336,-0.967467725276947,0.0814777165651321,0.882719278335571,-0.145529791712761,-1.01468777656555,-0.479244470596313,0.52551281452179,-0.0972033217549324
"TCGA-AQ-A54O-01",-0.518025636672974,1.70187330245972,-1.3568924665451,0.00857258588075638,-0.881782293319702,-1.78775799274445,-0.0961936637759209,1.33144879341125,0.237307891249657,0.0344214551150799,1.25614893436432,2.04787874221802,-0.964131295681,-0.126918077468872,2.33751368522644
"TCGA-AC-A6IX-01",1.28255009651184,-0.105800852179527,0.280966639518738,2.434237241745,2.76010847091675,0.750903129577637,0.0766715332865715,0.514088809490204,1.34145212173462,0.714155852794647,0.104797430336475,-0.376502841711044,0.468489557504654,-0.799524307250977,-0.389558643102646
"TCGA-C8-A1HK-01",1.20322489738464,-0.83698034286499,0.0201764479279518,-1.1716114282608,-0.900719225406647,-1.00380873680115,1.12836229801178,-0.0651429295539856,2.1826548576355,0.707270920276642,-1.88620626926422,0.705635190010071,-3.22558879852295,0.852785527706146,-1.75213050842285
"TCGA-BH-A1FN-01",-0.541132807731628,-0.546192944049835,-0.924606502056122,-1.51197755336761,-0.997185170650482,-2.72762775421143,0.51166182756424,-1.33373463153839,2.58260607719421,0.202850535511971,-0.663049697875977,-0.462219446897507,-1.0147408246994,0.307022213935852,1.57822251319885
"TCGA-A2-A25E-01",1.07287538051605,0.972295463085175,-0.518761515617371,-2.26919198036194,-0.445386111736298,0.458146095275879,-1.07963573932648,0.921851933002472,-0.101956501603127,-1.38411867618561,-0.819295048713684,-0.518589079380035,0.588605344295502,0.608116328716278,0.690415561199188
"TCGA-A2-A0YC-01",1.69318318367004,1.1462494134903,-0.987593412399292,-1.10830557346344,0.912261962890625,-0.320052057504654,0.153491407632828,0.165589958429337,-0.651375532150269,-0.802817106246948,0.00645886547863483,-0.762221038341522,2.54593110084534,0.531480610370636,0.271990537643433
"TCGA-A2-A0CT-01",3.80059933662415,-0.387445420026779,0.516333401203156,2.66211295127869,-0.787316381931305,1.31061577796936,-1.67629706859589,-0.260705232620239,0.609243810176849,-0.905223488807678,1.43304228782654,-0.713707387447357,-0.101285040378571,1.25404298305511,-1.06314671039581
"TCGA-E9-A22E-01",-0.741263151168823,0.679440081119537,-1.79039680957794,-2.04323792457581,-1.3155597448349,-0.850061237812042,1.18298411369324,0.341117471456528,0.854506134986877,0.959518909454346,-0.113946691155434,-0.511286675930023,-1.13566195964813,-1.57465410232544,-0.591647565364838
"TCGA-A2-A1FV-01",3.65418410301208,0.0182197112590075,0.741977632045746,-1.63664710521698,1.44202566146851,1.4372581243515,-2.53190541267395,-0.688255131244659,-0.878564536571503,-0.254490584135056,-1.93898868560791,-0.290498197078705,0.935288548469543,0.618956089019775,0.0122009506449103
"TCGA-AO-A03L-01",1.50717997550964,0.278641819953918,0.689398288726807,-0.290672898292542,-0.676664412021637,0.846388041973114,0.12201613932848,1.22015833854675,-0.380094230175018,0.0727226361632347,0.0819623321294785,-1.15129697322845,-0.036709375679493,-0.321276068687439,-2.08236837387085
"TCGA-BH-A1ES-06",1.65829980373383,-0.170510053634644,-0.462432444095612,0.102690748870373,0.622340261936188,0.424863189458847,-0.688119471073151,0.854658126831055,2.98869490623474,0.63717383146286,0.845040023326874,1.55242538452148,-0.773886322975159,1.82567501068115,1.82803237438202
"TCGA-B6-A0WV-01",2.66644310951233,0.252915948629379,-0.120118632912636,-1.9727623462677,-0.198426187038422,0.294880747795105,-0.929280996322632,-0.154074013233185,0.662111043930054,0.679913282394409,0.790736436843872,-0.587749063968658,1.04125428199768,0.224004939198494,1.08632290363312
"TCGA-AN-A0XW-01",-0.569110631942749,1.18242132663727,-0.473469346761703,-0.111036509275436,-1.85868322849274,-0.553095161914825,0.375513762235641,1.43918120861053,1.14205300807953,-0.342540770769119,0.516684830188751,-1.44302439689636,0.854584097862244,-0.371220111846924,0.61711186170578
"TCGA-AC-A23G-01",-0.426487028598785,0.682361423969269,0.727123618125916,0.618408441543579,-1.15230023860931,0.34706524014473,0.230998992919922,-0.434835225343704,-0.610725522041321,-0.260136365890503,1.37291204929352,-1.376016497612,0.309940218925476,-1.84733438491821,0.426058888435364
"TCGA-AC-A3QQ-01",1.53973126411438,0.917141020298004,0.708397507667542,-1.56861400604248,0.688456118106842,-0.13594077527523,0.459889531135559,-0.28598940372467,-0.650750458240509,-1.49527263641357,1.67484986782074,1.60670530796051,0.928371071815491,-0.892900168895721,-0.466322630643845
"TCGA-EW-A1P8-01",-2.75534796714783,-2.40557074546814,-0.280828148126602,0.0303236916661263,0.127934038639069,-0.979655683040619,-0.321992307901382,0.0330461710691452,-0.26706075668335,-0.130610659718513,0.517866194248199,0.168770596385002,-0.675936996936798,0.217947021126747,-0.44049260020256
"TCGA-B6-A0RI-01",0.51326060295105,1.86395132541656,-0.361140221357346,-1.83492839336395,-1.1424697637558,-1.71573328971863,0.238543421030045,-0.212746828794479,0.0552038997411728,-0.955061852931976,2.47332167625427,-2.06436109542847,0.148952707648277,1.1619348526001,-0.0740522518754005
"TCGA-B6-A0WX-01",-1.25258946418762,-2.50191211700439,1.18447172641754,0.853389739990234,-0.133412778377533,-0.183391079306602,0.23500195145607,-0.567146718502045,0.154698848724365,0.023114737123251,-0.155502200126648,0.181521475315094,0.902040660381317,-0.986780405044556,0.0580083318054676
"TCGA-BH-A42U-01",-1.45344531536102,0.414147555828094,2.2590594291687,0.860071659088135,0.331584125757217,1.67007303237915,0.336710423231125,-0.27717512845993,-0.79115229845047,0.626383244991302,1.01060783863068,1.66593837738037,-0.113849841058254,-1.46685171127319,0.557661414146423
"TCGA-C8-A26W-01",-0.716354072093964,1.09140193462372,0.0343486666679382,-2.33407473564148,-0.217091485857964,-0.978122115135193,0.940795063972473,-0.396643847227097,0.828416168689728,-1.44630229473114,-0.401244550943375,0.244507282972336,-1.09973967075348,-0.821541666984558,-0.844467580318451
"TCGA-AO-A03M-01",-0.563737571239471,-0.0201606880873442,0.385508149862289,-0.926523566246033,-0.740330457687378,0.557397663593292,0.859717190265656,0.781488001346588,3.24306845664978,-0.643022358417511,-0.845182240009308,-0.111443370580673,0.355967342853546,-0.792009294033051,1.05777251720428
"TCGA-E2-A1LB-01",0.540353655815125,-0.0685775130987167,-1.40229487419128,1.26648092269897,-1.4857143163681,0.198036462068558,2.15374946594238,-1.36079287528992,0.544557571411133,2.21215176582336,-0.623916268348694,0.464131593704224,0.632163941860199,1.763512134552,-0.613161623477936
"TCGA-AC-A6NO-01",0.27941769361496,0.86836439371109,0.812192738056183,-1.66608667373657,-0.159294202923775,-2.20665526390076,0.6245157122612,-0.721205472946167,-0.188078805804253,-0.346622258424759,-0.292916804552078,0.345837235450745,0.43493640422821,0.170185148715973,1.60813808441162
"TCGA-EW-A1J5-01",1.94197344779968,0.206250011920929,0.599863350391388,-1.29151737689972,-0.090346172451973,0.63771653175354,-0.0107362195849419,0.0519146099686623,-0.945561349391937,-1.17331528663635,-0.838982582092285,-0.484580606222153,0.570328176021576,-0.362214297056198,1.21985650062561
"TCGA-AN-A0XV-01",1.85985469818115,0.075618103146553,0.444197922945023,1.76494026184082,0.881193101406097,0.0544065944850445,0.265194088220596,0.212542861700058,-0.738604247570038,0.476521790027618,-0.938698530197144,-0.63463681936264,-0.98349666595459,-0.0339647382497787,-0.679651021957397
"TCGA-BH-A1F5-01",0.710131227970123,1.88014209270477,-0.546465396881104,-0.755693376064301,-1.30506932735443,-1.23482608795166,0.176923155784607,-1.06515085697174,1.67146277427673,-1.88317668437958,0.293931394815445,-0.0607031844556332,-0.0474191606044769,1.13770568370819,0.430511116981506
"TCGA-AC-A8OQ-01",-2.09617900848389,-1.87479090690613,0.0983576625585556,-1.24418795108795,1.78923547267914,0.272569894790649,-0.00476965354755521,1.04695761203766,-0.662238717079163,-0.9150750041008,0.910117924213409,0.138147592544556,-1.67567920684814,-1.22775638103485,0.185945302248001
"TCGA-A7-A4SF-01",1.87527441978455,-0.114807851612568,-0.788025379180908,-3.01926398277283,-1.64126026630402,1.12031316757202,0.886774003505707,-1.27518332004547,-0.558472633361816,-0.92919647693634,-0.0220204591751099,2.17510724067688,-2.38751220703125,-0.0390375144779682,-2.43387460708618
"TCGA-BH-A0BZ-11",-3.13555645942688,1.39573585987091,0.317849814891815,0.67278265953064,2.12632989883423,1.10678470134735,-0.606774091720581,-0.810311913490295,-0.146199002861977,0.638698697090149,-0.0733597502112389,-0.0573131516575813,-0.0141068696975708,0.736455857753754,0.0332642383873463
"TCGA-EW-A6SC-01",0.4769526720047,1.54185748100281,0.0967838540673256,-2.33064198493958,-0.249605536460876,0.37975537776947,-0.31510716676712,-0.384911894798279,1.44964158535004,-1.78093540668488,0.35037100315094,0.0185132697224617,2.06168985366821,-0.0652776658535004,-1.05468606948853
"TCGA-AO-A1KR-01",-0.474320203065872,-2.77493286132812,0.759509682655334,0.724893093109131,0.136037543416023,0.120684653520584,-0.139496311545372,-0.20016023516655,-1.82870626449585,0.230334460735321,0.824661552906036,0.812501668930054,-0.307125777006149,1.17801213264465,1.21028244495392
"TCGA-EW-A1PD-01",0.784924983978271,0.911341309547424,-0.354100078344345,1.8260213136673,0.757806539535522,0.143688514828682,-0.849873185157776,-0.285586327314377,-0.393925905227661,-0.686117172241211,0.189216360449791,-1.07125818729401,-2.22418546676636,0.660707712173462,-0.443196654319763
"TCGA-EW-A1PC-01",3.43177056312561,-1.73719120025635,0.158788055181503,-1.29440462589264,-0.55041629076004,0.457970470190048,0.303497105836868,-1.4558516740799,0.0897448286414146,1.03009867668152,0.701412498950958,1.38038110733032,-1.66889762878418,0.852830588817596,1.84878015518188
"TCGA-E2-A10B-01",1.51165056228638,0.834535002708435,0.00170659658033401,0.378572523593903,0.584175825119019,-0.22016966342926,-0.0715899989008904,1.68154716491699,-0.0870011746883392,0.767844021320343,0.310751497745514,-0.222125232219696,1.90856170654297,-0.828836739063263,0.94007134437561
"TCGA-AR-A0TQ-01",1.75889110565186,-0.617068648338318,-0.281845897436142,1.02886748313904,0.685368597507477,1.54492878913879,-0.385466724634171,1.73286175727844,0.703837037086487,-0.708335757255554,-1.08630394935608,0.0266661811619997,-0.163277834653854,-0.0893407911062241,-0.205213233828545
"TCGA-E2-A14N-01",-2.48161029815674,-2.00806355476379,-0.425970524549484,0.654014110565186,-0.679043412208557,-0.0836185589432716,-0.253659278154373,0.0277148485183716,-0.566539764404297,-1.01107394695282,-0.85124808549881,-0.153587102890015,0.743978917598724,1.42941951751709,0.134570255875587
"TCGA-5L-AAT0-01",-0.0612016133964062,1.25131058692932,0.959230899810791,-0.148969352245331,-1.11580765247345,-0.576089978218079,0.331503391265869,-0.309921145439148,-0.0901411771774292,-1.08186745643616,0.172952920198441,-0.138707771897316,-0.227496892213821,-2.00467252731323,0.329479664564133
"TCGA-AR-A1AN-01",-1.09973382949829,1.11334156990051,-1.62093710899353,0.048325851559639,1.83272910118103,-1.66908478736877,0.728989958763123,0.207357063889503,-0.227997750043869,0.755404651165009,-0.945629954338074,0.0913578197360039,-0.23462538421154,-0.104503870010376,-1.82061338424683
"TCGA-D8-A1X5-01",2.31929326057434,-0.112967506051064,-1.67425954341888,-1.01881325244904,-1.09353721141815,0.789746522903442,0.167339071631432,0.558664441108704,0.330120623111725,1.06869435310364,-0.669995009899139,0.158372834324837,-1.67268097400665,-0.517006456851959,-0.982959449291229
"TCGA-A2-A1G6-01",-2.87609171867371,1.45305728912354,1.72833108901978,0.732053816318512,-0.5389564037323,0.482654362916946,-0.961724281311035,-0.824710369110107,0.371262431144714,1.06549191474915,-0.624240577220917,0.444354921579361,0.0985438302159309,0.324373185634613,0.414980202913284
"TCGA-AR-A256-01",-0.919883012771606,-3.70908546447754,0.157386794686317,-1.42003905773163,0.240452244877815,-1.41397833824158,-1.27713131904602,-0.150427281856537,-2.77832651138306,0.534927129745483,0.447590261697769,-1.62113809585571,-3.22068691253662,0.438413441181183,0.316255867481232
"TCGA-A7-A3J1-01",0.0754390209913254,0.789814949035645,0.263107538223267,0.10691624134779,1.99428379535675,-1.07116365432739,1.02778041362762,0.579139351844788,-1.36827921867371,-0.176343604922295,-0.828193426132202,0.524540185928345,0.621627748012543,-0.701287090778351,1.58155405521393
"TCGA-E9-A249-01",0.415152877569199,0.994259059429169,-1.00392293930054,0.386728465557098,-0.481760621070862,-2.89890837669373,1.27796721458435,-0.76498943567276,-1.29069519042969,-0.840470850467682,-0.714009940624237,0.441411882638931,0.635603845119476,1.80212664604187,2.26035451889038
"TCGA-UL-AAZ6-01",3.75068831443787,-0.881461262702942,0.695904850959778,-1.48988604545593,-0.53817892074585,0.95644199848175,-0.894344508647919,1.22022938728333,1.78720128536224,1.02176308631897,2.18394994735718,0.926451981067657,-0.55001699924469,0.613535404205322,1.45642256736755
"TCGA-A2-A0T4-01",1.1483062505722,0.427166104316711,-0.158191472291946,2.22298789024353,2.06448674201965,0.984947443008423,-0.114065088331699,0.304056972265244,0.00228997808881104,-0.305613994598389,0.209229782223701,-0.602859795093536,0.00810361094772816,-0.876898646354675,0.333242446184158
"TCGA-BH-A0AZ-01",-0.0414743274450302,1.19676280021667,0.564867377281189,-0.873171985149384,0.759811520576477,-0.338672518730164,-0.176840826869011,0.552344858646393,0.20782046020031,0.130985260009766,0.501249849796295,-1.49202382564545,0.0896306112408638,-0.26934489607811,-0.0899104401469231
"TCGA-AO-A03U-01",-3.30114483833313,0.184437677264214,-0.160553678870201,0.389361560344696,-1.50838935375214,0.740704774856567,0.0949938371777534,0.0347792357206345,-0.847329437732697,0.114258758723736,1.00394761562347,-1.21481776237488,0.483702689409256,1.39306831359863,-0.434698611497879
"TCGA-A2-A0CO-01",0.991306960582733,0.45604419708252,1.47797584533691,-0.0575273223221302,2.49174737930298,0.0630916804075241,0.471616894006729,0.245688125491142,-1.26880550384521,-0.551193416118622,-0.375832051038742,0.27914297580719,0.754730224609375,-0.441330224275589,-1.02999627590179
"TCGA-D8-A1JE-01",-0.203028187155724,1.74533414840698,-2.08047127723694,-0.935944676399231,-1.97496664524078,-1.02875447273254,-0.301123887300491,1.49462378025055,-1.83135712146759,1.57504534721375,0.176791146397591,-0.60664165019989,-0.882182002067566,-1.04726719856262,-1.14133858680725
"TCGA-A7-A0D9-11",-3.65162062644958,0.829865276813507,-2.84043431282043,0.670408546924591,3.08464789390564,2.0737133026123,-0.858643114566803,-0.608953952789307,-0.157169803977013,-0.194777458906174,0.791782259941101,-0.985953211784363,-0.2866590321064,0.630233764648438,-0.332091122865677
"TCGA-BH-A0H0-01",1.86969697475433,0.875777065753937,-1.43235433101654,-1.37696182727814,1.00859236717224,0.0208128448575735,-1.41614806652069,0.305166870355606,-0.176095604896545,-1.85842895507812,-0.78208065032959,0.753358721733093,2.74974060058594,1.20964848995209,-0.694637417793274
"TCGA-AR-A5QP-01",-0.0449853949248791,0.600859761238098,1.64090371131897,1.77409267425537,0.0453341342508793,0.297388017177582,-0.111329704523087,-0.645881056785583,-0.313875526189804,-0.143837198615074,0.0247987154871225,-0.0206810049712658,-0.3519007563591,-0.676313519477844,0.159947946667671
"TCGA-D8-A27R-01",0.568953096866608,-0.643363654613495,-0.164390668272972,-0.311959743499756,0.60435950756073,0.472886502742767,-0.0658471882343292,1.09408962726593,3.02138543128967,-0.164237752556801,0.0276513025164604,0.67507529258728,-2.16306328773499,-0.806392312049866,2.11951231956482
"TCGA-C8-A278-01",0.415056973695755,-0.797236323356628,-0.375877290964127,0.394789338111877,-1.19323575496674,1.34162127971649,2.75259232521057,0.0531655997037888,-0.0566888302564621,0.405347764492035,-0.874075293540955,-0.494886249303818,0.0572905503213406,0.995762884616852,-0.528670191764832
"TCGA-A7-A13G-01",-0.735294699668884,1.76704633235931,-0.853323459625244,1.0479211807251,-0.183785796165466,-2.78241157531738,-0.00547994952648878,0.117232382297516,0.59175044298172,2.18084812164307,0.127767235040665,0.59858638048172,0.95066249370575,-0.651590049266815,-1.15156030654907
"TCGA-A2-A0EP-01",-2.07059049606323,0.759741127490997,-1.3800653219223,1.33564591407776,2.04438161849976,1.2481861114502,1.94011771678925,1.37215316295624,-0.670766294002533,-0.633245468139648,-0.174170672893524,0.814194560050964,0.486032366752625,-1.54681384563446,-0.132963940501213
"TCGA-A2-A0T0-01",-2.45414209365845,-2.25917029380798,-0.554404258728027,-1.51825475692749,-1.94719958305359,-0.450011670589447,-0.278104811906815,-0.89052802324295,0.758664846420288,0.023023584857583,0.977796733379364,0.0144932577386498,0.106524556875229,1.18775999546051,-0.387402504682541
"TCGA-D8-A27I-01",-0.71977037191391,0.964554786682129,0.823854088783264,-0.658523559570312,1.00310778617859,1.18461358547211,0.264865130186081,-0.66745513677597,-0.779633283615112,-0.484945952892303,-0.791189908981323,-0.550591230392456,-0.404746443033218,-0.712043404579163,0.758311152458191
"TCGA-AC-A2FM-01",3.42551183700562,-0.0357854291796684,-0.11508908867836,2.94953560829163,1.24536824226379,0.945277273654938,-1.95430827140808,0.286115020513535,1.28015041351318,-0.0343323908746243,-0.116527758538723,0.602949678897858,0.0904249623417854,0.467185765504837,-0.866837501525879
"TCGA-BH-A1EY-01",0.710085153579712,-0.0757411122322083,-0.770446181297302,0.464199930429459,-0.246246591210365,0.484554260969162,1.86256492137909,0.433683723211288,-0.535408437252045,1.34538853168488,-0.691666543483734,0.0546991638839245,-1.00644254684448,-0.512413084506989,0.830242455005646
"TCGA-E9-A1NF-01",0.921369314193726,0.163177758455276,-1.21366882324219,0.923981904983521,-1.04004490375519,-0.247241780161858,1.57506263256073,-0.802974939346313,-0.454911559820175,1.86369574069977,0.62317830324173,-0.594394087791443,-1.97187495231628,0.0577038154006004,-0.0278744995594025
"TCGA-BH-A0B6-01",0.390164256095886,0.256918251514435,-0.0791360214352608,0.410147577524185,-0.748357594013214,0.590836942195892,1.52901721000671,1.24206697940826,0.159478202462196,-0.458321630954742,-1.04074656963348,1.10925805568695,-0.391669064760208,-2.46141862869263,-0.379419714212418
"TCGA-D8-A1XL-01",-0.116933107376099,0.386633396148682,-0.992270886898041,0.873587191104889,-1.49561142921448,-1.41867136955261,1.11094105243683,-1.0669047832489,1.62636661529541,-2.87960648536682,-0.656675577163696,1.66294276714325,-1.50867688655853,0.00245251692831516,-0.162639588117599
"TCGA-GM-A2DO-01",-0.811280071735382,0.458416670560837,-0.708321988582611,-0.227200105786324,-1.94796109199524,2.18028378486633,0.76609593629837,1.88270556926727,-0.374252438545227,-2.84683156013489,-0.671664834022522,1.87538635730743,0.969510734081268,-0.34783861041069,-0.362571865320206
"TCGA-A8-A0AD-01",0.609341144561768,1.84583568572998,-1.99065041542053,-2.16544055938721,-0.701040685176849,-0.445167750120163,-0.482311964035034,-0.263941496610641,-0.447933912277222,-0.535221993923187,-0.0365927740931511,-0.227646037936211,1.3491427898407,0.460686147212982,-2.66972160339355
"TCGA-Z7-A8R5-01",-0.6510409116745,0.358504414558411,2.32451343536377,0.809112191200256,-0.949915707111359,0.462335735559464,0.56178867816925,-0.317155390977859,-0.832376062870026,0.190924316644669,1.04662573337555,1.01263618469238,0.293946653604507,-1.4069150686264,0.181557476520538
"TCGA-BH-A0HI-01",0.205279916524887,1.76887476444244,-0.528867542743683,0.682924628257751,-0.786397397518158,-2.34298968315125,0.887172222137451,0.547230899333954,0.178625613451004,1.23977434635162,0.217068642377853,-0.293429404497147,1.2412109375,-1.19540226459503,-0.694886982440948
"TCGA-AC-A23E-01",1.13170325756073,1.03255712985992,-0.460129976272583,-0.496232509613037,-1.79658627510071,-0.386866122484207,0.229412406682968,-1.2092342376709,0.0363021939992905,0.161288529634476,0.729919850826263,-1.87978065013885,0.563996136188507,-0.761713802814484,-1.18098747730255
"TCGA-AQ-A7U7-01",0.204180657863617,0.249700918793678,0.190652891993523,1.35085070133209,-0.68433153629303,1.27667856216431,0.786467850208282,1.16640377044678,-0.954305648803711,-0.987848460674286,-0.873302698135376,-0.0662040486931801,0.0109560256823897,-2.07176423072815,0.187971621751785
"TCGA-C8-A26X-01",0.440061062574387,-1.30108511447906,-0.277625918388367,0.639990746974945,-0.750130772590637,1.6561803817749,2.92028832435608,-0.103801988065243,-1.1139132976532,0.938228487968445,-0.79610538482666,0.200784131884575,0.366155862808228,1.6320413351059,0.265203654766083
"TCGA-D8-A1XJ-01",1.93591713905334,-1.16723811626434,-0.391515225172043,2.30241584777832,-0.969308257102966,-0.079522080719471,1.58038914203644,-1.58843660354614,1.3341623544693,1.91369950771332,-0.548309206962585,1.06227648258209,-0.374307036399841,1.01696228981018,-0.370339930057526
"TCGA-B6-A1KN-01",2.52442240715027,-0.766900181770325,1.01454973220825,0.377624601125717,0.146009713411331,1.01118135452271,0.155514821410179,-0.229298934340477,0.600074350833893,0.0330430865287781,0.00858876947313547,-0.808114528656006,-1.07543385028839,0.903029322624207,-1.63212954998016
"TCGA-AR-A1AM-01",-0.916199505329132,1.23138809204102,1.22913026809692,-1.34514486789703,0.0711794346570969,-0.434105843305588,0.442094683647156,-0.0987356379628181,0.207447454333305,-0.13183069229126,-0.344366461038589,0.0448199287056923,-0.245654970407486,-0.755148231983185,0.402482271194458
"TCGA-A2-A4S0-01",-1.65088355541229,2.20244193077087,-2.24238181114197,0.14326074719429,-0.816302061080933,-2.03077173233032,-1.36718833446503,2.11272025108337,0.15934382379055,1.24576103687286,-0.176956728100777,2.48661112785339,-0.925557255744934,1.5436704158783,1.20961582660675
"TCGA-AO-A1KP-01",2.96395444869995,0.528937160968781,-0.336248248815536,-0.031975518912077,-1.13652300834656,-0.440305531024933,-1.06850779056549,-1.32975947856903,1.42837798595428,-1.39484035968781,0.479086697101593,-0.178688928484917,0.321834027767181,0.365118861198425,1.00975120067596
"TCGA-EW-A1OX-01",3.64813876152039,-0.452544242143631,-1.50984525680542,-0.925382852554321,-0.588095605373383,0.702300071716309,-2.91664481163025,2.53275394439697,-0.387345522642136,1.5647805929184,-0.951051652431488,-0.157934695482254,-0.677493512630463,0.480981856584549,1.54026520252228
"TCGA-BH-A0B2-11",-3.0160756111145,1.01486921310425,1.41144025325775,0.767222285270691,1.00866794586182,0.90818327665329,-0.730352878570557,-0.844072282314301,0.143809244036674,0.509346902370453,-0.897509515285492,0.538314998149872,0.310999631881714,0.560634732246399,-0.0743291154503822
"TCGA-E9-A1NC-01",-2.56951594352722,-1.86602902412415,0.665793716907501,-0.665749549865723,-0.278040617704391,-0.0655383765697479,-0.00105233816429973,1.36072707176208,-0.496173322200775,-0.732543587684631,2.18760323524475,-0.413263469934464,-0.142592638731003,-1.6338198184967,-0.922529757022858
"TCGA-LL-A740-01",1.81080520153046,-1.42749273777008,0.262287735939026,1.06179714202881,-0.894106268882751,1.88634264469147,1.43870294094086,-1.34214413166046,-0.963124871253967,1.75743007659912,0.775485694408417,-1.10309481620789,1.29139649868011,0.952926814556122,0.852650880813599
"TCGA-BH-A0C3-01",-0.769212782382965,1.08101534843445,-1.51142609119415,-1.10090327262878,2.41303849220276,1.27900779247284,0.392938584089279,0.435577213764191,0.766230821609497,-0.567030191421509,-0.280861347913742,-0.917845010757446,2.09131336212158,0.59807425737381,0.220593839883804
"TCGA-BH-A0H9-01",-1.46248555183411,1.0825400352478,-0.315084606409073,-2.62965607643127,0.991377711296082,-1.75185561180115,0.351566940546036,1.07353866100311,1.38121783733368,0.906506478786469,-0.127622410655022,0.0873072221875191,-2.81937432289124,0.310225069522858,-0.873156905174255
"TCGA-D8-A1X8-01",0.842385590076447,1.2940126657486,0.606009542942047,-0.845852017402649,-0.533769190311432,-0.0751020088791847,-0.484904199838638,0.061210360378027,-0.663413345813751,0.351360112428665,-1.34755825996399,-0.433640986680984,0.509287774562836,-1.17121779918671,-0.0255379993468523
"TCGA-E9-A22A-01",-0.1186388656497,0.349436968564987,-1.19254910945892,0.96487283706665,-1.39187705516815,0.674563825130463,0.411414623260498,1.10335624217987,0.798877716064453,-0.234837561845779,0.859970092773438,-1.04069912433624,-0.364861398935318,-1.10916137695312,1.265704870224
"TCGA-AR-A1AI-01",-2.3677453994751,-2.86485052108765,-0.47189649939537,-0.91402268409729,-1.16074693202972,-0.527263164520264,0.306524366140366,0.873469710350037,-0.770550191402435,-1.53459799289703,-0.432916045188904,0.11662170290947,-0.38357013463974,1.29477727413177,-0.918405592441559
"TCGA-AC-A2BK-01",-1.40799272060394,-3.62072730064392,-1.38910222053528,-1.30589580535889,-1.02959883213043,-1.63228118419647,-1.84853661060333,-1.14727234840393,-0.636765837669373,-0.480987519025803,-1.96679484844208,0.998835206031799,-0.271535873413086,-0.351501882076263,-0.0841831117868423
"TCGA-A7-A13H-01",-0.230605021119118,1.13537037372589,1.17733192443848,0.170134633779526,-0.179347172379494,-0.167086988687515,0.371698319911957,-0.202525720000267,-0.510454118251801,-0.957601130008698,0.340822845697403,-0.226495295763016,-0.00362442643381655,-1.35030782222748,-0.0319028981029987
"TCGA-LL-A6FQ-01",3.32141184806824,-0.0276273265480995,-0.0464225672185421,-1.77804231643677,0.398335784673691,-0.23369736969471,-0.0755149573087692,0.392814993858337,-0.809733033180237,1.20102787017822,1.6065366268158,1.43479871749878,0.488945782184601,-1.00765609741211,0.440492153167725
"TCGA-C8-A1HO-01",3.4096405506134,-0.134224876761436,-1.06072962284088,1.60675930976868,-0.819928228855133,0.573989689350128,-1.74657166004181,1.51443767547607,1.0365047454834,0.361993074417114,-1.80045628547668,0.610591053962708,-0.810265481472015,-0.225339457392693,0.313488304615021
"TCGA-D8-A1XO-01",-0.121258273720741,1.52015328407288,-0.874434888362885,0.02546769939363,-0.968761146068573,-1.83239674568176,1.16542267799377,-0.693795323371887,-0.453141033649445,0.0484357103705406,-0.387041091918945,-0.566367089748383,0.555158257484436,-1.22542595863342,0.160947129130363
"TCGA-E2-A1LE-01",1.07179927825928,-1.32550740242004,-0.682031810283661,1.39791965484619,1.14863181114197,1.3556342124939,1.93892276287079,-0.876363575458527,0.426475435495377,1.17020845413208,-0.0578019507229328,0.164375200867653,0.288120687007904,0.856064200401306,-0.601050972938538
"TCGA-E2-A15J-01",1.75789904594421,1.14975678920746,-1.06822514533997,1.85908138751984,-0.87866884469986,-2.1912796497345,0.232839375734329,0.0911608263850212,-1.86748743057251,0.678050875663757,0.276589334011078,-0.0221023224294186,0.782475233078003,1.98058915138245,0.356647372245789
"TCGA-BH-A1FE-01",-0.183503404259682,0.531756281852722,0.499552547931671,0.121916644275188,-1.2227383852005,0.896038413047791,1.12081050872803,-0.586814880371094,-0.197659492492676,-1.3246876001358,-1.33280146121979,-1.35509514808655,-0.736831903457642,-0.520667850971222,0.531708359718323
"TCGA-D8-A27G-01",1.93974566459656,-0.275467067956924,-0.859412729740143,0.480365663766861,0.396946549415588,1.18124008178711,0.44000518321991,-0.516476273536682,-0.727839767932892,0.13710780441761,-1.43471992015839,-0.279652237892151,0.639050900936127,-1.30036664009094,0.849728763103485
"TCGA-BH-A42T-01",2.73910164833069,-0.11899957805872,-0.920722663402557,1.8147075176239,2.22455382347107,-0.27352049946785,-0.39036637544632,-0.844642043113708,-0.0173793807625771,-0.512685179710388,0.706817090511322,1.10779070854187,0.411402851343155,-0.680061340332031,2.0618999004364
"TCGA-B6-A0X5-01",1.47602486610413,0.93154114484787,-1.22053098678589,-3.77074551582336,-2.44431614875793,0.810170352458954,-0.550374090671539,-0.563215851783752,-1.4116462469101,0.304041087627411,0.217108175158501,1.49735128879547,-0.0945542305707932,1.90862894058228,-2.60233879089355
"TCGA-A2-A0YK-01",-0.169705122709274,-0.0634465590119362,1.8921982049942,1.20533215999603,1.83292400836945,0.45660737156868,1.03629207611084,-0.00336909503675997,-0.34209406375885,0.40457746386528,-1.78926229476929,-0.247606605291367,-0.0703897550702095,-0.697328984737396,-1.06248474121094
"TCGA-D8-A27P-01",-1.46934854984283,1.84750425815582,0.823710560798645,-1.04871785640717,-1.65781509876251,-1.94340193271637,0.262307733297348,-0.240114212036133,-0.372816681861877,1.14709663391113,-0.198944553732872,-0.645455539226532,-0.45661523938179,0.0297785233706236,-0.485279679298401
"TCGA-BH-A0DS-01",2.8687379360199,-0.523606538772583,-0.231099352240562,2.08290195465088,1.7380450963974,0.199265286326408,1.0578920841217,-1.05025947093964,-0.832364976406097,-0.444978356361389,-0.495094329118729,0.303936690092087,0.155199289321899,1.05208563804626,0.229600861668587
"TCGA-E2-A1L6-01",-0.341173619031906,1.6193687915802,1.14656662940979,-0.0317917428910732,0.473010152578354,-1.05010533332825,-0.1755750477314,0.479420930147171,-0.48776763677597,0.797316312789917,-0.472409427165985,-0.423747211694717,0.418649882078171,-0.552596390247345,0.353066354990005
"TCGA-BH-A0DG-01",0.448210030794144,0.281080782413483,0.684424996376038,1.14446592330933,1.32848942279816,0.311318963766098,0.211601361632347,1.61849868297577,0.192378386855125,0.564946174621582,-0.529606640338898,-1.58205354213715,-1.28305900096893,-0.804473638534546,-0.241848528385162
"TCGA-BH-A5IZ-01",-1.65096652507782,-3.09882831573486,-0.112467527389526,-0.0287407245486975,-0.786668598651886,-1.38725960254669,-0.722245812416077,1.00492107868195,-0.555982410907745,0.0889916718006134,1.70047032833099,-0.701644778251648,1.07362806797028,0.0522351376712322,-1.12988722324371
"TCGA-E2-A107-01",1.70901250839233,0.288935244083405,0.676633238792419,-0.267596185207367,0.302142888307571,-0.587003469467163,0.378499507904053,-0.338909715414047,-0.764700531959534,0.18180325627327,-0.119145199656487,0.831244111061096,0.619706571102142,-0.387961536645889,-1.72060072422028
"TCGA-AR-A252-01",-0.997112452983856,0.268559217453003,0.29550775885582,0.149294883012772,1.28123557567596,1.3320004940033,0.187352627515793,2.65001463890076,-0.114727467298508,0.206758931279182,-1.97946929931641,-0.243277624249458,-1.06937563419342,0.182517558336258,0.746475279331207
"TCGA-BH-A202-01",1.02284455299377,-1.16672146320343,-0.105471342802048,1.26480400562286,-0.833185434341431,-0.249166339635849,1.70655882358551,-0.845686256885529,0.0661913976073265,1.04521763324738,-1.57526552677155,-0.191724523901939,0.131182625889778,1.531285405159,1.87950599193573
"TCGA-AO-A1KT-01",1.64429891109467,0.350853651762009,-0.140883773565292,-1.05443692207336,-1.59793317317963,0.102603159844875,-0.406928986310959,-0.627603948116302,-1.58594822883606,-0.830973744392395,0.959522545337677,0.159583479166031,-4.24539852142334,-0.0654576346278191,-0.956505119800568
"TCGA-D8-A1XW-01",-2.90767621994019,-1.7180632352829,-0.348006308078766,-0.699556589126587,-1.78795170783997,-0.74220871925354,-0.587936699390411,-0.834932088851929,-0.736659586429596,-0.0591880194842815,0.000861282285768539,-0.216521486639977,-0.843136787414551,0.310776859521866,-1.90838849544525
"TCGA-D8-A1JU-01",-1.10756492614746,1.56380701065063,-0.62767493724823,0.212555676698685,1.48355531692505,-0.357118636369705,0.569260895252228,-0.851993083953857,-0.470178782939911,-0.130686610937119,-0.597430825233459,-1.00336945056915,0.286184191703796,-0.812381446361542,0.345960527658463
"TCGA-E9-A1N5-01",0.505311071872711,1.38504612445831,-1.5718457698822,0.0029736717697233,0.46794980764389,-0.636139214038849,0.438487619161606,-0.198718711733818,0.601243376731873,-1.16794312000275,-0.212899431586266,-0.375512391328812,0.92289787530899,-0.570577561855316,0.526149094104767
"TCGA-A2-A4S1-01",-0.809529900550842,-1.94128799438477,-3.09831738471985,-1.5663183927536,-0.947745323181152,1.52171444892883,-0.0984323397278786,-1.03957200050354,-0.653781175613403,1.32828330993652,0.231253400444984,-0.135067194700241,-0.431075155735016,-1.63114500045776,1.36881673336029
"TCGA-A2-A0YG-01",3.00040221214294,-1.27518916130066,0.452401250600815,0.545487403869629,-0.512558400630951,0.734055519104004,0.857466280460358,-0.164643034338951,1.41803193092346,1.55568969249725,-1.27963042259216,-0.878917932510376,-0.0222399663180113,1.02149522304535,-0.667448043823242
"TCGA-D8-A1X6-01",1.0535763502121,1.46730470657349,-2.10590195655823,-2.65732169151306,-1.5482474565506,-0.698787212371826,-0.178298324346542,-1.04564487934113,0.188971266150475,-1.66528713703156,-0.17258583009243,1.0034499168396,0.847085535526276,1.31416046619415,-0.139813140034676
"TCGA-BH-A1FE-06",-3.55794334411621,1.02320265769958,-3.64848875999451,0.415097296237946,-1.58736169338226,1.85788321495056,-1.56810200214386,-0.652152359485626,0.337553083896637,0.371032059192657,-0.895661354064941,-0.199014917016029,-1.00924122333527,-1.05892026424408,0.491317510604858
"TCGA-E9-A1NI-01",2.21829652786255,0.619517743587494,-0.774227261543274,-1.81402492523193,-0.852788090705872,-0.183860883116722,0.67056268453598,-0.0769204720854759,0.397525399923325,0.755851030349731,1.12785243988037,0.0612445622682571,0.782281816005707,-0.140092119574547,1.37087535858154
"TCGA-BH-A0HY-01",3.61358070373535,-1.47534573078156,-0.321909666061401,0.667509436607361,1.27503943443298,0.244117766618729,-0.270563244819641,-0.947828888893127,-0.271619766950607,1.22076964378357,-0.531305491924286,-1.21306490898132,-0.551502108573914,-0.302031844854355,1.52906274795532
"TCGA-AR-A24T-01",1.37568175792694,0.428216487169266,0.352365672588348,1.93015551567078,-0.597076714038849,1.03346312046051,-0.860787928104401,-0.422100841999054,-0.645901620388031,0.14325538277626,-0.689137935638428,-1.41938960552216,0.418361455202103,-1.43191587924957,0.25706073641777
"TCGA-E9-A1NF-11",-3.58182764053345,0.818989515304565,-4.49477672576904,0.438810557126999,2.91841578483582,2.03009271621704,-1.19422280788422,-1.05375277996063,-0.189750999212265,0.127855435013771,-0.0342482551932335,-0.526210904121399,-0.476060628890991,-0.534725844860077,0.0657179728150368
"TCGA-AO-A0JA-01",2.17804026603699,-0.1438148021698,0.665011167526245,-0.438166111707687,0.274370610713959,0.370865553617477,0.190182447433472,0.122736215591431,0.818686306476593,0.960114002227783,-0.677798211574554,-1.40825855731964,0.773121893405914,-1.00782907009125,0.560141265392303
"TCGA-D8-A1XZ-01",1.4932758808136,-0.325928181409836,-1.28225660324097,-0.422263413667679,-1.4017026424408,-0.0828590989112854,0.352005451917648,-1.24657022953033,0.884300827980042,-1.88574588298798,-0.430380433797836,0.781879186630249,-3.13869190216064,0.0865470990538597,-1.58280575275421
"TCGA-A7-A13E-11",-3.29374837875366,1.14491641521454,-0.476462334394455,0.730691075325012,2.36224794387817,1.5987913608551,-0.766111075878143,-0.938709199428558,-0.133944869041443,0.442020177841187,-0.135286390781403,-0.354377776384354,-0.265973150730133,0.239648386836052,0.0988298505544662
"TCGA-C8-A8HP-01",-1.36711120605469,-0.738937735557556,-0.262101233005524,0.0510939285159111,0.281805127859116,0.987590909004211,2.64972496032715,1.14241170883179,1.5754988193512,0.107191599905491,1.08022916316986,1.64405155181885,-0.270018845796585,-0.1315738260746,0.174556359648705
"TCGA-E9-A5FL-01",-1.82806503772736,-1.22944402694702,-0.507840156555176,0.117383249104023,1.82442820072174,0.896396517753601,0.282395869493484,0.705348312854767,2.24848556518555,0.952355921268463,4.54735517501831,-0.773747861385345,-0.941496551036835,0.264990210533142,-0.199110135436058
"TCGA-AC-A2FB-11",-3.31824946403503,1.21542775630951,1.10353112220764,0.519196569919586,1.42285549640656,1.38085317611694,-0.879604876041412,-0.643222332000732,-0.0398027896881104,0.825967967510223,-0.0120834475383162,-0.018691573292017,-0.325564861297607,0.0553712621331215,0.197185054421425
"TCGA-A2-A3XT-01",-1.86242187023163,-2.28220725059509,-0.93052613735199,-0.849547863006592,0.571817815303802,-0.699246346950531,-0.29163521528244,0.71138471364975,-0.76601505279541,-0.39839768409729,-0.0805595591664314,-0.0845010802149773,1.35097980499268,-0.297077298164368,0.491669744253159
"TCGA-B6-A0X7-01",0.93193906545639,0.951693773269653,0.265700280666351,0.574624180793762,1.32632946968079,-1.1842006444931,-0.247043684124947,-1.91876316070557,0.518671631813049,-1.83432388305664,-0.275323063135147,-0.701138138771057,0.633835315704346,-0.340857803821564,0.611131131649017
"TCGA-BH-A1EV-11",-3.13340425491333,0.880061864852905,1.14464211463928,0.6618332862854,1.33318376541138,0.982125818729401,-0.504436075687408,-1.03967082500458,0.231617957353592,0.911022365093231,-0.561148166656494,-0.668314456939697,-0.257166057825089,0.801606833934784,0.227603435516357
"TCGA-3C-AALJ-01",2.33124947547913,-0.531772136688232,-1.38029754161835,-0.812883198261261,1.57145953178406,1.07641196250916,-0.676109254360199,2.53573822975159,0.982342123985291,0.735687792301178,-0.309957176446915,0.313190281391144,-0.103184260427952,-0.491708546876907,0.910504043102264
"TCGA-B6-A0X1-01",-2.61263704299927,-2.19876575469971,-0.990978360176086,-0.484906196594238,-1.24559700489044,-1.0920284986496,-0.163925260305405,0.891875267028809,-0.131474986672401,-0.198750525712967,0.845625340938568,-0.492659032344818,0.408017963171005,1.40543305873871,1.36143922805786
