"","Factor1","Factor2","Factor3","Factor4","Factor5","Factor6","Factor7","Factor8","Factor9","Factor10","Factor11","Factor12","Factor13","Factor14","Factor15"
"CLEC3A",0.130120992660522,0.301220417022705,0.0645607858896255,-0.0422764495015144,-0.0388673879206181,-0.0814374908804893,0.317954987287521,0.0986808091402054,-0.0369395911693573,0.344186395406723,-0.026672163978219,0.158389523625374,-0.0489554926753044,-0.0997404679656029,0.0010566912824288
"CPB1",0.129757031798363,0.565378069877625,0.150245353579521,-0.0114525472745299,-0.00104723917320371,0.057140227407217,-0.493985027074814,0.448478311300278,0.130686208605766,0.215407341718674,-0.0574516840279102,0.0502762123942375,-0.10202357172966,0.042145874351263,-0.0211000181734562
"SCGB2A2",0.0997076034545898,0.577027916908264,0.550809621810913,0.00686608999967575,0.000427154445787892,-0.077641025185585,0.260633915662766,-0.116742700338364,-0.0134014282375574,0.258809626102448,-0.0235898140817881,0.107066266238689,-0.0339007824659348,-0.137197971343994,-0.185035645961761
"SCGB1D2",0.0636219307780266,0.498663872480392,0.487441718578339,0.0133088193833828,0.00191321060992777,-0.0517364405095577,0.130708575248718,-0.0677475035190582,-0.0240445677191019,0.237792894244194,-0.0376166254281998,0.159721806645393,-0.00864326674491167,-0.145921424031258,-0.179006040096283
"TFF1",0.363773196935654,0.685820877552032,0.413909405469894,0.0121545577421784,0.026900727301836,-0.138052091002464,0.106361716985703,0.244871437549591,0.0105764102190733,0.129849284887314,-0.0296964216977358,0.194669634103775,-0.0385584309697151,-0.209869548678398,-0.0890116393566132
"MUCL1",-0.0741660967469215,0.230544060468674,0.621205687522888,-0.00508936587721109,0.0271376017481089,0.286225140094757,0.481412649154663,-0.149543970823288,0.0901544839143753,0.376408517360687,-0.0306699760258198,0.0794971287250519,0.0116217704489827,0.145593598484993,-0.0593376085162163
"GSTM1",0.00710270553827286,0.148991465568542,0.0653881952166557,0.000915059179533273,-0.000248699536314234,0.0759279355406761,0.0277975145727396,-0.00762900384142995,-0.0298380274325609,-0.0576125420629978,0.124815672636032,0.0778828039765358,0.00341038615442812,0.0200408715754747,-0.00699519226327538
"PIP",0.0163230821490288,0.582650363445282,0.384219169616699,-0.00284711294807494,-0.00272596185095608,-0.118974842131138,0.462790220975876,-0.0332114733755589,-0.237357035279274,0.54489678144455,-0.0662675499916077,0.248836502432823,0.0584316067397594,0.173900216817856,0.0321458987891674
"ADIPOQ",-0.152424201369286,0.275883734226227,0.121539071202278,-0.0275136791169643,1.03173899650574,0.187432110309601,-0.0104205003008246,-0.0755342692136765,0.00914010684937239,-0.0742161124944687,-0.130992159247398,-0.110659830272198,-0.00186723633669317,0.0601291954517365,-0.0117241879925132
"ADH1B",-0.184135213494301,0.325952887535095,0.197165280580521,-0.00708696944639087,0.940179228782654,0.242540925741196,0.0104411374777555,-0.0598810017108917,0.00648320652544498,-0.0938019528985023,-0.162756592035294,-0.0272482354193926,0.00297451880760491,0.00273711490444839,0.00680070091038942
"HMGCS2",0.0671860575675964,0.451606690883636,0.488848716020584,-0.036784466356039,0.178697034716606,0.0507738180458546,0.295987129211426,-0.151934608817101,-0.113801337778568,0.436046332120895,-0.13953872025013,0.256162524223328,0.0275424625724554,-0.0501684583723545,-0.199793428182602
"S100A7",-0.0313820503652096,-0.286222994327545,0.16013790667057,0.0407827906310558,-0.00411335052922368,-0.00346460822038352,0.604779660701752,0.0627516657114029,-0.00415442232042551,0.17051488161087,0.369812667369843,-0.115215674042702,-0.020093772560358,0.2633436024189,0.205994144082069
"CYP2B7P1",0.278773456811905,0.531086564064026,0.0164717752486467,-0.0320498794317245,0.0146189630031586,-0.185963079333305,0.090455487370491,0.0678033083677292,-0.0519086308777332,0.077418677508831,-0.119727067649364,0.142243087291718,-0.0652421116828918,-0.102587170898914,0.110501937568188
"ANKRD30A",0.166456758975983,0.644932568073273,0.241400077939034,0.11322058737278,0.0723021551966667,-0.203551486134529,0.166507765650749,-0.0436457432806492,0.0161850787699223,0.12394192814827,-0.315473586320877,-0.157300189137459,0.0471505038440228,0.0143645899370313,0.0840757414698601
"TAT",-0.0958584398031235,0.402261048555374,0.556957542896271,0.0429071001708508,0.0264004915952682,0.0541704669594765,-0.0435514263808727,0.0564759932458401,0.0103933969512582,0.260659039020538,-0.146387949585915,0.162446141242981,-0.0423045456409454,0.231545969843864,0.0301656387746334
"PRAME",-0.0909278243780136,-0.521697282791138,0.0171605367213488,-0.0126317106187344,-0.00880290474742651,-0.0632774829864502,0.0655858665704727,0.130889683961868,0.276968389749527,-0.116944156587124,0.0721563100814819,0.00839071441441774,-0.238350942730904,-0.118887916207314,-0.0171898957341909
"CYP4Z1",0.07037103921175,0.420475900173187,0.203865960240364,0.00126637693028897,0.01280886400491,-0.0724063590168953,0.566739082336426,-0.312662690877914,-0.19364133477211,0.239973083138466,-0.132867634296417,0.0393889062106609,0.105229072272778,-0.0318014472723007,-0.0308934580534697
"SERPINA6",0.0297712795436382,0.424734860658646,0.135809496045113,-0.109833180904388,0.0039204740896821,-0.121858403086662,-0.148027792572975,0.248509585857391,0.0255129616707563,0.182934775948524,0.0189821682870388,0.140884578227997,-0.063827320933342,0.0874089673161507,0.00256170984357595
"AGR3",0.382985472679138,0.695488214492798,0.319493889808655,0.00275205890648067,0.00824321433901787,-0.132305294275284,-0.0287659782916307,0.133381515741348,-0.00605643913149834,-0.0223523490130901,-0.0502252690494061,0.0807342305779457,-0.0773224234580994,-0.133767306804657,-0.082175999879837
"UGT2B11",-0.0438619405031204,0.347295343875885,0.206832990050316,0.00761805102229118,-0.0825138464570045,0.0320363156497478,0.317352712154388,-0.1006118953228,0.00327408942393959,0.423491597175598,-0.0671596303582191,-0.0513756573200226,0.130306765437126,0.0504010915756226,-0.144878283143044
"TFAP2B",0.0216028615832329,0.2810138463974,0.451631039381027,0.0854600816965103,0.0412704646587372,-0.109753467142582,0.520753800868988,-0.368689686059952,-0.049155455082655,0.0968757942318916,-0.183409690856934,-0.00925995502620935,0.0263129249215126,-0.0178162772208452,0.194614559412003
"MUC6",-0.0721556544303894,0.275887101888657,0.394021928310394,-0.01282056607306,0.00792569853365421,-0.0249214358627796,0.158246323466301,-0.092185340821743,0.0790488198399544,0.111352115869522,-0.109711557626724,0.252660602331161,-0.131629332900047,0.0507425330579281,0.11549162119627
"KCNJ3",0.256107985973358,0.388002038002014,0.00421041483059525,-0.138511925935745,0.00072366779204458,-0.0563885681331158,-0.290179252624512,0.387223422527313,-0.00404136627912521,0.0494786947965622,-0.184343665838242,-0.112541422247887,0.0045837014913559,0.140831395983696,-0.115016408264637
"DHRS2",0.286963582038879,0.346192747354507,0.222343027591705,-0.0124780666083097,-0.0387250557541847,0.223966285586357,0.11473973095417,-0.060384463518858,0.182606428861618,-0.103050418198109,0.236646234989166,0.0169564075767994,-0.0502904020249844,0.0623582564294338,0.0532930828630924
"MYBPC1",-0.199707508087158,0.0918291285634041,0.4864581823349,0.0454910583794117,0.00440974067896605,-0.0831652507185936,0.0230511780828238,-0.23150072991848,-0.200197443366051,-0.0287419222295284,-0.159894540905952,-0.00647847075015306,0.140745401382446,0.116794534027576,0.015038289129734
"KRT14",-0.241662710905075,-0.000588535040151328,0.888258934020996,-0.00270073115825653,0.0664931982755661,0.0445848368108273,-0.221683084964752,-0.000560629006940871,-0.048445925116539,-0.110025182366371,0.372828364372253,-0.204486042261124,0.0101822819560766,-0.179377540946007,-0.0051216185092926
"C4orf7",-0.331516593694687,-0.279138803482056,0.51530784368515,0.095957487821579,0.00202165800146759,0.0862218216061592,0.047787006944418,0.195125430822372,-0.16064877808094,-0.28685462474823,-0.140034213662148,0.0176817737519741,0.0908903852105141,-0.0210604555904865,-0.0934305861592293
"SLC30A8",0.198187753558159,0.246034905314445,0.0684911757707596,-0.069677397608757,0.0010655028745532,-0.0663493871688843,0.0496843717992306,0.226702436804771,0.148908615112305,0.238904356956482,-0.0746879801154137,0.0155584458261728,-0.0448504537343979,-0.149631902575493,-0.195589333772659
"GABRP",-0.36214491724968,-0.30795356631279,0.739376664161682,-0.00722455466166139,0.0493041947484016,-0.0394929610192776,-0.243512660264969,0.0574892684817314,-0.0465637929737568,-0.185939535498619,0.0270524024963379,-0.20796275138855,0.0164046045392752,-0.0110310260206461,-0.0722447484731674
"SOX10",-0.336172997951508,-0.173242285847664,0.760403573513031,-0.00659389747306705,0.0680523812770844,-0.0168809536844492,-0.370530754327774,-0.0970845371484756,-0.0894663706421852,-0.133217424154282,-0.0543661676347256,-0.0889496058225632,0.00784292910248041,-0.213466688990593,-0.00778755126520991
"STAC2",-0.310523927211761,-0.138693451881409,0.742808997631073,-0.00783044006675482,0.0216245464980602,0.129668220877647,-0.000698999094311148,-0.160474076867104,-0.01209747325629,0.0644915252923965,0.0111436331644654,-0.0123005751520395,0.0798753872513771,0.0372939109802246,0.114624716341496
"KRT5",-0.278704941272736,-0.0979899913072586,0.820415556430817,0.00681469729170203,0.035590223968029,0.0731924250721931,-0.156068414449692,0.0627386420965195,-0.0417106226086617,-0.129001036286354,0.344447135925293,-0.304029047489166,0.0210262797772884,-0.0143071878701448,-0.0154699105769396
"VSTM2A",0.24723856151104,0.148175105452538,0.0264848489314318,-0.00173647375777364,-0.00746665289625525,0.0912394821643829,0.0261909756809473,0.0795701220631599,0.229681432247162,-0.117869541049004,-0.0182763431221247,-0.00097063957946375,-0.021658955141902,-0.196515068411827,-0.00512222526594996
"COL2A1",-0.00250672176480293,-0.0882432013750076,0.240567073225975,-0.0621982924640179,-0.153676480054855,-0.00162583997007459,-0.537618637084961,-0.0743811130523682,0.248009353876114,-0.33354577422142,-0.00291805248707533,0.233776822686195,-0.173996090888977,-0.159959316253662,0.0467006042599678
"CEACAM5",0.281606614589691,0.285002291202545,0.117886014282703,-0.0775938555598259,0.00198410009033978,-0.111677497625351,0.212614238262177,0.409593909978867,0.00115892931353301,0.355423241853714,0.0400443002581596,-0.121657691895962,-0.13146761059761,0.119038291275501,-0.257356524467468
"TUSC5",-0.14826563000679,0.252330482006073,0.108143240213394,-0.00234859460033476,0.937020182609558,0.193053856492043,-0.0239323414862156,-0.079643540084362,-0.00454500643536448,-0.0507330186665058,-0.00419477093964815,0.0184862613677979,0.0183306485414505,0.0122136836871505,-0.00170388713013381
"CALML5",-0.0585413761436939,-0.316328376531601,0.384006649255753,-0.0362492278218269,-0.00169807707425207,0.000339221063768491,0.402779221534729,0.0168131217360497,0.000671750982291996,0.172310367226601,0.256322115659714,0.106528535485268,0.0178138259798288,-0.04447141289711,-0.293142467737198
"GP2",0.234824731945992,0.497246831655502,0.254078388214111,-0.0421064682304859,-0.000836597697343677,-0.107939533889294,0.210853323340416,0.106264017522335,-0.0597740337252617,0.0826391577720642,-0.183440998196602,0.126260980963707,0.00151623878628016,-0.148450329899788,0.0353288166224957
"GSTT1",-0.0229638814926147,0.0944614857435226,-0.0278316009789705,0.00348303816281259,0.00581037905067205,0.123062998056412,-0.0356464348733425,-0.0259322319179773,-0.0168476812541485,0.049192700535059,0.0949913710355759,0.043817050755024,0.00773352710530162,-0.0212383605539799,0.0170854553580284
"FABP7",-0.324732512235641,-0.348730593919754,0.484698265790939,-0.00138072588015348,-0.0470152571797371,0.138487696647644,0.00555506674572825,-0.0801587924361229,-0.0848319754004478,0.0625546425580978,-0.0577652528882027,0.0282174702733755,0.11350679397583,0.133223116397858,-0.00408033328130841
"C1orf64",0.273848354816437,0.606077373027802,0.336625307798386,-0.00108673947397619,0.00329619110561907,0.011536093428731,0.0794410109519958,-0.0683320686221123,0.0627491995692253,-0.0811279714107513,-0.0249175224453211,0.187159508466721,-0.00532203447073698,-0.188984230160713,-0.18007580935955
"KRT6B",-0.243734151124954,-0.258297741413116,0.728914618492126,-0.00823761988431215,-0.00648941565304995,-0.0278801321983337,-0.175813436508179,0.0536703057587147,-0.0415605716407299,-0.114546254277229,0.418428599834442,-0.351054221391678,0.00420046178624034,0.017450837418437,-0.0383313484489918
"LEP",-0.214487180113792,0.173004403710365,0.0473259426653385,-0.00165337650105357,0.851906180381775,0.205071538686752,-0.0754799619317055,-0.1350267380476,0.00262427562847733,-0.000457700778497383,0.0421994738280773,0.00379843334667385,-0.00271845888346434,0.0879865735769272,-0.00458155572414398
"CRABP1",-0.255924224853516,-0.319249331951141,0.361898124217987,0.073301188647747,-0.0453166328370571,-0.110474862158298,-0.00599310081452131,-0.151690155267715,0.0033084531314671,0.00450306991115212,0.0343858525156975,0.265473663806915,-0.0641865432262421,-0.00189965637400746,0.199722021818161
"MUC5B",-0.0602073632180691,-0.249777689576149,0.378535449504852,-0.00897249765694141,0.0226421076804399,-0.192838579416275,0.146577447652817,0.292564123868942,-0.00839157495647669,0.238346308469772,-0.0341913513839245,-0.0385176800191402,0.0422637797892094,-0.0161087978631258,-0.245191410183907
"PIGR",-0.181975275278091,0.173927038908005,0.652145504951477,0.000112345507659484,0.0937588736414909,0.14144267141819,0.282525777816772,-0.0544512383639812,-0.0549820438027382,0.0185414869338274,-0.113649010658264,0.0636091455817223,-0.017353244125843,0.112430781126022,-0.0275428835302591
"SYT13",0.149255260825157,0.118699796497822,0.0915371105074883,-0.00176546548027545,-0.0306133236736059,-0.35552242398262,-0.127492219209671,0.292057305574417,0.210930153727531,0.000907401088625193,-0.0560367666184902,0.014159600250423,-0.112262614071369,-0.0182461068034172,0.174866482615471
"LTF",-0.227966964244843,0.120507195591927,0.375426709651947,-0.00612764386460185,0.0777314379811287,-0.116979904472828,0.500706553459167,0.111575864255428,-0.268222093582153,0.293637037277222,0.0207310933619738,0.0196988247334957,0.143910393118858,0.0627183690667152,-0.144753620028496
"TFF3",0.304806381464005,0.58837103843689,0.205611437559128,0.00809915363788605,0.0267752818763256,0.0152718033641577,0.119435414671898,0.123043335974216,0.0829974487423897,0.154335722327232,-0.0343349874019623,0.279458671808243,-0.0645574107766151,-0.185515001416206,-0.0436849556863308
"FABP4",-0.167150944471359,0.242803260684013,0.0613043904304504,-0.000689408741891384,0.804696559906006,0.257192313671112,-0.0220827665179968,-0.0956658720970154,0.00312229664996266,0.00236867344938219,-0.0148993572220206,0.0276837963610888,0.00225659552961588,-0.0704813748598099,0.0289055146276951
"GRIA2",-0.00341826747171581,0.298580676317215,0.0470430701971054,-0.0594624057412148,-0.000849344185553491,-0.205467313528061,-0.333227574825287,0.343437850475311,-0.0318813137710094,0.287383615970612,-0.0889745652675629,0.136955603957176,0.10661655664444,-0.00468593928962946,-0.108680181205273
"CST1",0.220464885234833,0.00727054802700877,0.0357300788164139,-0.000105457787867635,-0.00289185135625303,-0.176776185631752,0.370892137289047,0.256111741065979,0.0307199824601412,-0.148647278547287,0.0163572039455175,-0.197704911231995,-0.034271102398634,-0.187656298279762,-0.00562461279332638
"CIDEC",-0.169119149446487,0.201067417860031,0.103620618581772,-0.0259658899158239,0.906306326389313,0.183944925665855,-0.0747378021478653,-0.0983562394976616,-0.00703656207770109,-0.042535986751318,0.0457281060516834,0.070233128964901,0.00879664532840252,0.00811728276312351,-0.0374373383820057
"KLK11",-0.175388872623444,0.0309713874012232,0.429637670516968,-0.00407725665718317,0.0337253250181675,-0.0693037733435631,0.0652648359537125,-0.156648233532906,-0.0826759412884712,0.0289313457906246,0.158727839589119,0.0495665371417999,0.000877188809681684,-0.291825413703918,-0.147746354341507
"KLK5",-0.264534026384354,-0.143144637346268,0.727638840675354,-0.00402623508125544,-0.00158850417938083,0.0118490681052208,-0.183585628867149,-0.0624988153576851,-0.0123617956414819,0.00365446787327528,0.306366711854935,-0.204984307289124,-0.00295141129754484,-0.0516113750636578,0.0139240734279156
"OLFM4",-0.226028680801392,-0.057831808924675,0.574144124984741,0.00486567290499806,0.0904184505343437,0.119671806693077,0.00860618147999048,-0.000845128495711833,-0.0266569331288338,0.0449236258864403,-0.0374527387320995,-0.0832130461931229,-0.0235703494399786,0.0538213774561882,0.0039319465868175
"BMPR1B",0.156263709068298,0.342989087104797,-0.00951045192778111,-0.0769147127866745,-0.00661453837528825,-0.259080588817596,-0.166001096367836,0.214310243725777,-0.144224852323532,0.0072423149831593,-0.05801996961236,-0.079268641769886,0.036419440060854,-0.00848172511905432,0.0460599809885025
"CST9",0.211347550153732,0.392494648694992,0.186938732862473,-0.0502673052251339,0.0124564962461591,0.0344434566795826,-0.378801971673965,0.120879895985126,0.0389988161623478,-0.218952819705009,0.000122162193292752,0.149944931268692,0.0124819818884134,-0.0234973672777414,0.153242602944374
"HOXB13",0.12691068649292,-0.377213478088379,0.0305570047348738,0.142323881387711,-0.00345096737146378,0.000598559621721506,0.256371408700943,0.1258455067873,0.276442289352417,0.17357349395752,0.0421138033270836,0.111129567027092,-0.116741754114628,-0.231281980872154,-0.0733125582337379
"CEACAM6",0.186594426631927,0.215224027633667,0.23229318857193,-0.0408541336655617,-0.00240640877746046,-0.145338922739029,0.296597927808762,0.309758812189102,0.0312957838177681,0.245942652225494,0.0320200398564339,-0.0908902138471603,-0.105583466589451,0.137732341885567,-0.269782513380051
"SLC34A2",-0.303631812334061,-0.180344581604004,0.627159714698792,0.00543043157085776,0.0373735390603542,-0.151932582259178,0.0521330386400223,0.0734501034021378,-0.0805583372712135,-0.0153240915387869,0.0057200794108212,-0.199650138616562,0.0055674989707768,0.157350793480873,0.0682352855801582
"CYP2A6",-0.071720190346241,0.35449892282486,-0.0451437085866928,-0.0109709585085511,0.12936806678772,-0.0979923233389854,-0.106213420629501,0.122815929353237,-0.0685863345861435,0.287450671195984,-0.01746398024261,0.207971170544624,-0.0837525054812431,0.0553557015955448,0.040526021271944
"TCN1",-0.09920933842659,0.235809087753296,0.489118993282318,6.15041983564879e-07,0.000503833405673504,-0.0121885146945715,-0.0299207028001547,0.132497578859329,-0.0234649851918221,0.247137531638145,0.0387875363230705,-0.195407763123512,0.00110146426595747,-0.0626098960638046,-0.17292132973671
"CLCA2",-0.0947379842400551,0.137152194976807,0.312115669250488,0.0485128238797188,0.00557775143533945,0.241946935653687,0.473840743303299,-0.255868524312973,0.0651014894247055,0.330665171146393,0.169225320219994,-0.247970536351204,0.0324106365442276,0.176666513085365,0.0709018856287003
"LRP2",-0.00280747818760574,0.387111961841583,0.341637283563614,-0.0120578361675143,-0.0701174139976501,-0.164564818143845,-0.253327369689941,0.114022374153137,-0.00762494094669819,-0.0676088035106659,-0.246826246380806,0.126634180545807,0.0149532668292522,0.0366692617535591,-0.0256126839667559
"KRT17",-0.223132789134979,-0.095928929746151,0.781226933002472,5.98116312175989e-05,0.00147069594822824,0.0206125676631927,-0.11204681545496,0.0185883976519108,-0.020887179300189,-0.106666669249535,0.426559239625931,-0.212926179170609,-0.00198966520838439,-0.106095470488071,0.0226363874971867
"AGR2",0.359470576047897,0.540225625038147,0.327682912349701,-0.00685876095667481,7.19294184818864e-05,0.0033233764115721,0.187011450529099,0.1447963565588,0.0610631816089153,0.0847205147147179,-0.0244496986269951,0.0768442153930664,-0.0762803703546524,0.0318747386336327,-0.0763238519430161
"ABCC11",0.18974943459034,0.414870530366898,0.128055855631828,0.000353429815731943,-0.0389792360365391,-0.00554438633844256,0.448024868965149,-0.105672374367714,-0.0016533067682758,0.29364213347435,-0.103996388614178,0.00185816700104624,0.0768886208534241,0.128791570663452,-0.0309817995876074
"DSG3",-0.220564171671867,-0.116062693297863,0.718055427074432,2.06211771001108e-05,0.00211578165180981,-0.0220950413495302,-0.206317529082298,0.0907948836684227,-0.00503868516534567,-0.12040001899004,0.277351230382919,-0.419566839933395,0.00856054481118917,-0.0105369882658124,-0.0474036708474159
"PROM1",-0.283571273088455,-0.260292679071426,0.555012106895447,0.0102401338517666,0.00195378414355218,-0.157817244529724,0.151992931962013,-0.22409987449646,-0.00476860022172332,-0.164354905486107,-0.11248753964901,-0.140717670321465,-0.0654205828905106,0.0404652245342731,0.0810713618993759
"C20orf114",0.234206140041351,0.376187205314636,0.29274195432663,0.000520361703820527,2.46605377469677e-05,-0.0837500616908073,0.00367309455759823,0.160113900899887,0.0832036659121513,0.0307903122156858,0.0487892925739288,0.0495668649673462,0.00278130010701716,-0.144421368837357,-0.198085501790047
"CRISP3",0.129587322473526,0.00352640403434634,0.172133103013039,-0.0660651698708534,-0.0945566520094872,0.136949568986893,0.380507260560989,-0.107601583003998,0.107474118471146,0.105693489313126,-0.00784758571535349,0.135347336530685,-0.0728096142411232,0.264892905950546,0.00438284268602729
"ELF5",-0.28257891535759,-0.322928100824356,0.533899426460266,-0.0684981793165207,0.0263366233557463,-0.0610968023538589,0.012727988883853,-0.0739157944917679,0.0291470587253571,0.00159011746291071,-0.113787844777107,0.00768098467960954,-0.138844132423401,0.0655202493071556,-0.122096180915833
"NPY1R",-7.518630445702e-05,0.341444551944733,0.114556841552258,-0.0322984643280506,0.138464763760567,-0.180258959531784,-0.380122154951096,0.108782730996609,0.0461145602166653,-0.10396072268486,-0.00449135480448604,-0.0717810466885567,0.065051943063736,-0.11498037725687,0.0229479018598795
"KCNC2",0.00992920994758606,0.3431656062603,0.22858552634716,-0.0181878414005041,0.0136934639886022,-0.0993349179625511,-0.242989301681519,0.275717347860336,0.0321776755154133,0.272058427333832,-0.1211127191782,0.190663129091263,-0.076601430773735,0.0718687474727631,-0.02665282972157
"KRT6A",-0.191883146762848,-0.279451102018356,0.352483928203583,-0.0045544127933681,-0.0610866285860538,0.059424240142107,-0.00271547492593527,0.123692192137241,0.0638645589351654,-0.00455852365121245,0.584617614746094,-0.365323424339294,0.0287102181464434,0.190382495522499,-0.0563831552863121
"CP",-0.223563745617867,-0.216977283358574,0.228698372840881,0.0140022980049253,0.00422383798286319,0.007233502343297,0.306885331869125,-0.105405792593956,-0.106833972036839,0.0616320967674255,0.0113011011853814,-0.147353678941727,-0.0202782545238733,0.187977105379105,0.104005098342896
"KIF1A",-0.0902796164155006,-0.396768242120743,0.0261099971830845,0.0821896120905876,-0.024281233549118,-0.152446866035461,0.0287171043455601,0.12278389185667,0.425447285175323,0.0511229448020458,-0.057568896561861,-0.000916439574211836,0.0214369557797909,-0.156607091426849,0.0219147354364395
"PVALB",0.268502473831177,0.195205345749855,0.10579539835453,0.0288857221603394,-0.0108329793438315,0.11476119607687,-0.099433533847332,0.111751854419708,0.25871342420578,-0.134700417518616,0.0320303589105606,0.058216467499733,-0.0770635083317757,-0.216328755021095,-0.145125970244408
"MUC16",-0.251729339361191,-0.245697677135468,0.309336751699448,-0.0163127798587084,0.00512908818200231,-0.131000995635986,0.0245709549635649,0.116303257644176,-0.0730710923671722,-0.00749250641092658,0.0812370702624321,-0.213647931814194,0.0505680851638317,0.0881314277648926,-0.151114195585251
"OBP2B",-0.124206282198429,-0.0879940241575241,0.371004343032837,0.109642066061497,0.0203478429466486,-0.278473883867264,0.211861699819565,-0.184043273329735,-0.156422838568687,-0.0126800592988729,-0.0272376388311386,0.185958564281464,0.0279126856476068,-0.118163645267487,0.161380410194397
"CGA",0.228555083274841,0.125955015420914,-0.053221482783556,0.00567653449252248,-0.0916695222258568,0.0865612477064133,-0.259817391633987,0.209584057331085,0.172148585319519,-0.217881008982658,0.00437546893954277,0.082036055624485,-0.130002230405807,0.164913356304169,0.0879842862486839
"GFRA1",0.208631172776222,0.502963602542877,0.100542075932026,-0.000807799224276096,0.101254060864449,0.0195609554648399,-0.0515100508928299,-0.0446218363940716,0.156838417053223,-0.136564001441002,-0.196789875626564,-0.0461394414305687,-0.0100206956267357,-0.167273953557014,-0.0383695513010025
"CYP4F8",0.072853185236454,0.282228350639343,0.160327330231667,0.00354221672751009,0.00179431622382253,0.00539147481322289,0.32400831580162,-0.139787346124649,-0.018782602623105,-0.0207069534808397,0.0245652440935373,0.0562335886061192,0.118332326412201,-0.0861896127462387,0.0957277864217758
"TNNT1",0.323506772518158,-0.0119197806343436,0.0909267142415047,0.0674475356936455,-0.0364363454282284,-0.0258035827428102,-0.0901699960231781,0.160920321941376,0.0868109539151192,-0.162989586591721,0.270594775676727,0.152069956064224,0.0847947299480438,-0.128204122185707,0.168025806546211
"PGR",0.0685877576470375,0.629019141197205,0.177900582551956,-0.00110202329233289,-0.000712773005943745,-0.153815105557442,-0.0405914112925529,-0.0510301329195499,-0.0583522841334343,-0.0967403873801231,-0.0976321697235107,-0.103687725961208,0.0359988957643509,-0.00342399184592068,0.182715967297554
"AQP5",-0.288712859153748,-0.188055500388145,0.322448462247849,0.02740378677845,0.000439525552792475,-0.196772739291191,-0.0330559685826302,0.00268797180615366,-0.0863230153918266,0.174298048019409,-0.0150747392326593,0.221660614013672,0.0429798401892185,-0.150613397359848,-0.0902394205331802
"PLIN1",-0.123565532267094,0.274721205234528,0.0609440915286541,-0.0108042089268565,0.811788439750671,0.185083195567131,-0.00739858904853463,-0.144836872816086,-9.58555974648334e-05,-0.0343791097402573,0.00642892019823194,0.00798331294208765,0.00112652604002506,0.0575959123671055,0.000354618270648643
"GPD1",-0.151984453201294,0.207925125956535,0.0791793689131737,-0.0020839530043304,0.834442496299744,0.178341597318649,-0.0204252377152443,-0.105964988470078,-0.0120097007602453,-0.0036172023974359,0.0533535741269588,0.0615434311330318,0.0295895971357822,0.052861537784338,-0.0258329901844263
"KRT16",-0.242871418595314,-0.385634571313858,0.406271040439606,-0.00136696442496032,0.094716377556324,-0.047276459634304,-0.0438823066651821,0.00329459714703262,-0.0708913877606392,-0.023760112002492,0.561079323291779,-0.205441266298294,0.106007538735867,0.0122817875817418,-0.00738795148208737
"BPIL1",0.0819063484668732,0.382798820734024,0.084347777068615,0.0178855620324612,0.00131854065693915,-0.0132572380825877,0.130370765924454,0.0636125132441521,-0.0033787814900279,0.362416863441467,0.0034041425678879,0.275201499462128,-0.0418250001966953,-0.0655749663710594,-0.177620276808739
"VGLL1",-0.31277522444725,-0.418227195739746,0.442426890134811,-0.0510003790259361,0.00137481186538935,0.0467760153114796,-0.0276549961417913,-0.056519728153944,-0.00877620931714773,-0.0269479006528854,0.143353849649429,-0.0254249218851328,0.00970016699284315,0.0633816197514534,-0.024246122688055
"KLK6",-0.263617783784866,-0.269792526960373,0.636961102485657,-0.00371558382175863,-0.00267709116451442,-0.00361588317900896,-0.144799381494522,0.0183967705816031,-0.0171148963272572,-0.00133980205282569,0.303587436676025,-0.201014474034309,-0.0111421709880233,0.0136990463361144,0.00713730789721012
"MSLN",-0.186380609869957,-0.398247987031937,0.182377830147743,-0.0646506026387215,-0.00117992819286883,-0.128456547856331,-0.0085590984672308,0.120244219899178,-0.086979441344738,-0.0817236825823784,0.30883514881134,0.193419307470322,-0.000984906684607267,-0.0462192185223103,-0.0558613836765289
"KLK7",-0.259959161281586,-0.152517914772034,0.680847346782684,-0.0140395276248455,-9.01372402495326e-07,0.00536738010123372,-0.195200145244598,-0.0156098464503884,-0.00639762915670872,-0.0100190816447139,0.305693179368973,-0.243689134716988,-0.017445795238018,0.00750306714326143,0.00338906585238874
"KRT81",-0.170633643865585,-0.302892774343491,0.514909029006958,0.000586311391089112,-0.115550182759762,-0.031779583543539,0.0343117453157902,-0.00627047661691904,0.087116003036499,-0.0458514019846916,0.284947037696838,-0.00497631588950753,-0.0158632360398769,-0.192120715975761,-0.00159313448239118
"SERPINA11",0.179409116506577,0.517891108989716,0.227023378014565,0.00611430313438177,3.88303087675013e-05,-0.216782853007317,-0.0870999321341515,0.0829132199287415,-0.028254471719265,0.111431658267975,0.0127170700579882,0.0724947229027748,0.00495756370946765,-0.141998201608658,0.0159781482070684
"FAM5C",-0.00714782113209367,-0.101670101284981,0.214182525873184,-0.024614043533802,0.0406658612191677,0.0017108180327341,0.318122625350952,-0.140302985906601,-0.0131770521402359,0.23260386288166,-0.105825692415237,0.0159196387976408,0.0187482256442308,0.0188285782933235,-0.148274853825569
"SLC5A8",-0.00668012630194426,0.0126716066151857,0.144917950034142,0.00919068604707718,-0.00834572035819292,-0.142706677317619,0.0729896724224091,0.167795196175575,0.00683834683150053,0.106668956577778,-0.131246879696846,0.0331079438328743,0.0258905384689569,0.166165560483932,0.105990059673786
"WIF1",-0.264528512954712,-0.0460520125925541,0.532595992088318,0.00114475714508444,0.000481751136248931,0.140623420476913,-0.229647576808929,-0.23205378651619,0.00483409687876701,0.0767531394958496,-0.155591428279877,0.0680231899023056,0.00747434003278613,-0.102611474692822,0.0416567698121071
"NLRP2",-0.0495153963565826,-0.0588468126952648,0.255032390356064,-0.00295867002569139,-0.0314811319112778,0.0182438641786575,0.0511194430291653,0.026061125099659,0.0231880564242601,-0.13543812930584,0.0214452464133501,-0.0349683538079262,0.00496811186894774,-0.0991785526275635,-0.0311163645237684
"CBLN2",0.112372741103172,0.116906322538853,-0.00283297756686807,0.0516904816031456,-0.0243700854480267,-0.045793678611517,0.04758520424366,-0.0419891886413097,0.0911918953061104,-0.250467002391815,-0.0285998918116093,-0.215181097388268,0.0194671098142862,-0.237934157252312,0.0998405739665031
"SLC6A14",-0.28747946023941,-0.216232493519783,0.581715404987335,-0.00161971990019083,0.000214983301702887,0.0126790767535567,0.00851522944867611,-0.0412892624735832,-0.0487609952688217,-0.00720652099698782,-0.0537175089120865,-0.18777634203434,0.0458602458238602,0.150219708681107,-0.0822850242257118
"CIDEA",-0.169095143675804,0.19913624227047,0.0430565215647221,-0.000787556811701506,0.799599468708038,0.176079750061035,-0.0491935089230537,-0.109493210911751,-0.0278320647776127,-0.0112535385414958,0.0870459079742432,0.0341325551271439,0.0115923658013344,-0.000557370949536562,-0.0106362281367183
"KLK10",-0.248881459236145,-0.176457464694977,0.509325206279755,0.000554728438146412,0.00798031594604254,-0.0302178803831339,-0.0669572874903679,-0.0484238751232624,-0.0534586757421494,-0.0427195504307747,0.260083377361298,-0.0949277430772781,0.0448550991714001,-0.228275328874588,-0.0703565999865532
"EEF1A2",0.279292404651642,0.275412678718567,0.06291364133358,-0.00716866739094257,-0.0532512329518795,-0.0361009314656258,-0.0574015155434608,0.251842856407166,0.156073495745659,0.172246173024178,0.201183184981346,0.12936969101429,0.0441411696374416,-0.0189904291182756,0.205420598387718
"CA9",-0.081006221473217,-0.404972046613693,-0.0377666130661964,0.00345770758576691,-0.182839184999466,-0.206946939229965,0.170281812548637,-0.0330328159034252,-0.0396601147949696,0.0695876926183701,0.33597794175148,-0.0549429431557655,0.0324715822935104,0.148567348718643,0.144187986850739
"PI16",-0.21150766313076,0.161599829792976,0.200065895915031,0.00368824996985495,0.55083030462265,0.248400926589966,0.0583254843950272,-0.0374956391751766,-0.0207421835511923,-0.0967917516827583,-0.0838542506098747,0.123126983642578,0.00772481970489025,-0.108603745698929,0.00219606561586261
"A2ML1",-0.196381643414497,-0.539613962173462,0.155438259243965,-0.00857900641858578,-0.00347399874590337,0.0268684662878513,0.138923823833466,0.103512443602085,0.0840391293168068,-0.0306988842785358,0.221662685275078,-0.123760037124157,-0.0032758004963398,0.186147347092628,-0.113854877650738
"ALB",-0.0624643266201019,0.209560677409172,0.368963032960892,0.00461458135396242,-0.000639270700048655,0.203407272696495,-0.143196702003479,-0.123194448649883,0.0731438174843788,0.00357855693437159,-0.140944361686707,0.117587141692638,-0.0145852854475379,-0.0264419801533222,-0.0531495548784733
"COL17A1",-0.134749665856361,0.279156863689423,0.759113311767578,0.00251714210025966,0.0141402157023549,0.167432740330696,-0.0606032721698284,0.00444712769240141,0.00470341043546796,-0.00840059760957956,0.0612603724002838,-0.237951382994652,-0.00901376735419035,-0.102336451411247,0.0553882829844952
"MMP1",0.0798322409391403,-0.332042336463928,-0.13711966574192,-0.00301061337813735,-0.170311823487282,-0.064476303756237,0.426672369241714,0.135345175862312,0.0690197572112083,-0.0883828699588776,0.235582515597343,-0.368420094251633,-0.0664714127779007,0.0447500459849834,-0.049450758844614
"PTPRT",0.0602066069841385,0.547459125518799,0.210230708122253,-0.000769420876167715,-0.000278467778116465,-0.196787595748901,0.00994992069900036,-0.0223906151950359,-0.0336644165217876,0.0213431641459465,-0.136721923947334,-0.104176603257656,0.10276160389185,-0.100875452160835,0.0507762581110001
"LBP",-0.110125541687012,-0.158772006630898,0.0128515269607306,0.0151630584150553,0.300322681665421,0.172963291406631,0.54303365945816,-0.0523024052381516,-0.0142543390393257,0.0873723849654198,0.15634997189045,-0.04175765812397,0.0413990467786789,0.346206188201904,0.214205101132393
"CALML3",-0.0639326125383377,0.248742505908012,0.668785631656647,0.0191121641546488,-0.000658376782666892,0.0461082682013512,-0.0128905931487679,0.0251496192067862,0.0164827406406403,-0.0196201018989086,0.295101523399353,-0.0958992168307304,-0.00771478330716491,-0.0944467708468437,0.0536824055016041
"PPP1R1B",-0.152792617678642,-0.0811835750937462,0.283836930990219,0.0036738517228514,0.200905531644821,-0.0324085168540478,0.173199981451035,-0.29023477435112,0.029794454574585,0.0342951603233814,-0.000752866209950298,0.16907162964344,-0.0114097241312265,-0.02813277579844,0.00941596925258636
"SFRP1",-0.363733679056168,-0.153410121798515,0.460622787475586,0.000908967922441661,0.167195588350296,0.0702184960246086,-0.206869512796402,-0.0800308436155319,-0.0223502404987812,-0.034453809261322,-0.132616400718689,-0.163938537240028,0.0753812566399574,-0.0744814202189445,-0.0223398841917515
"MUC15",-0.213037446141243,-0.179376915097237,0.524439871311188,-0.215667203068733,0.00609642267227173,0.171261355280876,-0.00513420300558209,-0.0790280625224113,0.00471566198393703,0.0764395147562027,-0.00708043342456222,-0.0772851184010506,0.0515354685485363,0.101822257041931,-0.0768443420529366
"DCD",-0.0732332542538643,0.0678842887282372,0.140810489654541,0.0588170401751995,-0.111837156116962,-0.0213478710502386,0.181774646043777,-0.098224438726902,-0.00680799363180995,0.214380905032158,-0.042854867875576,0.155813992023468,-0.0799741372466087,0.124081321060658,0.113408960402012
"CYP4Z2P",0.173910021781921,0.393102496862411,0.19380447268486,-0.0141822714358568,-0.000610939459875226,0.0537798590958118,0.573967278003693,-0.240541726350784,-0.000488559191580862,0.158923178911209,-0.107959263026714,-0.087619349360466,0.0317075438797474,0.00170255766715854,-0.0201856102794409
"BEX1",-0.00258131930604577,0.188467115163803,0.115516275167465,0.0444938316941261,-0.0403575636446476,-0.0324862040579319,-0.311528712511063,0.114622794091702,0.278143405914307,-0.164481312036514,-0.00177553156390786,0.14339716732502,-0.00659178663045168,0.0243401993066072,0.249321535229683
"C7",-0.133227825164795,0.260705471038818,0.245280712842941,0.000519603083375841,0.464376300573349,0.234414622187614,0.0924098938703537,0.0695625990629196,-0.00178334885276854,-0.129803776741028,-0.24540488421917,0.00218890816904604,0.0106830280274153,-0.200599700212479,0.0065207970328629
"SCGB2A1",0.0400706194341183,0.211419969797134,0.334468990564346,0.00951744895428419,0.00222512404434383,-0.104951709508896,0.148715332150459,0.00503781111910939,-0.00190222240053117,0.161539763212204,0.0360696278512478,0.103815324604511,0.000648112967610359,-0.0470124296844006,-0.119107104837894
"S100P",0.182382687926292,-0.18301585316658,0.111323088407516,-0.0538940355181694,0.0225127041339874,-0.0833945423364639,0.312189131975174,0.25134950876236,-0.0111655462533236,0.0775028616189957,0.321964740753174,-0.0407957807183266,-0.0575655363500118,-0.0569813698530197,-0.288397967815399
"NXPH1",0.184515178203583,0.0913283601403236,0.17252753674984,0.000199478003196418,0.0261382311582565,0.0386276692152023,0.132329568266869,0.047947209328413,0.134599819779396,0.192920386791229,-0.212938919663429,0.0392149277031422,-0.0658920332789421,-0.168242663145065,-0.211198166012764
"CNTNAP2",0.230878621339798,0.103939786553383,0.0151150226593018,0.0379637666046619,-0.112999200820923,-0.0308831930160522,0.272759765386581,0.0235352851450443,0.231951802968979,-0.0858168378472328,-0.111810460686684,-0.12470305711031,-0.00786933023482561,0.0892535820603371,0.0671141073107719
"LRRC31",0.111033394932747,0.315190762281418,0.155271753668785,-0.0024087643250823,0.0646411925554276,-0.219712257385254,0.43236380815506,0.103235080838203,-0.167721331119537,0.413825511932373,-0.196697682142258,-0.0223219487816095,0.0868656411767006,-0.098455511033535,-0.184566244482994
"PLIN4",-0.138572230935097,0.239519700407982,0.0588434226810932,0.00416693789884448,0.741167664527893,0.165576994419098,-0.0538276769220829,-0.120801210403442,-0.04010896012187,-0.0500808320939541,0.0812272354960442,0.119203552603722,0.00097768206615001,0.0482267290353775,0.0682701393961906
"PPP2R2C",0.1116097047925,-0.0142599074169993,0.0641583055257797,0.0771704241633415,0.00206175236962736,-0.0909315645694733,0.0605484917759895,0.239397868514061,0.357234805822372,0.0842802748084068,0.0629392862319946,0.0299878008663654,-0.0359713509678841,0.0749793946743011,0.389110773801804
"SCGB3A1",-0.180964305996895,0.158748805522919,0.379622519016266,0.00956260971724987,0.0735012292861938,-0.125026240944862,0.0770485401153564,-0.147973135113716,-0.146152973175049,0.182957708835602,0.035809088498354,0.258741766214371,0.00699894921854138,-0.0869755744934082,0.0100538050755858
"SLC6A4",0.133595883846283,0.188434451818466,0.089840330183506,-0.00251137418672442,0.0240081511437893,-0.136629372835159,0.0550696104764938,-0.195103719830513,-0.00782286189496517,-0.246456205844879,-0.106559455394745,-0.0459693111479282,0.0618894062936306,-0.0600849874317646,-0.0136069757863879
"ORM1",-0.033662986010313,-0.173912033438683,-0.0133751351386309,0.00701561663299799,-0.000689313630573452,-0.134148448705673,0.445125430822372,0.0290609449148178,-0.0803246200084686,0.0499509088695049,0.185575127601624,0.148347169160843,0.0399573631584644,0.274095326662064,0.313360124826431
"KLHDC7A",0.113793529570103,0.388133108615875,0.231658726930618,0.00719499075785279,0.00721375178545713,0.062728114426136,0.188440382480621,-0.189240202307701,0.0827457383275032,-0.00288701010867953,-0.0597838722169399,-0.00627721613273025,0.0249342061579227,-0.0752425491809845,-0.0480535812675953
"SLITRK6",0.0514639019966125,0.264898002147675,0.194321155548096,0.00545473815873265,-0.0536059774458408,-0.252581596374512,-0.0257803592830896,-0.0135457860305905,-0.10906994342804,0.0503239408135414,-0.0974252969026566,-0.15305007994175,-0.0352831967175007,0.00669299764558673,0.167336538434029
"RPS28",-0.0511587113142014,0.00649108644574881,0.0918194130063057,0.00499258050695062,-0.00483329826965928,-0.0528462380170822,0.0244989190250635,-0.000401411234633997,0.0121385734528303,-0.00689398963004351,0.00538956001400948,0.0635790079832077,-0.00828277878463268,-0.0444336384534836,0.0749462768435478
"PROL1",-0.159471794962883,0.210018709301949,0.559430658817291,0.0631270408630371,0.00248111551627517,0.0602013245224953,-0.121933363378048,-0.167823478579521,-0.0940232574939728,0.0211973246186972,-0.0895055457949638,-0.00530947465449572,0.00805165618658066,-0.0143065769225359,0.0263057630509138
"MMP13",0.183498099446297,-0.0954379886388779,-0.113219104707241,-0.0123897511512041,-0.201690956950188,-0.113898552954197,0.373503595590591,0.0553294718265533,0.0872623771429062,-0.00717517081648111,0.168315708637238,-0.464992880821228,-0.0209888238459826,-0.234143823385239,0.0248626433312893
"PCK1",-0.145242750644684,0.204211890697479,0.00184932188130915,0.0101905269548297,0.719627678394318,0.128011077642441,-0.0999275594949722,-0.0918704122304916,0.0419516079127789,0.00225605559535325,-0.00946913193911314,0.0232006944715977,-0.0388601087033749,0.0622805058956146,0.00658187037333846
"FOLR1",-0.253080666065216,-0.134245842695236,0.572454690933228,-0.0436962060630322,0.000710464490111917,0.0357115678489208,-0.0601347833871841,-0.0570984669029713,0.0794404149055481,-0.000577406783122569,0.186069488525391,0.0377144291996956,-0.0888396799564362,-0.0666853934526443,-0.0306835863739252
"CXCL13",-0.0655481219291687,-0.168403595685959,0.200637966394424,0.00850738398730755,-0.105209834873676,0.0846382975578308,0.482485055923462,0.293854683637619,-0.0481595508754253,-0.397266268730164,-0.190702065825462,0.0632594972848892,0.0330773591995239,0.0306248962879181,0.0408151261508465
"C10orf82",0.205376610159874,0.300039827823639,0.133200168609619,0.00277465372346342,-0.00731211295351386,0.143632531166077,-0.139966174960136,-0.0592537932097912,0.204003527760506,-0.270570337772369,0.0328350923955441,0.0803998783230782,-0.170975312590599,-0.120732337236404,0.0966943502426147
"FOXI1",-0.176603689789772,0.0976364016532898,0.345648765563965,-0.0615177303552628,-0.0156156653538346,-0.173837453126907,0.0793348625302315,0.174331173300743,-0.0633368194103241,0.206592291593552,0.0829684212803841,0.0501627624034882,0.0520408041775227,0.0870422050356865,-0.152571961283684
"SYT9",0.171295210719109,0.448203325271606,0.121925726532936,0.00914538372308016,-0.00149015162605792,-0.135490909218788,-6.91315435688011e-05,0.0137772345915437,-0.0628710389137268,0.011324598453939,-0.0990381985902786,-0.0602811090648174,0.0708436965942383,-0.249571084976196,-0.0223045647144318
"DSC3",-0.230087101459503,-0.116523899137974,0.632399380207062,0.000321078434353694,0.000236307241721079,-0.0257274284958839,-0.192003354430199,0.0290378872305155,-0.00181023287586868,-0.115062773227692,0.113279432058334,-0.391905426979065,-0.00504695810377598,-0.00425644451752305,-0.0463416278362274
"ANKRD30B",0.171857759356499,0.428309500217438,0.132797747850418,0.000202018010895699,-0.014270568266511,-0.138579070568085,0.0835474655032158,0.0210618637502193,0.0241165924817324,0.0234086140990257,-0.132486596703529,-0.00616667745634913,-0.0888838842511177,0.0130321327596903,-0.0624396316707134
"ESR1",0.271665871143341,0.554026544094086,0.076174832880497,0.017363864928484,0.0243076849728823,-0.0844402685761452,-0.114831477403641,0.0696775242686272,-0.00268324580974877,-0.0161859858781099,-0.0957847908139229,0.0325717255473137,-0.0581739135086536,0.00480655208230019,-0.0126766497269273
"GRPR",0.149527028203011,0.397624015808105,0.226465657353401,-0.039233960211277,-0.000207150951609947,-0.0477376990020275,0.109401851892471,-0.198503613471985,0.113641411066055,-0.169023305177689,-0.205488622188568,-0.146915897727013,-0.0421574339270592,-0.086069218814373,0.153039142489433
"MIA",-0.27926304936409,-0.231774628162384,0.590788185596466,-0.00677835661917925,-0.0057194191031158,-0.0468002706766129,-0.261339545249939,-0.0355960838496685,-0.0947497189044952,-0.100550256669521,0.118340276181698,-0.00100659590680152,0.0479507558047771,-0.197454750537872,-0.00685799447819591
"PDZK1",0.0868094265460968,0.411106318235397,0.306950658559799,-0.0249791275709867,0.068432629108429,-0.122216574847698,-0.167010352015495,0.1540557295084,-0.0277073513716459,0.0231984406709671,-0.0188673418015242,0.133225351572037,0.0375899001955986,-0.0587120726704597,0.114244557917118
"HBA1",-0.106663152575493,0.182283237576485,-0.0318510308861732,0.0147768845781684,0.307207107543945,0.257213532924652,-0.199496507644653,-0.0853928178548813,-0.0215200446546078,0.0368603989481926,0.152418538928032,0.184790894389153,-0.0293775852769613,-0.0100575610995293,-0.00651459489017725
"SCARA5",-0.290843605995178,0.163466989994049,0.147263661026955,0.0129672586917877,0.418915241956711,0.30481681227684,-0.00174672354478389,-0.0886524841189384,-0.00791890267282724,-0.0213798210024834,-0.184224784374237,0.0173176545649767,0.00498311314731836,-0.0625870376825333,0.000383290316676721
"COL11A1",0.177372574806213,-0.0743391811847687,-0.171385303139687,-0.00372510636225343,-0.222143217921257,-0.212947383522987,0.3850938975811,0.0375775247812271,0.0908078327775002,-0.00527926720678806,0.0814226195216179,-0.49587818980217,-0.0157536491751671,-0.202998757362366,0.0180842224508524
"CST5",0.104929596185684,0.25677078962326,-0.0199736710637808,-0.0193234831094742,-0.0119529347866774,-0.155441790819168,-0.0337158776819706,0.246020138263702,-0.0709168985486031,0.0107832727953792,0.0281157791614532,0.0589688867330551,-0.00745250936597586,-0.145298629999161,-0.0123844929039478
"IGSF1",-0.106956481933594,0.200953930616379,0.249403685331345,-0.0224579963833094,0.0548875220119953,0.0487171709537506,-0.331701219081879,0.139934614300728,0.125808790326118,0.0117558892816305,0.0317407101392746,-0.0519000105559826,0.0363739654421806,0.0129393842071295,0.128422155976295
"PLA2G2A",-0.143652275204659,0.0248507838696241,0.00439667236059904,0.0386395491659641,0.473233163356781,0.143030107021332,0.355183929204941,-0.0621930137276649,-0.00847068056464195,0.0390953756868839,0.0147321298718452,0.0371476598083973,0.00902364030480385,-0.111279919743538,-0.0869475156068802
"CDC20B",0.166784361004829,0.126902341842651,0.0472012646496296,-0.000343489635270089,-0.00249118800275028,-0.128123581409454,0.253794074058533,-0.0497464723885059,0.015928640961647,-0.0113099478185177,-0.00982096791267395,-0.105229839682579,-0.00670397002249956,-0.0878152623772621,0.157147109508514
"DLK1",-0.198298752307892,0.0747485682368279,0.290763020515442,0.0118753714486957,0.0290551614016294,0.189023822546005,-0.0611534044146538,-0.0894635394215584,0.211352720856667,0.0400388054549694,-0.164305940270424,0.153063595294952,-0.0637261867523193,0.00163891457486898,0.0059676356613636
"SERPINB5",-0.242253348231316,-0.169233068823814,0.577021896839142,0.00368923181667924,-0.0252621304243803,-0.0801683887839317,-0.215125441551208,0.0861105471849442,-0.0005096101667732,-0.00697689224034548,0.177304208278656,-0.317004799842834,-0.00532224355265498,-0.00288807600736618,-0.0429942458868027
"CHAD",0.113854609429836,0.464549034833908,0.256478309631348,-0.0222965348511934,0.0586773604154587,-0.173698931932449,-0.0048243273049593,0.0632918924093246,-0.132558554410934,0.00430265069007874,-0.0606048628687859,0.0860628932714462,-0.0206831786781549,-0.0702068135142326,-0.120890282094479
"CXCL17",0.00714844418689609,-0.0629050433635712,0.343068927526474,-0.00125158589798957,0.00531624723225832,0.00884338095784187,0.459471642971039,0.0602380223572254,0.00192133721429855,0.239275217056274,0.0663333311676979,0.0520532205700874,-0.03438476100564,0.137412741780281,-0.238463997840881
"ASCL1",0.169601917266846,0.087721586227417,0.0149276489391923,-0.0739574804902077,-0.00950118433684111,0.0564145371317863,-0.272260785102844,0.283270359039307,0.209853976964951,-0.0653001889586449,-0.0860561802983284,0.0944687500596046,-0.134729743003845,0.0706024393439293,0.1100899502635
"DIO1",0.12067474424839,0.222411319613457,0.020793667063117,-0.0948882848024368,-0.0390210710465908,-0.134565770626068,0.129357486963272,-0.0845324546098709,0.0616981163620949,-0.159905105829239,0.00953828729689121,0.159314781427383,-0.0343377031385899,0.153637364506721,0.0625790283083916
"CD300LG",-0.211068987846375,0.26028373837471,0.171211391687393,0.00179289095103741,0.534263849258423,0.292231023311615,-0.0849295109510422,-0.0852179601788521,-0.0126326382160187,-0.00182908272836357,-0.112313218414783,0.065402939915657,-0.000954775372520089,-0.0138874063268304,0.00154072511941195
"SAA2",-0.239053010940552,-0.0352809838950634,0.293044447898865,0.00261190044693649,0.481726139783859,0.169633522629738,0.0204778295010328,0.0207361727952957,-0.077018216252327,0.00526961497962475,0.189652591943741,0.0382896848022938,0.00568046094849706,0.100653231143951,0.00252573820762336
"SORCS1",-0.00588279636576772,0.341199576854706,0.134204059839249,0.0135926213115454,0.00989570375531912,-0.159896865487099,-0.128500789403915,0.0582780577242374,-0.0884119793772697,-0.104875430464745,-0.201798811554909,-0.0855793654918671,0.0863169878721237,-0.113116592168808,0.0538356266915798
"GLRA3",-0.0107384221628308,0.280487209558487,0.344697386026382,-0.0673665776848793,0.00198190682567656,0.04916175827384,-0.138979092240334,0.0398608595132828,0.116038642823696,-0.0659351423382759,-0.0802275240421295,-0.0927213430404663,-0.0324645265936852,0.0956131666898727,0.0611663646996021
"ROPN1",-0.312891602516174,-0.353178769350052,0.458068251609802,-0.00516319507732987,0.000796632841229439,-0.0283999126404524,-0.293401420116425,-0.056443203240633,-0.0645598620176315,-0.0234779734164476,-0.00302391685545444,0.0402380600571632,0.0503121763467789,-0.0317383445799351,-0.0448161251842976
"SLC5A1",-0.227478921413422,-0.0450652875006199,0.464031994342804,-0.000665758561808616,0.00369703350588679,-0.172555446624756,0.178595185279846,-0.0421819984912872,-0.177862361073494,0.27143207192421,-0.10636705160141,0.00623155618086457,0.00371438916772604,0.0855545327067375,-0.109746962785721
"MAGEA6",-0.0228836182504892,-0.246541574597359,0.0189650934189558,-0.2936170399189,0.000532750505954027,0.15681554377079,0.111710637807846,0.0700047835707664,0.15074160695076,-0.0236616805195808,0.137726977467537,0.0249000731855631,-0.0161319579929113,0.0760518684983253,0.00763447023928165
"NBPF4",0.145303875207901,0.186452344059944,0.106758795678616,-0.0536597669124603,0.006498615257442,-0.233340919017792,-0.128194138407707,0.174356624484062,-0.0585592612624168,-0.0503931865096092,-0.117326371371746,0.00290691712871194,0.00719514861702919,0.0373465791344643,-0.00643420359119773
"PTPRZ1",-0.239342346787453,-0.0596573166549206,0.501030683517456,-0.0351061262190342,0.0375121012330055,0.0726921260356903,-0.277838408946991,-0.0536087788641453,0.00755174411460757,0.0481183901429176,-0.0268339719623327,-0.178292602300644,0.0116429924964905,-0.000149311163113452,0.0181976743042469
"ABCA12",0.154164761304855,0.140191480517387,0.169481411576271,-0.0530900284647942,-0.111692771315575,-0.0169839933514595,0.440936088562012,-0.0585169866681099,0.048979826271534,0.235150948166847,0.00661759823560715,-0.179436460137367,-0.0112164812162519,0.186098009347916,0.0166063755750656
"MUC2",0.0719516202807426,0.0717922821640968,0.00339620560407639,0.0349655710160732,-0.0729160383343697,-0.0467333868145943,-0.0642440244555473,0.386579692363739,0.0128898173570633,0.201489418745041,-0.0412169322371483,0.177543774247169,-0.142561912536621,0.131876543164253,0.0605700425803661
"PYDC1",0.0640478134155273,0.0664610043168068,0.134455949068069,0.0149632282555103,0.00274704513140023,-0.261421829462051,0.394869416952133,-0.0075726080685854,-0.164340063929558,-0.0642644166946411,0.125286608934402,0.127356991171837,0.0853986665606499,-0.218140318989754,-0.0122368382290006
"LCN2",-0.162053108215332,-0.245800644159317,0.440993696451187,-0.00863540358841419,0.0516202375292778,-0.0181447993963957,0.209946990013123,0.0748944729566574,-0.0432452000677586,0.0992442891001701,0.297628968954086,-0.0590723566710949,0.0254018250852823,0.108973331749439,-0.108964949846268
"KRT15",-0.162755087018013,-0.0236150659620762,0.600074172019958,-0.000835655897390097,-0.000779270892962813,-0.0252421926707029,-0.10814293473959,-0.14190100133419,-0.0553460791707039,-0.0672158971428871,0.24816569685936,-0.000153294473420829,0.106784649193287,0.0395736284554005,0.0166744459420443
"CLIC6",-0.0288508459925652,0.329315334558487,0.119942098855972,-0.00264456169679761,0.00240579969249666,-0.148861199617386,0.150443479418755,-0.0615142583847046,-0.0206599365919828,-0.210757821798325,0.0132563915103674,-0.233230248093605,-0.042540468275547,0.0450889840722084,0.154647514224052
"WNK4",0.22689887881279,0.325959503650665,0.369353741407394,-0.00094930297927931,0.0232988279312849,0.0108175119385123,-0.171486258506775,-0.114752985537052,0.102938435971737,-0.233835235238075,-0.0911301299929619,0.11512366682291,-0.0275837276130915,-0.253992050886154,0.00257344939745963
"PEG10",-0.0245683174580336,-0.0977631732821465,0.222862303256989,0.00265281926840544,-0.000916923105251044,0.0187381617724895,-0.0462165996432304,-0.188064277172089,0.128007739782333,-0.217452272772789,-0.13858750462532,-0.185263022780418,-0.0660296082496643,-0.023678632453084,0.00573802785947919
"ATP13A5",-0.164999961853027,-0.148690342903137,0.451266527175903,0.0247660018503666,0.0290816370397806,0.115894019603729,0.224220812320709,-0.115386873483658,0.0868759676814079,0.312339246273041,-0.059016577899456,-0.0519688054919243,0.00729025481268764,0.202615559101105,-0.0742562636733055
"AQP7",-0.140857696533203,0.229377329349518,0.047435849905014,-5.95292003708892e-05,0.726276159286499,0.208075061440468,-0.0440707691013813,-0.108391828835011,-0.0242808721959591,0.0300199408084154,0.0440128669142723,0.0780322402715683,-0.0114666000008583,0.0431454107165337,-0.00292405975051224
"SAA1",-0.243189036846161,-0.0162214748561382,0.306979656219482,0.0110080949962139,0.501480579376221,0.143010035157204,-0.00286494940519333,-0.000147199942148291,-0.0783106908202171,-0.00423772726207972,0.20935831964016,0.0563574060797691,0.028458870947361,0.0521170124411583,0.0016117487102747
"SPAG6",-0.0325884185731411,0.199598595499992,0.177768424153328,-0.0444415025413036,0.0151737127453089,-0.158496230840683,0.0327772498130798,0.138094648718834,-0.0734163373708725,0.158535823225975,-0.109066471457481,0.0966103672981262,0.0999837517738342,0.0492026433348656,-0.00187700428068638
"C2orf54",0.0768713131546974,-0.149402230978012,0.244753405451775,-0.000226381875108927,-0.0763408020138741,0.0229237396270037,0.515378177165985,-0.0542061291635036,0.185672119259834,0.119724258780479,0.18368373811245,-0.0917922407388687,0.0131458770483732,-0.0394043661653996,-0.00554647296667099
"CARTPT",-0.0589426308870316,0.246933326125145,-0.0380808934569359,-0.0150575647130609,-0.0863167122006416,-0.195039346814156,-0.129118353128433,0.275641977787018,-0.025894271209836,0.205291584134102,-0.00409004976972938,0.233487457036972,-0.0243120398372412,0.10923470556736,0.161663264036179
"ABCC8",0.205524697899818,0.486017823219299,0.189879477024078,0.0128962500020862,-0.000717900577001274,-0.0794092938303947,-0.012491574510932,-0.0119277685880661,0.0610066279768944,0.0872535407543182,-0.119592361152172,0.197008416056633,0.0161647833883762,-0.0421412996947765,0.178433671593666
"PI3",-0.271209597587585,-0.228289857506752,0.350343525409698,-0.0128483083099127,0.0404277667403221,0.157259613275528,0.0252608098089695,0.0569815300405025,-0.0373254790902138,0.0818060711026192,0.304897665977478,-0.0608094893395901,0.00349141540937126,0.201112881302834,-0.0320905558764935
"RBP4",-0.162082597613335,0.0649669542908669,0.0356541275978088,-0.0020259611774236,0.688633859157562,0.186891853809357,-0.0405130982398987,-0.14476814866066,0.00538971927016973,0.0405255034565926,0.0936740040779114,-0.0232001505792141,-0.0130741382017732,0.0273491907864809,-0.000652996823191643
"CASP14",-0.00985036510974169,-0.185073405504227,-0.0694910883903503,0.00152046047151089,-0.154403015971184,0.0480507127940655,0.342061966657639,-0.049524012953043,0.12082464993,0.050696637481451,0.213502883911133,-0.139214590191841,0.000928331108298153,0.326484978199005,0.153260007500648
"TMPRSS4",0.153508573770523,-0.066862441599369,0.213121369481087,0.0290472377091646,0.00216276198625565,0.108252964913845,0.108075149357319,0.195423886179924,0.141993433237076,-0.0993661284446716,0.210146650671959,-0.14672227203846,-0.0833800137042999,0.18109630048275,-0.0023894882760942
"TF",-0.272596895694733,-0.0327951349318027,0.28941798210144,0.000373175193089992,0.360365927219391,0.077252671122551,-0.136882752180099,-0.123114101588726,-0.0024917006958276,-0.0699677839875221,0.0115828486159444,0.0809940621256828,0.000399338052375242,-0.0121876606717706,0.0360870510339737
"SDR16C5",0.080412432551384,0.285114020109177,0.122620455920696,0.0946971774101257,-0.00102072581648827,-0.115647181868553,0.237743243575096,0.173538833856583,0.043199073523283,0.178039163351059,0.111181922256947,-0.170016527175903,-0.0146908946335316,0.145471721887589,-0.0277960356324911
"PPAN-P2RY11",-0.0331963412463665,0.0878480449318886,0.0129820331931114,-0.0319696925580502,-0.0539848618209362,-0.0660967826843262,-0.0445385128259659,-0.004531339276582,-0.0410052575170994,-0.0102472249418497,-0.309428066015244,-0.126695349812508,0.00361688644625247,0.123171225190163,-0.000968940032180399
"NKAIN1",0.275476396083832,0.190082803368568,0.0466309562325478,-0.0514416173100471,-0.055132232606411,-0.100435152649879,-0.212970227003098,0.134144186973572,0.22117206454277,-0.280966997146606,-0.017664335668087,0.00807237159460783,-0.0496902503073215,-0.0529085360467434,0.212617948651314
"CAPN8",0.163318559527397,0.519059836864471,0.286681979894638,0.00483584124594927,0.00380587414838374,-0.136524230241776,0.0677849873900414,0.124131694436073,-0.13594052195549,0.136698186397552,0.0679116472601891,0.0799567252397537,0.0452148094773293,-0.0943694561719894,-0.0599410459399223
"MSMB",0.238250494003296,0.0967881456017494,0.212537795305252,-0.0762599185109138,-0.00867404136806726,0.110124833881855,0.012464334256947,0.121537759900093,0.183720499277115,0.00299014453776181,0.117867931723595,-0.0313377007842064,-0.0360828749835491,0.0592190362513065,-0.155973419547081
"CCL21",-0.166740402579308,0.140594780445099,0.334892332553864,0.0211366359144449,0.278646111488342,0.294340431690216,0.198339253664017,0.0891417935490608,0.0246512610465288,-0.161418199539185,-0.112766645848751,0.0068240505643189,0.000969100394286215,-0.140644922852516,0.00531217642128468
"CAPN6",-0.28174552321434,-0.106327638030052,0.351003289222717,0.00642361678183079,0.179943323135376,0.112796895205975,-0.135961219668388,0.0279806796461344,-0.0379779152572155,-0.0878326520323753,-0.1200812458992,-0.0523932278156281,-0.0099705308675766,-0.0283649656921625,0.0446333847939968
"LRP1B",-0.0517344139516354,0.197710052132607,0.0903340950608253,-0.0133399944752455,0.109970524907112,0.0175432376563549,-0.000542196969036013,0.0181406550109386,0.0104924067854881,0.130953937768936,-0.122137360274792,-0.249164253473282,-0.000752632273361087,-0.0602028369903564,-0.094654269516468
"LY6D",-0.224023818969727,-0.291838705539703,0.338451564311981,0.00145975523628294,0.0125632826238871,0.0856946259737015,-0.0121617000550032,0.0592179857194424,-0.00456104846671224,-0.0112900333479047,0.487022668123245,-0.057387575507164,-0.00229079579003155,0.187959179282188,-0.00993206258863211
"ARHGAP36",-0.090406559407711,0.217570677399635,0.333824127912521,-0.023505475372076,0.00984266959130764,0.0678064227104187,-0.203472852706909,0.0110553205013275,0.101554811000824,0.0384546555578709,0.0111460657790303,-0.0624282658100128,0.0762746557593346,0.0347136184573174,0.115260824561119
"BBOX1",-0.28996929526329,-0.137620836496353,0.532443702220917,0.0127589590847492,0.0464034005999565,0.0813201442360878,-0.0317700281739235,-0.0485923811793327,-0.00328435562551022,-6.72866954118945e-05,0.0493308268487453,-0.16483099758625,0.0201152674853802,0.0765498802065849,0.0890299752354622
"GSTA1",-0.216193243861198,-0.131589502096176,0.420579195022583,-0.0650274828076363,0.0104857049882412,0.114094257354736,-0.177069962024689,0.00163408042863011,0.0452005751430988,0.0397532396018505,0.120901048183441,0.0136270169168711,-0.10746669024229,0.0952790752053261,-0.116878107190132
"PGLYRP2",0.169547379016876,0.388329982757568,0.198632344603539,0.00258404039777815,-0.00197777803987265,-0.106062188744545,0.0726668909192085,-0.0644384473562241,-0.0145013388246298,-0.183148875832558,0.0739328786730766,0.192721664905548,0.0758015811443329,-0.0527066476643085,0.266555070877075
"CYP4F22",0.0244391448795795,0.373997837305069,0.280381590127945,0.0234418846666813,-0.0038714874535799,0.040712982416153,0.0678274482488632,-0.120061509311199,-0.0329281203448772,-0.10704880207777,0.0734364613890648,0.0725869834423065,0.105233691632748,-0.0254192445427179,0.16369141638279
"MS4A15",0.231332525610924,0.0409181155264378,0.0898578464984894,-0.0293678101152182,-0.00100084044970572,-0.0368763767182827,0.0507377535104752,-0.0648852661252022,0.154076188802719,-0.286596715450287,0.148698508739471,0.064486637711525,-0.153699189424515,-0.248303607106209,-0.00129539554473013
"GLYATL2",-0.150767475366592,-0.198912635445595,0.302115052938461,0.049596332013607,-0.087835006415844,0.028028653934598,0.316136389970779,-0.202976614236832,0.0132969664409757,0.184393897652626,-0.0752609968185425,-0.110361412167549,0.037239246070385,0.160589635372162,-0.00546969706192613
"SLC44A4",0.281741112470627,0.463560670614243,0.197387754917145,-0.0136466445401311,-0.00089642294915393,-0.0798531770706177,0.2086381316185,0.106555938720703,-0.00231794849969447,0.0952801331877708,-0.0615179613232613,0.0796690285205841,-0.0606905557215214,-0.0862369388341904,-0.0856386423110962
"S100A7A",0.00439136661589146,-0.178404346108437,0.0572923347353935,0.0241603180766106,-0.00822954531759024,0.0347291752696037,0.459949731826782,0.026968702673912,-0.00260578515008092,0.165186673402786,0.198308795690536,-0.0813453868031502,-0.00877530314028263,0.235111445188522,0.143052488565445
"CHRDL1",-0.244400084018707,0.0624592266976833,0.156657353043556,-9.26367556530749e-06,0.548938095569611,0.196049645543098,-0.00119034142699093,-0.0424356758594513,0.0268585849553347,-0.0611652433872223,-0.208385959267616,-0.0960242450237274,-0.00143394386395812,-0.0654478967189789,-0.00150957866571844
"S100A8",-0.110326461493969,-0.297756046056747,0.0302376076579094,0.0187789686024189,0.00511594768613577,0.211489453911781,0.443758010864258,0.0252721272408962,0.0129386289045215,0.0695126578211784,0.323482632637024,-0.0591921731829643,-0.0208438318222761,0.242612317204475,0.114317767322063
"SOSTDC1",-0.262815028429031,-0.102895364165306,0.54529857635498,-0.0319068133831024,0.000706316321156919,-0.00667095277458429,-0.241412356495857,-0.0720886290073395,-0.0177746843546629,-0.01727812923491,-0.0279125887900591,-0.179664075374603,-0.00573962228372693,-0.00331613747403026,-0.0695910528302193
"SCUBE2",0.133039504289627,0.554762601852417,0.104313284158707,-0.0249820109456778,8.98318394320086e-05,-0.0427421852946281,-0.0174422785639763,-0.0496505051851273,-0.0834033414721489,-0.00693978229537606,-0.0320997498929501,-0.0729523301124573,0.0988061055541039,-0.139806538820267,0.0066541014239192
"TMEM132C",-0.168466687202454,0.265762209892273,0.140737622976303,0.0185943394899368,0.551689207553864,0.247238680720329,-0.0533361248672009,-0.116939917206764,0.000823271635454148,-0.0199411064386368,-0.0606307201087475,-0.0205295160412788,0.0288989152759314,-0.0851412490010262,0.0297630801796913
"SLC19A3",-0.213737711310387,0.036969680339098,0.0105258096009493,0.00227237748913467,0.683940708637238,0.139052271842957,-0.0379888042807579,-0.137120962142944,-0.0262996330857277,-0.0355910919606686,0.0222560055553913,-0.0485951341688633,0.0101644527167082,0.0685859099030495,0.0347668081521988
"TSPAN8",-0.0959899872541428,-0.00176926248241216,0.159087404608727,-0.00491418084129691,0.135735809803009,0.267279237508774,0.0777537450194359,0.0735529959201813,0.0638924464583397,0.252177178859711,-0.126281142234802,-0.0270396322011948,-0.037985984236002,0.0372104123234749,-0.200594887137413
"DSG1",-0.24817368388176,-0.118836060166359,0.467248618602753,0.00103568658232689,0.0316558219492435,0.0254172459244728,-0.206274002790451,-0.0572530925273895,-0.0137975113466382,0.00805965531617403,0.0229198839515448,-0.169382676482201,0.0192220937460661,0.0623570531606674,-0.0599930733442307
"NEK10",0.0405305735766888,0.479677438735962,0.260366857051849,-0.0177630838006735,0.009803238324821,-0.183572635054588,0.104242853820324,-0.0294037330895662,-0.124452158808708,0.155378937721252,-0.201190963387489,0.00347355101257563,0.0920872464776039,-0.0490156412124634,0.105109944939613
"HS6ST3",0.203440815210342,0.115350008010864,0.170302748680115,-0.00919417757540941,0.00140492001082748,0.0601337552070618,0.117503419518471,-0.0382656678557396,0.34355303645134,-0.00710869114845991,-0.111663796007633,-0.179040491580963,-0.111718140542507,-0.0492589771747589,-0.0499642342329025
"KLK8",-0.234902396798134,-0.190640702843666,0.566254794597626,-0.00336259510368109,0.00655017280951142,0.0097776148468256,-0.168896198272705,-0.0369262620806694,-0.0142678301781416,-0.00532608386129141,0.314930379390717,-0.0737309530377388,-0.00350209651514888,-0.0205950271338224,-0.0050849923864007
"NBPF6",0.147338479757309,0.165849670767784,0.0486436188220978,-0.0511884056031704,0.00248760194517672,-0.216443315148354,-0.08995171636343,0.160899251699448,-0.0598300322890282,-0.0276376157999039,-0.132138624787331,-0.0391135029494762,-0.00151707523036748,0.0543646328151226,-0.0152603723108768
"SLC13A2",-0.0337360464036465,0.191352993249893,0.482456982135773,0.0165626183152199,0.0515472926199436,0.0362786315381527,0.0471585653722286,-0.0308518167585135,-0.0576348789036274,0.231815785169601,-0.121217854321003,0.1609837859869,-0.0366146750748158,-0.0684392675757408,-0.102294757962227
"SLC7A4",-0.0937560573220253,0.342039704322815,0.101795293390751,0.000446729769464582,0.076333150267601,-0.222230315208435,-0.151873826980591,0.0435681343078613,-0.22882878780365,-0.00976457167416811,0.0699883624911308,0.0566607490181923,-0.0188771653920412,-0.0733545050024986,0.075132317841053
"TRH",0.114776037633419,0.260715305805206,0.0881046205759048,0.00461001135408878,0.00043200611253269,-0.0746512934565544,-0.224166244268417,0.243408486247063,0.0634923428297043,-0.0525760278105736,0.019343376159668,0.0852028504014015,-0.086043082177639,0.036002054810524,0.00750936614349484
"PON3",-0.121153280138969,0.0603963956236839,0.169242054224014,-0.0624504126608372,-0.00322173442691565,-0.0289263073354959,0.0943445786833763,0.0332282185554504,-0.140217870473862,0.169232428073883,-0.00908799935132265,0.032534908503294,-0.0760072767734528,0.0912844315171242,0.0332319661974907
"FGB",-0.0139767406508327,0.0598322339355946,0.111008875072002,0.0159071981906891,-0.00253718090243638,0.0714367479085922,0.266757696866989,-0.0577768683433533,0.0216270163655281,0.158111304044724,-0.01129100471735,0.0135654341429472,-0.0075040627270937,0.174947038292885,0.224875256419182
"ORM2",-0.0617581903934479,-0.216925010085106,-0.00248112645931542,0.00675523979589343,-0.00394626474007964,-0.0830020606517792,0.38840389251709,0.0242816731333733,-0.0941721647977829,0.0898803696036339,0.165251031517982,0.142285391688347,0.0413060523569584,0.25029730796814,0.24468357861042
"RIMS4",0.229371249675751,0.242804959416389,0.0110615007579327,-0.00196648389101028,0.00350840552709997,-0.0250492729246616,-0.212105959653854,0.151010155677795,0.308072715997696,-0.125727936625481,0.0667294785380363,-0.054792445152998,-0.0587904080748558,-0.161777660250664,0.203197449445724
"THRSP",-0.0636233985424042,0.261502593755722,0.00402879156172276,0.000794435851275921,0.389815390110016,0.142260044813156,0.150401830673218,-0.27233362197876,0.0163074173033237,0.00222622649744153,0.00362961273640394,0.150131568312645,-0.0155657986178994,0.226252436637878,0.145730271935463
"VTCN1",-0.0914527103304863,-0.0733259171247482,0.467067152261734,0.0130796898156404,0.0018345711287111,-0.188951328396797,0.175953209400177,-0.304305791854858,-0.0584503300487995,-0.15995579957962,0.0186039619147778,-0.104849122464657,0.0312516242265701,-0.0144100142642856,0.0167961195111275
"TRIM29",-0.241083040833473,-0.149779245257378,0.594445407390594,0.00272458232939243,0.00279198074713349,-0.0128955971449614,0.0115716196596622,-0.0295916963368654,-0.0492216050624847,0.040844302624464,0.183501183986664,-0.186213821172714,0.0416829250752926,0.0180551987141371,0.0713265612721443
"ROPN1B",-0.25928807258606,-0.313843697309494,0.450597316026688,0.000455891451565549,0.0108211301267147,-0.0256135184317827,-0.290367603302002,-0.0393704399466515,-0.0304250959306955,0.0248856619000435,-0.0136224571615458,0.0348853878676891,0.016828503459692,-0.0349645763635635,-0.060709822922945
"S100A9",-0.114607997238636,-0.281251519918442,0.0742236003279686,0.0577593445777893,0.00183948234189302,0.158686205744743,0.465888291597366,0.000593581469729543,0.00290987151674926,0.0873219966888428,0.312292397022247,-0.0203562770038843,-0.0323273837566376,0.214496567845345,0.153333529829979
"PCOLCE2",-0.258485794067383,-0.0991278290748596,-0.0486693754792213,-0.00256932922638953,0.586353719234467,0.146690249443054,-0.132415920495987,-0.104150719940662,-0.0204058140516281,0.000914535368792713,0.042003970593214,-0.0631176084280014,0.0273206029087305,-0.011132569052279,-0.0073722442612052
"EDN3",-0.225781932473183,0.0751571729779243,0.593219697475433,0.0163172464817762,0.000297469727229327,0.0866960361599922,-0.214147165417671,-0.107270479202271,-0.0135235395282507,0.00368206552229822,-0.147686302661896,0.0316504128277302,0.0253202375024557,-0.0889755114912987,0.0330416671931744
"IL20",0.212225094437599,0.24587570130825,0.130301713943481,-0.0642091631889343,0.000878668739460409,-0.0756343081593513,0.0550952851772308,0.0990815237164497,0.122161023318768,-0.139623329043388,-0.0108046783134341,-0.103573374450207,-0.117932394146919,-0.0417875312268734,0.174993246793747
"ANXA8",-0.212093815207481,-0.121316574513912,0.558714807033539,0.00121710519306362,-0.00173376698512584,-0.0110490778461099,-0.104731120169163,0.0474597178399563,-0.00124098686501384,-0.052384439855814,0.34423616528511,-0.261724680662155,0.0319273732602596,-0.00476298574358225,-0.0124911926686764
"SERPINA5",0.167109802365303,0.356405675411224,0.190473839640617,-0.00544144632294774,-0.001695511280559,0.13005830347538,-0.192957535386086,-0.0353071764111519,0.0815695896744728,-0.131172880530357,0.0571759641170502,0.078797273337841,-0.0568474568426609,-0.111967362463474,-0.128818780183792
"MAGEA3",-0.0168878529220819,-0.224058523774147,0.00860339682549238,-0.289638251066208,0.000206304495804943,0.148313701152802,0.0852204412221909,0.0559648349881172,0.132652655243874,-0.0432770662009716,0.128024607896805,0.0253941249102354,-0.0189879704266787,0.0578360222280025,0.0145694892853498
"LPPR3",0.209224343299866,0.238298624753952,0.276430398225784,0.00707867695018649,0.000882774882484227,-0.0861763805150986,-0.291798144578934,0.0375282987952232,0.084568940103054,-0.177156046032906,0.0940466746687889,0.142850637435913,0.0344833582639694,-0.102873750030994,0.174924835562706
"NCRNA00052",0.186491057276726,0.0499181933701038,0.00644036196172237,-0.00590683333575726,-0.014510054141283,0.0263364613056183,-0.027083994820714,0.00905053690075874,0.226788371801376,-0.179646983742714,0.00326011818833649,-0.0451293289661407,-0.136814057826996,-0.0280122105032206,0.0854432657361031
"FAM3B",0.00623514363542199,0.0985825955867767,0.337273389101028,-0.025165868923068,0.0329170115292072,0.137807756662369,-0.0328209735453129,0.0103909373283386,0.234631255269051,-0.0297110415995121,-0.0136656546965241,0.0145879155024886,-0.223215311765671,-0.00845842622220516,-0.194465115666389
"ERBB4",0.194775596261024,0.536079227924347,0.159523829817772,0.000867336115334183,0.00340030342340469,-0.0245348736643791,-0.0340369157493114,-0.0393638089299202,0.0384981408715248,0.0231755916029215,-0.234416052699089,-0.0471504256129265,-0.0851254239678383,0.00501815974712372,0.0130416192114353
"WFDC2",-0.0170886609703302,0.131656751036644,0.365647166967392,-0.00128117448184639,-0.00596739072352648,-0.224768802523613,-0.0689792931079865,0.223523885011673,-0.0768254920840263,0.0560114420950413,0.126658961176872,0.160829976201057,-0.0086710574105382,-0.0882728397846222,-0.0132885845378041
"PPP1R1A",-0.215925291180611,0.0207305997610092,0.0799077153205872,0.035862784832716,0.471480995416641,0.0535367950797081,0.0831073820590973,-0.215637043118477,-0.00290371361188591,0.133320838212967,-0.000378261378500611,0.125474691390991,-0.00360775482840836,0.0331839509308338,0.0360370315611362
"SYT8",-0.199112594127655,-0.125710770487785,0.545410454273224,0.0104287704452872,0.00468793651089072,-0.00911172013729811,-0.036665815860033,-0.0441059395670891,-0.0654629990458488,0.0323333218693733,0.263405740261078,0.0721963122487068,0.0507320910692215,-0.157719135284424,0.0835183635354042
"ZIC1",-0.165888637304306,-0.378895908594131,0.113067768514156,-0.00295840273611248,-0.000485274125821888,-0.149948939681053,-0.0287478566169739,-0.0189314782619476,0.0177464839071035,-0.0289043262600899,0.0163996461778879,-0.0338851772248745,0.0241056568920612,-0.083403654396534,0.00078310671960935
"INSM1",0.0951888784766197,0.06271593272686,-0.0109700160101056,0.00239921268075705,-0.0020936350338161,-0.0808121785521507,-0.0613015778362751,0.213990330696106,0.0116410916671157,-0.116403743624687,-0.0975163653492928,0.1228112205863,-0.0089582446962595,-0.0284798126667738,0.207796141505241
"COL10A1",0.25550901889801,-0.00132550031412393,-0.0143271423876286,-0.0354818254709244,-0.120165579020977,-0.212563380599022,0.399618566036224,0.105213388800621,0.0674475654959679,-0.0970552638173103,0.0620552264153957,-0.430304318666458,-0.0187392365187407,-0.270061016082764,0.025135351344943
"ABCA8",-0.151013553142548,0.293520301580429,0.138349696993828,0.0159429628401995,0.426249712705612,0.249839276075363,-0.00108998478390276,-0.0935570150613785,0.0220747999846935,-0.0215114932507277,-0.218083560466766,-0.152517288923264,-0.00989797618240118,-0.136603146791458,0.0157369822263718
"ABCC13",0.161058485507965,0.194881975650787,0.0476765632629395,-0.0155795831233263,-0.00113989785313606,-0.148591309785843,0.0770615786314011,0.00621293904259801,0.0960806757211685,-0.113026082515717,0.0840162634849548,-0.143442824482918,0.0273812636733055,-0.111863397061825,0.110307708382607
"ATP6V0A4",-0.0826940611004829,-0.180787444114685,0.374351352453232,-0.0867950692772865,-0.00387152563780546,0.0276021119207144,0.138121485710144,0.0257928036153316,0.15747943520546,0.0370722785592079,0.005665875505656,-0.070432722568512,-0.142117232084274,0.0983498692512512,-0.259537041187286
"PKP1",-0.245433077216148,-0.18878385424614,0.350162357091904,0.00381023925729096,0.0703815594315529,0.0631966665387154,-0.0445442013442516,-0.0649740323424339,0.0530040934681892,-0.108935669064522,0.156061038374901,-0.144659727811813,-0.0405695997178555,-0.0452334880828857,-0.179019778966904
"HGD",0.149916440248489,0.204242721199989,0.207685679197311,0.0280034523457289,-0.0267079025506973,0.0913356021046638,0.304001152515411,-0.137342259287834,0.117826230823994,0.143214493989944,-0.00162221177015454,-0.0224931575357914,0.00909743364900351,0.0551125146448612,0.00479828892275691
"LOC728606",0.0474995039403439,0.370422154664993,0.186481654644012,-0.0164825469255447,0.00150912709068507,-0.239896476268768,0.0890550762414932,0.126253351569176,-0.199590489268303,0.263402462005615,-0.116934314370155,0.115365445613861,0.0915275812149048,0.00765820406377316,-0.106227956712246
"C16orf89",-0.0670908465981483,0.291714787483215,0.231312200427055,0.0201671291142702,0.165986925363541,0.0439166910946369,0.0696418806910515,-0.206645861268044,0.0744936913251877,-0.0404947809875011,-0.0037238490767777,0.273988395929337,-0.0935520008206367,-0.0277341641485691,0.00523494509980083
"ROBO2",0.0412182584404945,0.228553399443626,-0.135810941457748,-0.0291481241583824,-0.0101953633129597,-0.0718104764819145,-0.0434736274182796,0.181150287389755,0.00257227034308016,0.138357222080231,-0.133080005645752,-0.144890144467354,-0.0203757174313068,-0.107182390987873,0.137106657028198
"SLC9A2",0.0205514375120401,-0.0350910648703575,0.246168985962868,0.0218966454267502,-0.00257435557432473,0.0723760351538658,0.277291864156723,0.0645506829023361,0.28987842798233,0.180113837122917,-0.0119179729372263,-0.140100881457329,-0.1108143851161,-0.000618342426605523,-0.0729311630129814
"C2orf40",-0.227977722883224,0.216468915343285,0.448594093322754,0.00664211949333549,0.122252628207207,0.150182262063026,-0.184496864676476,-0.13904182612896,-0.00341695593670011,0.013626366853714,-0.0601934492588043,-0.0439541004598141,-0.0100831678137183,-0.211517885327339,0.00707847252488136
"TMC5",0.11028914898634,0.377980977296829,0.189304232597351,0.00148916186299175,-0.000479480251669884,-0.0952251479029655,0.414588212966919,-0.159732684493065,-0.0410413146018982,0.142469689249992,-0.0836270898580551,-0.095483310520649,-0.0125904213637114,0.0920602530241013,-0.0397345796227455
"CST4",0.180113360285759,0.131052136421204,0.0629426017403603,0.00238782749511302,-0.000773303094319999,-0.0935284122824669,0.313709318637848,0.133580207824707,0.00200390676036477,-0.00902434252202511,0.0038663528393954,0.0237416308373213,-0.0206606145948172,-0.398797273635864,-0.0991100519895554
"TRPA1",0.0772009938955307,-0.00631391210481524,-0.0859136059880257,0.00793662574142218,-0.076731339097023,-0.0674378126859665,0.0537595972418785,0.176720231771469,0.115247666835785,-0.153851136565208,0.00264120637439191,-0.2359429448843,0.00120984856039286,0.053945280611515,0.013820867985487
"AKR1C2",-0.153516694903374,0.057375393807888,0.0171167682856321,0.00247827521525323,0.454929381608963,0.256756991147995,0.0837282165884972,-0.141257539391518,0.0257594715803862,0.102275691926479,0.230603396892548,-0.102092660963535,0.0115363681688905,0.208455577492714,0.000652101938612759
"ALOX15B",0.0254889037460089,0.143372029066086,0.272127628326416,0.00813580211251974,-0.0720055997371674,0.11602009832859,0.333909541368484,-0.220874592661858,-0.0106334919109941,0.00230436073616147,-0.00153865467291325,0.0604249127209187,-0.00276724179275334,0.00207209028303623,0.0317834466695786
"CCL19",-0.105157792568207,-6.27896515652537e-05,0.326739251613617,0.0209385827183723,0.286163330078125,0.155212417244911,0.370886266231537,0.322812587022781,-0.0153297483921051,-0.398336082696915,-0.154420927166939,0.121213719248772,0.0160384755581617,-0.195558056235313,0.00997231900691986
"MARCO",-0.264824539422989,-0.250506848096848,-0.10415680706501,0.079843670129776,0.135299071669579,0.19818189740181,0.127155810594559,0.0311528947204351,-0.00369348912499845,-0.0380592048168182,0.20833121240139,0.00583489472046494,-0.000533493177499622,0.0564604252576828,-0.0255112536251545
"FOXJ1",0.160619288682938,0.105700574815273,0.0928906947374344,-0.0258774720132351,-0.000488338584546,-0.149222791194916,0.141157940030098,-0.000710244989022613,0.00375109817832708,-0.0801536962389946,0.0852610692381859,0.093206599354744,-0.0404575802385807,-0.123719044029713,0.125916957855225
"WDR72",0.042028933763504,0.13981220126152,0.180397003889084,-0.14838981628418,0.00238846684806049,-0.0177976414561272,-0.0811399891972542,0.179227560758591,0.106663912534714,0.00274638389237225,0.0499149784445763,-0.126748666167259,-0.0827609375119209,0.0888283401727676,-0.0270895604044199
"SLC26A3",0.00646722875535488,0.328185558319092,0.257823318243027,0.0276890937238932,-0.0228021945804358,0.0880453735589981,0.0252735428512096,-0.230405509471893,-0.00791201554238796,0.0140126310288906,-0.158615782856941,0.0890620648860931,0.102764993906021,0.0326638966798782,0.00389480916783214
"LGALS12",-0.15575835108757,0.162442848086357,-0.0431169494986534,-0.00167367106769234,0.591721296310425,0.181415408849716,0.0682886317372322,-0.178170919418335,0.00326642324216664,0.102625668048859,0.0913004353642464,0.0466966405510902,0.00321650924161077,0.0929568633437157,0.0196280460804701
"DARC",-0.130373403429985,0.236640274524689,0.283232927322388,0.0406439863145351,0.399728447198868,0.255594700574875,0.140066623687744,0.0332748331129551,-0.0275003742426634,-0.178349107503891,-0.106633484363556,0.154114976525307,-0.00320808752439916,-0.168024212121964,0.00232185516506433
"SYTL5",0.173434183001518,0.44462725520134,0.190459728240967,-0.0160374399274588,-0.00334318773820996,-0.074116624891758,-0.021494947373867,0.150866314768791,0.113945938646793,0.140871345996857,-0.0221186876296997,-0.11755708605051,-0.00460073491558433,0.0685284435749054,-0.00112261821050197
"ELOVL2",0.166890278458595,0.284945905208588,0.200130969285965,-0.0341455191373825,0.0926603302359581,-0.0393503904342651,-0.229329019784927,0.000753796426579356,0.151755526661873,-0.245573088526726,-0.0764106139540672,-0.125899598002434,0.0914872884750366,-0.0591365583240986,-0.0078691691160202
"PI15",-0.187957510352135,0.0908348187804222,0.32249453663826,0.00540048582479358,-0.000621997052803636,-0.0216158833354712,-0.234004557132721,0.0343996845185757,-0.0224907454103231,0.112570464611053,-0.0322633609175682,0.000713185057975352,-0.0624886192381382,0.164251208305359,0.0982876941561699
"HOTAIR",0.123204797506332,-0.246366873383522,0.214512750506401,0.0389968603849411,-0.000144566904054955,-0.0045893844217062,0.365668892860413,-0.164072275161743,0.135711997747421,0.0604456290602684,0.0028611624147743,0.0305413585156202,-0.00404159026220441,-0.21678315103054,-0.000804791052360088
"ANXA8L2",-0.220136016607285,-0.106651782989502,0.538333356380463,0.000191860104678199,-0.00107909319922328,-0.00452826078981161,-0.117285095155239,0.0605512149631977,-0.00805582106113434,-0.0489887967705727,0.271706819534302,-0.307685792446136,0.0157849434763193,0.0061083328910172,-0.0331752561032772
"AGTR1",-0.0375331789255142,0.439383536577225,-0.0736508369445801,-0.0122223496437073,0.111075058579445,0.0121939918026328,-0.200360715389252,0.0992319211363792,-0.0299396067857742,0.0143005549907684,-0.0206142887473106,-0.111442923545837,0.0265718176960945,0.0234219320118427,0.0609244331717491
"IGJ",-0.164781287312508,0.0524375587701797,0.481778800487518,-0.012852038256824,0.163826048374176,0.192222014069557,0.245670020580292,0.180902451276779,0.0065439036116004,-0.215804502367973,-0.256286114454269,-0.125878110527992,0.00611111894249916,-0.00618645176291466,-0.0887629836797714
"FOXA1",0.308857977390289,0.459915608167648,0.219341173768044,-0.00135294976644218,-0.0487019345164299,-0.0500954762101173,0.18929697573185,0.0627336204051971,0.0931527018547058,0.0741850212216377,-0.173710867762566,0.0404890589416027,-0.0535657666623592,0.0807841867208481,-0.00043838907731697
"HOXC11",0.165925025939941,-0.247449278831482,0.191658169031143,0.0304573457688093,-9.9671131465584e-05,-0.0177184138447046,0.359149694442749,-0.118591122329235,0.180482342839241,0.0435786582529545,0.0400524400174618,0.0205879081040621,-0.0157105252146721,-0.253294736146927,-0.00246468838304281
"NCCRP1",-0.188248366117477,-0.27274227142334,0.259223014116287,-0.035141970962286,-0.000301629101159051,-0.0704535916447639,0.301525950431824,0.0986135378479958,0.0794020667672157,0.0055341818369925,0.259487003087997,-0.119014017283916,-0.0325669758021832,0.050357349216938,-0.00918044429272413
"ACTL8",0.0133752040565014,-0.410834014415741,0.0124839041382074,-0.0151101611554623,-0.0321157351136208,-0.0104732606559992,0.0698187649250031,0.0885829105973244,0.118345588445663,-0.00456648925319314,0.0744084566831589,0.0982537940144539,-0.00146006757859141,0.0304065924137831,0.0436579622328281
"HEPACAM2",0.0299826543778181,0.347770005464554,0.316429495811462,0.0326776728034019,-0.00534411845728755,-0.0408146381378174,-0.146962374448776,0.0817310437560081,0.00605609174817801,0.0603804439306259,-0.244174733757973,0.0782294794917107,0.0430960319936275,0.129211694002151,-0.0174748282879591
"FREM2",-0.0743338093161583,-0.0277278292924166,0.125442683696747,0.000793981947936118,0.000783263996709138,-0.0420949198305607,-0.18983393907547,-0.135210826992989,0.167405217885971,-0.341763257980347,-0.096238985657692,-0.209517240524292,-0.0668486952781677,0.0809039920568466,0.155058681964874
"CHST8",0.111322090029716,0.25166517496109,0.156459927558899,0.00419496465474367,0.0407499931752682,-0.152667179703712,0.0179774668067694,0.145886942744255,0.0609671585261822,0.121326558291912,0.138811096549034,0.0756047144532204,0.0952832028269768,-0.111621558666229,0.170463785529137
"KNDC1",0.0344021767377853,0.143652036786079,0.11314532905817,0.2385363727808,0.000345991022186354,-0.0502446815371513,0.252000659704208,0.0907443985342979,0.103322848677635,0.251619875431061,0.113873764872551,0.0862459316849709,-0.0176904760301113,-0.00170952919870615,0.247465074062347
"CYP4B1",0.0794104561209679,0.442744523286819,-0.000917463446967304,0.00373762077651918,0.104205571115017,0.0668254792690277,0.0881793648004532,-0.045480340719223,-0.00341292400844395,0.0260281562805176,0.0870577916502953,0.0449166297912598,-0.00232957932166755,0.0281815472990274,0.0937615931034088
"GPR98",0.0550789795815945,0.269899636507034,0.228863999247551,-0.0365804992616177,-0.0368240028619766,-0.0748292431235313,0.0632644519209862,-0.0566853396594524,0.186361312866211,0.0671598166227341,-0.193147882819176,-0.170108318328857,-0.0584280826151371,0.0968624427914619,-0.0675856918096542
"CHGB",-0.0974673181772232,0.152091190218925,0.0138944387435913,0.00869754143059254,-0.00163667707238346,-0.0229456350207329,-0.0842916592955589,0.371416479349136,0.0343286916613579,0.160519927740097,-0.10334836691618,0.310424566268921,-0.0744589641690254,0.0957974642515182,0.111658357083797
"SLC7A2",0.110988602042198,0.415118485689163,0.0537613369524479,0.0232691951096058,-0.017872367054224,-0.00170154799707234,-0.0936475247144699,0.0721489414572716,0.031155938282609,0.00630140397697687,-0.151770994067192,-0.183356955647469,-0.05643080919981,0.106426298618317,0.211621940135956
"SLPI",-0.217907398939133,-0.187510758638382,0.338221907615662,0.00749477604404092,0.0732811242341995,0.000750132370740175,0.1815135627985,0.0553174391388893,-0.0794816240668297,0.280590742826462,0.230971693992615,-0.0277701430022717,0.0968828126788139,0.117017284035683,-0.0800764560699463
"CHIT1",-0.0623341426253319,0.00493997242301702,0.0878262519836426,0.0838562771677971,0.0791226625442505,0.154507964849472,0.293820738792419,0.135991781949997,-0.0186827722936869,-0.195324942469597,0.012408584356308,0.0108531126752496,-0.000271758006419986,-0.0501943863928318,0.0527371056377888
"SLC28A3",-0.215341597795486,-0.00116482679732144,0.30080571770668,0.00488948635756969,0.00377770815975964,-0.0119519289582968,0.144496530294418,0.00433852523565292,-0.104449190199375,0.135193258523941,-0.142153665423393,-0.246844753623009,0.108179494738579,0.111176915466785,-0.17121909558773
"MRAP",-0.146579876542091,0.174406468868256,-0.0587674975395203,0.00338835269212723,0.670148372650146,0.186207383871078,-0.0864079147577286,-0.125450789928436,-0.0261770393699408,0.017286067828536,0.0946844965219498,0.0166984759271145,-0.00498637743294239,0.0280529484152794,-0.0180451814085245
"CR2",-0.171481803059578,-0.167527303099632,0.233252465724945,0.00164134311489761,0.0864835307002068,0.117621168494225,0.271634638309479,0.294251054525375,-0.0677612349390984,-0.299284756183624,-0.291396230459213,0.116439521312714,0.0515481419861317,-0.0586101561784744,-0.0317550748586655
"KRT13",-0.0263785365968943,0.0182039421051741,0.209223166108131,0.00527086202055216,0.038330189883709,0.0762493163347244,-0.0480475202202797,0.0548763051629066,0.128303468227386,-0.126445159316063,0.428115755319595,-0.0741733983159065,0.0148217845708132,0.154840797185898,-0.044808104634285
"TTYH1",-0.261658906936646,-0.27858754992485,0.349460631608963,-0.00173946795985103,0.0375612862408161,0.0267466027289629,-0.226376011967659,-0.142843559384346,0.0107265152037144,-0.000712025444954634,0.0454913303256035,0.0678336918354034,0.014464819803834,-0.0791078954935074,-0.0691684484481812
"TMPRSS6",0.193734690546989,0.361601054668427,0.0905284434556961,0.0495477803051472,-0.0072347316890955,-0.133592680096626,-0.0955585390329361,0.246117770671844,-0.0346583612263203,0.0632257238030434,0.129365250468254,0.231726780533791,0.00211374368518591,-0.0388146005570889,0.166259527206421
"TUBA3D",0.156176492571831,0.325982987880707,0.104061931371689,-0.019973648712039,-0.0109026459977031,-0.17871655523777,0.101166427135468,0.0609696172177792,-0.0395319126546383,-0.0806374400854111,-0.0331818014383316,0.14619317650795,0.028331071138382,-0.0567677989602089,0.153420597314835
"BCAS1",0.270661890506744,0.351511895656586,0.144353851675987,-0.0150040546432137,0.0022848101798445,0.0369229465723038,0.0701579302549362,0.132004499435425,0.0851951614022255,0.0693081021308899,-0.0457017868757248,0.0453146547079086,-0.111469596624374,0.0117249581962824,-0.0815158411860466
"PIK3C2G",-0.160466954112053,0.0230244044214487,0.516725301742554,0.0436318777501583,-0.000588149123359472,0.10187766700983,-0.0544996969401836,-0.17328168451786,0.0557548627257347,0.123576894402504,-0.175884991884232,-0.11212707310915,-0.0155274895951152,0.0990018546581268,0.0181868746876717
"FAM5B",0.00510112941265106,0.132893621921539,0.098810687661171,0.00270851538516581,-0.01014085393399,-0.0894900262355804,-0.229287669062614,0.126378014683723,-0.0127322226762772,0.0954069122672081,-0.0695312470197678,0.195115968585014,-0.0393019430339336,0.0609544739127159,0.0937103852629662
"C14orf180",-0.131894111633301,0.181645199656487,-0.0203385222703218,0.00104160793125629,0.681047856807709,0.179378896951675,-0.0535289235413074,-0.113284200429916,-0.000430352665716782,0.00329516129568219,0.102437019348145,0.106238938868046,0.00642225658521056,-0.00289659295231104,-0.00127717037685215
"KRT23",-0.181242018938065,-0.139475628733635,0.360292732715607,-0.000583489658311009,0.000551773875486106,-0.280054986476898,0.0715934857726097,-0.104575492441654,-0.143732964992523,-0.0625933930277824,0.118720196187496,-0.00230312836356461,0.0756195262074471,0.0399036221206188,0.131125792860985
"SMYD1",-0.232555016875267,0.0972444042563438,0.533400774002075,-0.00182372308336198,0.032729335129261,0.080488383769989,-0.226789861917496,-0.148498728871346,0.000576278078369796,0.0818423703312874,-0.0766623765230179,-0.0792983025312424,-0.0149012496694922,0.0467320010066032,0.0107495561242104
"ALDH1L1",-0.221424981951714,0.103324092924595,0.0659108534455299,-0.000493367842864245,0.501854002475739,0.195845320820808,-0.105579987168312,-0.154636800289154,0.00459360564127564,0.0627750679850578,0.0544817000627518,0.0503481924533844,-0.0050668204203248,-0.0458919927477837,-0.00388003420084715
"SPDYC",0.0733195245265961,-0.173910930752754,0.0620898939669132,-0.189704939723015,0.000851131801027805,0.0828013196587563,0.18011662364006,-0.0106935640797019,0.174901008605957,-0.0624451376497746,0.153529167175293,0.102275505661964,-0.273207426071167,0.0674795508384705,-0.0443526171147823
"FAM196A",0.162490785121918,0.262324184179306,0.000282447494100779,-0.00118093460332602,-0.0210673175752163,-0.126387491822243,-0.18849141895771,0.101111441850662,0.0229981895536184,-0.19819875061512,-0.0498151294887066,0.0110091995447874,0.00316024804487824,-0.00130201363936067,0.0111029101535678
"NAT1",0.229570046067238,0.380781143903732,0.0925682559609413,-0.0339220501482487,0.050689022988081,-0.179598271846771,0.182359412312508,0.0787190571427345,-0.0710411891341209,0.0463526844978333,-0.065449021756649,-0.0911305695772171,0.0773036479949951,-0.142770871520042,-0.0509704314172268
"CNTFR",-0.148976534605026,-0.036465335637331,0.0810415968298912,-0.0604396089911461,0.400115668773651,0.187651678919792,-0.20451919734478,-0.146974310278893,0.158475980162621,-0.0715331211686134,-0.0213969815522432,0.134505987167358,-0.00520499888807535,0.00215129554271698,0.0174895245581865
"SYT1",0.156963169574738,0.248129397630692,0.113070964813232,-0.0193617604672909,0.00105680723208934,-0.0191439222544432,-0.0456921793520451,0.0846207514405251,0.0977402403950691,-0.0343728587031364,-0.0823685303330421,-0.091223806142807,-0.0592344738543034,-0.145814761519432,-0.0356388799846172
"FSIP1",0.271051645278931,0.412775963544846,0.106748759746552,-0.0549843870103359,-0.0581092163920403,-0.00180158985313028,-0.0778700485825539,0.113769687712193,0.039019238203764,-0.00640464713796973,-0.0756580829620361,-0.0665862634778023,-0.00520657747983932,-0.00593390222638845,0.00389496772550046
"UGT2B28",-0.0267997607588768,0.143878594040871,0.140987530350685,-0.00535832298919559,-0.0258852913975716,0.101201862096786,0.231615215539932,-0.101797454059124,0.00891310721635818,0.313096642494202,-0.0580847375094891,0.0287573523819447,0.103073760867119,0.105378985404968,-0.0801183357834816
"HORMAD1",-0.172618836164474,-0.449970155954361,0.00588706508278847,-0.0651275813579559,-0.00112451100721955,-0.123254045844078,-0.0820974260568619,0.0609893016517162,-0.0595947913825512,-0.145451188087463,0.0393726192414761,-0.0246309079229832,-0.0231875590980053,-0.041461393237114,-0.0527954213321209
"PPP4R4",-0.0737836956977844,0.166120976209641,0.129646584391594,-0.0817509442567825,-0.00161432020831853,-0.151553243398666,-0.140335097908974,0.122309461236,-0.0200164448469877,0.0683898776769638,0.0154037093743682,0.0412646792829037,0.112294264137745,-0.00062684592558071,0.0397874116897583
"FLJ45983",0.24891260266304,0.390635192394257,0.141140997409821,0.00677670398727059,-0.000228850782150403,-0.161586672067642,-0.0564451850950718,0.0964882746338844,-0.0374304540455341,-0.0431126952171326,0.0279109943658113,0.205226749181747,-0.0466593466699123,-0.036757942289114,0.112372472882271
"VSIG2",-0.108341656625271,0.221904024481773,0.381227016448975,0.00855612009763718,0.0984140336513519,-0.0460703782737255,0.0459174402058125,-0.0188471451401711,-0.0116486679762602,0.159626439213753,0.110652476549149,0.102728679776192,-0.0525946728885174,-0.114448241889477,-0.206669896841049
"KRT4",-0.104202434420586,-0.162892624735832,0.188072383403778,-0.000538209278602153,0.00539728254079819,0.0684831291437149,0.15737609565258,0.0688007026910782,0.121095210313797,0.0215966906398535,0.32754909992218,-0.133590832352638,0.0472067445516586,0.164501860737801,-0.0791470184922218
"GLDC",-0.00758070359006524,-0.180480509996414,0.0848802998661995,-0.0063578262925148,-0.0244266521185637,0.0300010368227959,-0.0832237377762794,0.0254240036010742,0.256993174552917,-0.33512008190155,0.139229297637939,0.0998697951436043,-0.0433524064719677,0.158158600330353,0.000272464734734967
"AKR7A3",0.214794978499413,0.334710836410522,0.1477420181036,-0.0149448607116938,-0.00870368722826242,-0.103645414113998,0.0107848318293691,0.0685974210500717,0.01854133233428,-0.0496850721538067,0.00146924844011664,0.187319174408913,-0.0185079779475927,0.0640559569001198,0.0192494336515665
"UGT2B15",0.0914463922381401,0.313990294933319,0.207268446683884,0.0482292138040066,-0.0849272310733795,0.07071353495121,0.011843329295516,0.0378201231360435,0.0837757587432861,0.114190742373466,-0.107800267636776,-0.00502085592597723,-0.0090767340734601,0.0399643406271935,-0.0780773758888245
"CYP4X1",0.0275158975273371,0.345222920179367,0.0958765223622322,-0.0106898536905646,0.0183116849511862,-0.117042407393456,0.231033846735954,-0.135585486888885,-0.122139722108841,0.173352181911469,-0.125203251838684,0.0246753934770823,0.063359834253788,-0.0483562648296356,-0.0511301271617413
"ATP1A2",-0.0787340998649597,0.331979036331177,0.0933112427592278,0.00515511259436607,0.37509161233902,0.239066421985626,-0.162633165717125,-0.124544277787209,0.00507263466715813,0.0770274326205254,-0.100909382104874,-0.00265019619837403,0.00514199957251549,0.0207328218966722,-0.0196019317954779
"MS4A1",-0.126210331916809,-0.0513121671974659,0.242255315184593,0.0111490311101079,0.15467669069767,0.173979133367538,0.456793993711472,0.363558948040009,-0.0365374386310577,-0.413410246372223,-0.279184460639954,0.0854817405343056,0.00473106605932117,-0.0908631458878517,0.000473238149425015
"GRB14",-0.105556562542915,-0.115000814199448,0.0797013565897942,-0.0670293420553207,0.123442910611629,-0.127810582518578,0.0863924100995064,0.00356179475784302,0.00124682765454054,0.0514181032776833,-0.00897307507693768,0.00926975160837173,-0.00206812401302159,-0.0614766590297222,3.80880119337235e-05
"CA4",-0.20453292131424,0.220091193914413,0.0237917825579643,0.0285276640206575,0.420286118984222,0.277608215808868,-0.117886781692505,-0.204505145549774,-0.0353337936103344,0.100180193781853,0.00753131508827209,0.0959788635373116,0.011715873144567,0.0708852633833885,-0.0033039462286979
"EPYC",0.0893734097480774,-0.0678757801651955,-0.241837948560715,0.00622552400454879,-0.168176576495171,-0.0375031419098377,0.395495057106018,0.0611540228128433,0.0875344499945641,0.000220029745833017,0.0650945752859116,-0.322646766901016,-0.00937622413039207,-0.171208769083023,-0.0139052430167794
"FGFBP1",-0.267859011888504,-0.169110372662544,0.372188359498978,0.00375298596918583,0.0797864273190498,0.101877823472023,-0.147752732038498,0.069609522819519,-0.00424583209678531,-0.0224428232759237,0.207517921924591,-0.0975532904267311,0.0106731411069632,0.161201909184456,-0.0727095976471901
"TFPI2",-0.102566406130791,0.127930104732513,0.202551662921906,-0.00653086649253964,0.132482200860977,0.14527715742588,0.090078704059124,0.0526853948831558,0.132397755980492,-0.00848112534731627,-0.0507992394268513,-0.0849666446447372,0.0052875904366374,-0.00489050103351474,0.043907780200243
"CYP2A7",-0.0188405327498913,0.227229952812195,0.0152916721999645,-0.0144310630857944,0.0019591290038079,-0.114557482302189,-0.0229664947837591,0.0669699683785439,-0.0328636355698109,0.142989933490753,-0.044351551681757,0.139816522598267,-0.0732082203030586,0.0261158831417561,0.0641987472772598
"GJB1",-0.0284959319978952,0.168431058526039,0.247881755232811,-0.000205335687496699,-0.000573353026993573,-0.114517323672771,0.246162593364716,-0.0335041731595993,0.00792898610234261,0.396821886301041,-0.0996636301279068,0.256432980298996,-0.00589697062969208,0.0866613164544106,-0.0197247974574566
"KIAA0408",-0.163628041744232,0.159756988286972,-0.00411971425637603,-0.00527806347236037,0.421093732118607,0.217293620109558,-0.0994439870119095,-0.154664173722267,0.00121273181866854,0.0185243301093578,-0.0946267172694206,-0.0190784707665443,0.00314138201065361,0.0657388493418694,0.000118635332910344
"MMP12",-0.103306300938129,-0.278354674577713,0.00344222830608487,0.0287322718650103,-0.0238904301077127,-0.00656623067334294,0.148330807685852,0.141164034605026,0.00566884782165289,-0.151032045483589,0.183960199356079,-0.236358940601349,-0.0354427620768547,0.146626248955727,0.00455822236835957
"HSD17B2",-0.203740119934082,-0.150869771838188,0.355403482913971,-0.00698921550065279,0.00090701028238982,0.0927860215306282,0.213735029101372,-0.185496881604195,-0.00132650474552065,0.113222368061543,0.009845239110291,0.0645904392004013,0.00175401486922055,0.162042617797852,0.105316422879696
"LOC100271831",0.0280427411198616,-0.0811168998479843,0.100746713578701,0.010813576169312,0.0462381057441235,0.00656937155872583,0.103280894458294,0.00295669608749449,-0.0922929495573044,-0.0308219082653522,0.415842473506927,0.531185686588287,0.03567149117589,-0.279568940401077,0.0407588481903076
"ATP13A4",-0.115146704018116,0.0558107420802116,0.291868478059769,0.00205142935737967,0.0010609207674861,-0.0365687347948551,0.222045212984085,0.00453424779698253,-0.0164113529026508,0.394492000341415,-0.109905265271664,-0.0848314538598061,0.0990199446678162,0.174357309937477,-0.0991527363657951
"TIMP4",-0.137049466371536,0.265461504459381,-0.0214687641710043,0.00207530311308801,0.486163228750229,0.131275430321693,-0.102090626955032,-0.0389582924544811,-0.0987040847539902,0.136421173810959,0.0460099317133427,0.0608550794422626,-0.0165868774056435,-0.0222020428627729,-0.00290999002754688
"TRPV6",-0.13001911342144,-0.227563440799713,0.386770248413086,0.00664813444018364,-0.00338223436847329,-0.0103997252881527,0.319812625646591,-0.139325603842735,-0.00543974060565233,0.17552225291729,0.032783318310976,0.0853737220168114,-0.00177074759267271,0.140077114105225,0.0943045020103455
"NPY5R",-0.1581671833992,0.143389254808426,0.0128317661583424,-0.0124619575217366,0.214113369584084,-0.0694270804524422,-0.249454751610756,-0.0444433763623238,0.00829523336142302,-0.0653132125735283,0.012546175159514,-0.0242882370948792,0.0341103784739971,0.0124214673414826,-0.0404250398278236
"TMPRSS3",-0.0608199387788773,-0.00188393250573426,0.386676341295242,0.0746616721153259,0.0555172562599182,-0.320742964744568,0.155106097459793,0.0100743239745498,-0.125185817480087,-0.162307903170586,0.00219681765884161,0.058506116271019,0.0535259991884232,-0.117760248482227,-0.0663977712392807
"IGDCC3",0.165409609675407,0.263221263885498,0.238045871257782,-0.0156673975288868,0.00128659722395241,0.186455264687538,-0.212086334824562,-0.167207553982735,0.209110602736473,-0.248486697673798,0.0192834325134754,0.0758854672312737,-0.0278932508081198,-0.203705996274948,-0.00706328405067325
"NPY2R",-0.177511721849442,0.22423554956913,0.405002623796463,0.00152730371337384,0.107209280133247,0.178010925650597,-0.14582784473896,-0.13827058672905,-0.00263655884191394,0.108880706131458,-0.133959516882896,0.0227152463048697,0.00411138404160738,0.0311253312975168,0.0252763573080301
"LRG1",0.143907144665718,0.305285632610321,0.195760786533356,-0.0358089506626129,0.0204786248505116,-0.0360449254512787,0.37023663520813,-0.0748137161135674,-0.0990868583321571,0.0236216243356466,0.125455394387245,0.0590956062078476,0.0640600398182869,-0.0160749368369579,0.00126993306912482
"ART3",-0.216072127223015,-0.453174144029617,0.0709884762763977,0.00159596523735672,0.000498337729368359,-0.101406045258045,-0.0380742698907852,0.0253698565065861,-0.0641047805547714,-0.140389174222946,-0.00556667940691113,0.0300569888204336,0.0543997175991535,-0.015494036488235,-0.0631539821624756
"KRT6C",-0.182921394705772,-0.259427100419998,0.387030214071274,-0.00757356453686953,-0.00887164101004601,0.0291768088936806,-0.0598432682454586,0.066434383392334,-0.00666597671806812,-0.00611637439578772,0.424408316612244,-0.215828329324722,0.0354583524167538,0.0960390344262123,-0.0271936822682619
"C1orf173",-0.0159887224435806,0.341039299964905,0.233121559023857,-0.00265348935499787,0.0783013850450516,-0.226886138319969,-0.0733845010399818,0.13344395160675,-0.0288622248917818,-0.018031932413578,-0.141970261931419,0.042031567543745,0.00794247444719076,0.0473946072161198,0.10964673012495
"PCSK1N",-0.0624887570738792,-0.280394047498703,0.142588242888451,0.0845848992466927,-0.0903751477599144,-0.0814441964030266,-0.149894133210182,0.132511004805565,0.227315217256546,-0.0367616415023804,0.238262087106705,0.172444984316826,0.00788751244544983,-0.141476213932037,0.126361221075058
"TPRG1",0.0653597339987755,0.458212703466415,-0.0070550125092268,-0.0468596369028091,0.0808861702680588,-0.174331560730934,-0.0714941993355751,0.134663626551628,-0.13586550951004,0.0134436767548323,-0.000979688367806375,-0.0280775483697653,0.107928410172462,-0.0468305759131908,-0.00157294666860253
"PAX7",0.104897826910019,-0.128336846828461,0.0154854478314519,0.0281778834760189,-0.0176276564598083,0.0991942957043648,0.268285721540451,-0.0738954991102219,0.186906695365906,0.124750941991806,-0.0111429849639535,0.00408528698608279,-0.0815534442663193,0.00546270562335849,0.0262840036302805
"NDP",-0.0639505386352539,0.16443695127964,0.0594872422516346,0.041982289403677,-0.110624141991138,-0.0967212021350861,0.0178249664604664,-0.20150500535965,0.0127390474081039,-0.16919332742691,0.0357351154088974,0.0515062734484673,-0.052954163402319,-0.129489675164223,0.0199860706925392
"OGN",-0.0818055495619774,0.3404401242733,0.078076496720314,0.00865687150508165,0.167512699961662,0.20726378262043,0.0705163478851318,-0.219966351985931,0.0309781469404697,0.108611829578876,-0.114308826625347,-0.254348576068878,-0.0356231108307838,-0.256493866443634,0.00619407603517175
"GRIK3",0.0689349621534348,0.396428823471069,0.167802602052689,0.0561550110578537,-0.0589477457106113,-0.0788558796048164,-0.147668465971947,0.0174987129867077,0.0795062258839607,0.00325016165152192,-0.134067893028259,-0.00296053127385676,-0.00484462594613433,0.0443193949759007,0.235223576426506
"C2CD4A",0.0101751824840903,0.075568675994873,0.111362099647522,0.0301144253462553,-0.0168797485530376,-0.0175349116325378,0.45831698179245,0.0142289074137807,0.0517077371478081,0.166427865624428,-0.0156538225710392,-0.0933115407824516,0.0014313692227006,0.242828577756882,0.116203777492046
"RGS22",0.0826035216450691,0.43240350484848,-0.113599628210068,0.000588644586969167,0.116348162293434,-0.0770780146121979,-0.209306240081787,0.0374700538814068,-0.0453176982700825,-0.018364205956459,-0.0829602852463722,-0.00334661244414747,-0.0212855376303196,0.0214071925729513,0.0503298118710518
"ZIC2",0.168856278061867,-0.191261932253838,0.0503536686301231,0.0794696137309074,0.00517521938309073,0.212513491511345,0.0634448379278183,-0.0327674895524979,-0.0487405844032764,0.18336595594883,0.0146393133327365,-0.00172140414360911,-0.0940561443567276,-0.0103179542347789,-0.000715179776307195
"FAT2",-0.240966588258743,-0.0163035094738007,0.526347041130066,0.0145774492993951,0.00488011399284005,0.0904556810855865,-0.153446197509766,-0.0199837014079094,-0.00204323045909405,-0.0238322876393795,0.0763565376400948,-0.278937041759491,-0.00152994133532047,-0.00831757113337517,0.00742898648604751
"PSCA",0.0695324316620827,-0.160303115844727,0.173300847411156,-0.0488377064466476,0.000754581938963383,0.145025923848152,0.27078452706337,-0.0989825278520584,0.131804555654526,0.0379402860999107,0.200008809566498,0.082066535949707,-0.106177940964699,-0.0162726566195488,-0.153139710426331
"ATRNL1",0.0921657532453537,0.155150353908539,0.113045051693916,0.000730745610781014,-0.00272090639919043,0.0249078832566738,-0.217772781848907,0.0087389936670661,0.124582268297672,-0.00749828992411494,-0.108248457312584,-0.0914780870079994,0.0280936621129513,-0.158198595046997,-0.107061378657818
"PNMT",0.10662666708231,0.0833390429615974,0.198579668998718,0.0315237045288086,0.000800763897132128,0.133268669247627,0.167082101106644,-0.211628496646881,0.139973789453506,-0.106666274368763,0.063108429312706,0.150888502597809,-0.0233170967549086,-0.0359313264489174,0.0251691471785307
"CACNG4",0.222546741366386,0.212337449193001,0.208260118961334,-0.0264425370842218,-0.0707487091422081,-0.00446634972468019,0.0182598121464252,-0.0160944238305092,0.164859786629677,-0.183779910206795,0.0846546068787575,-0.12137845903635,0.00604717200621963,-0.110723167657852,0.0986533164978027
"GABRB3",-0.077564463019371,0.0849564895033836,0.0705399960279465,0.00899030081927776,0.0602072738111019,0.0626379773020744,-0.0437250956892967,0.0328115485608578,0.0775495991110802,0.11948349326849,-0.113720260560513,-0.0914172381162643,0.00179392681457102,-0.0266461167484522,0.0136608900502324
"LOC642587",-0.0646376386284828,0.17356351017952,0.504169762134552,0.00483645778149366,0.00978718232363462,-0.0829653367400169,0.0948866009712219,-0.146054267883301,-0.125215336680412,-0.0877530425786972,0.140312537550926,0.0817093774676323,0.0670079663395882,0.015695059671998,0.114550769329071
"DCDC2",-0.0230502635240555,0.271766901016235,0.326325088739395,0.000881983316503465,0.00920113455504179,-0.0742306560277939,-0.173658922314644,0.0385572500526905,0.0162706170231104,-0.0120193026959896,-0.0512200817465782,-0.021797688677907,-0.0356589891016483,0.0250938851386309,0.047202680259943
"DCX",-0.132190227508545,-0.0190301835536957,0.298867136240005,0.00584456790238619,0.0250197276473045,0.0505471900105476,-0.311299592256546,0.0490092970430851,0.0601285099983215,-0.0265272371470928,-0.231384187936783,-0.00240969774313271,0.000880318169947714,-0.00830059684813023,0.102914690971375
"PPP1R14C",-0.235440596938133,-0.317194283008575,0.348628908395767,0.0149987833574414,-0.0632098913192749,0.00109026569407433,-0.00199487921781838,-0.000662897014990449,0.000133281238959171,-0.0125314211472869,0.181090772151947,-0.187221214175224,0.0220470726490021,0.0885713621973991,0.00990162417292595
"GRM4",0.199203073978424,0.129326283931732,-0.0503437072038651,0.0335073247551918,-0.0810576602816582,-0.229108080267906,0.117878094315529,0.186488881707191,0.00220262445509434,-0.0145116904750466,0.016087282449007,0.0605542846024036,0.029614320024848,-0.0994501635432243,0.196274086833
"C19orf33",0.145143434405327,0.165984570980072,0.160068184137344,0.00410419190302491,-0.00385588710196316,0.000319942279020324,-0.0351758152246475,0.148906990885735,0.0936964675784111,-0.140986099839211,0.33382448554039,0.104993216693401,-0.155883058905602,-0.149817988276482,0.0490872077643871
"WT1",-0.0130271147936583,-0.111286722123623,-0.125578328967094,0.0874714851379395,-0.149180978536606,-0.126884505152702,0.256902754306793,0.0332748591899872,0.00574225280433893,0.0441946126520634,-0.00679074600338936,-0.020553270354867,-0.0199040248990059,-0.0598371103405952,0.220934182405472
"C3orf57",0.101602852344513,0.199256852269173,0.149593666195869,-0.000177049354533665,-0.0736915692687035,-0.00343335815705359,0.187063232064247,-0.068767324090004,0.0834926292300224,-0.0850696414709091,0.0499994121491909,-0.0492031536996365,-0.0785352140665054,0.0999603644013405,0.0301912222057581
"MAPK4",-0.291536659002304,-0.207367241382599,0.220911160111427,0.00430000247433782,0.000233174228924327,-0.0238720327615738,-0.232845410704613,0.0258694086223841,0.00409549009054899,0.0919625833630562,-0.0444932170212269,-0.0124667575582862,0.0542366318404675,0.00442449795082211,-0.00599559070542455
"SHISA9",0.158684134483337,0.0596305951476097,0.176943629980087,0.00988992303609848,-0.0019759857095778,0.0302170608192682,0.215651422739029,-0.234668657183647,0.231765240430832,-0.144581168889999,-0.0103829950094223,-0.100303545594215,0.0011035914067179,0.002230204641819,0.0525582954287529
"HRASLS5",-0.136127412319183,0.304127186536789,0.00117032381240278,0.00814838707447052,0.2466761469841,-0.102407574653625,-0.097748190164566,-0.191390782594681,-0.0121023934334517,-0.0969822630286217,-0.0204072557389736,0.024704048410058,-0.0724726766347885,0.014317387714982,0.0118953417986631
"AKR1B10",0.00283399224281311,0.0106625221669674,0.0943397358059883,0.00408811727538705,-0.000678101670928299,0.10361210256815,0.222409158945084,-0.00642653740942478,0.121683187782764,0.194283828139305,0.300850182771683,-0.177963823080063,-0.00188058044295758,0.343069612979889,-0.00496781850233674
"PRSS21",-0.102832317352295,0.091721810400486,0.167295306921005,0.0075310985557735,-0.0113450661301613,-0.0776017010211945,0.0540276281535625,0.0296710561960936,-0.0339538790285587,0.0511626042425632,-0.00408622901886702,0.0580595508217812,0.00645786803215742,-0.00931511167436838,0.0171121060848236
"LGR6",-0.208709076046944,-0.0256844330579042,0.456434786319733,0.00257016066461802,0.0010796842398122,-0.0516340546309948,-0.0895367637276649,-0.115718618035316,0.0183733608573675,-0.112598985433578,-0.023403637111187,0.047228742390871,0.00529159978032112,-0.0577486343681812,0.135855942964554
"ZBTB16",-0.137044697999954,0.365798592567444,0.0330145433545113,0.0532631017267704,0.152837693691254,0.193319365382195,0.00362290185876191,-0.21108204126358,-0.0286247655749321,0.0517637804150581,-0.141616582870483,-0.000570006493944675,0.0810469537973404,0.0442678704857826,0.0974567905068398
"FGG",-0.0209420267492533,0.0260211918503046,0.0617730244994164,-0.00771482568234205,-0.000344826083164662,0.129549354314804,0.268220096826553,-0.0168138332664967,0.0331449657678604,0.149030283093452,0.0171792358160019,0.0150940818712115,-0.00996311102062464,0.252688199281693,0.190072193741798
"MMP7",-0.197656944394112,-0.199055686593056,0.449202388525009,0.0154999168589711,-0.00160038052126765,-0.000174541739397682,0.0377926602959633,0.117455571889877,-0.040617574006319,-0.140980556607246,0.11649714410305,-0.232499629259109,-0.00492125190794468,-0.0343483053147793,-0.0150255104526877
"POF1B",0.0160537827759981,0.0941272079944611,0.319415152072906,-0.0289435908198357,0.00174131605308503,0.169819414615631,0.0980908498167992,0.0904990434646606,0.135008454322815,0.158289730548859,0.0282172877341509,-0.213516086339951,-0.103532671928406,0.111935794353485,-0.271785080432892
"ONECUT2",0.0713787972927094,-0.327485591173172,0.0277992524206638,0.0793139040470123,0.00194934033788741,0.122232496738434,0.0077695632353425,0.0442120544612408,0.175399929285049,0.0630593076348305,-0.162717208266258,-0.0422302559018135,-0.133934274315834,0.0975896343588829,-0.00131365039851516
"S100B",-0.302924960851669,-0.0945293977856636,0.166450530290604,0.00510542700067163,0.296297341585159,0.140748366713524,-0.110165603458881,-0.0819137394428253,-0.0636262372136116,-0.0531922467052937,0.0347114466130733,0.0539688877761364,0.0261264033615589,-0.099480114877224,-0.0460634380578995
"AREG",0.0391078442335129,0.189663723111153,0.329616963863373,0.010462561622262,-0.000291735224891454,0.0210080705583096,-0.0482779666781425,-0.0272420272231102,0.0235907081514597,-0.0682441219687462,-0.0304988548159599,-0.130384787917137,-0.0395170673727989,-0.0218034125864506,0.107068970799446
"FUT3",-0.0799766629934311,-0.286183446645737,0.259976387023926,-0.00136229814961553,-0.000323920539813116,-0.0210184380412102,0.433102935552597,-0.0323951244354248,0.0120918108150363,0.153803467750549,0.173824444413185,-0.0113629186525941,-0.0492998361587524,0.206925958395004,0.00411138916388154
"PRODH",0.0146279307082295,0.05588698387146,0.244701728224754,0.106514789164066,0.0248644538223743,0.0020610629580915,0.251769244670868,0.0280774664133787,0.0229725576937199,0.160936444997787,0.132294237613678,-0.0130917569622397,0.0698865875601768,-0.152294814586639,-0.12205944955349
"C6",-0.105688668787479,0.160447388887405,-0.00483288429677486,-0.00304835056886077,0.613172709941864,0.0947692170739174,0.0291478522121906,-0.0345389284193516,-0.00517135625705123,-0.0278479810804129,-0.0345099866390228,-0.0439907275140285,0.00461459858343005,-0.0355155058205128,0.000562769710086286
"DES",-0.180103644728661,0.0422370284795761,0.0874345079064369,0.00220916653051972,0.261018812656403,0.16701240837574,-0.0594715178012848,-0.1357751339674,0.00205523800104856,-0.0160527545958757,0.148625269532204,0.0311633255332708,-0.0222204886376858,-0.171888619661331,0.00520151806995273
"GPR26",-0.0214035045355558,0.0318338796496391,-0.023047361522913,-0.0010390798561275,-0.0164196640253067,-0.109075389802456,-0.0730899721384048,0.0967289432883263,0.0230940487235785,-0.0196288507431746,-0.042986735701561,0.139493942260742,-0.055902224034071,0.198482915759087,0.183147624135017
"ADCY5",0.000450989726232365,0.260745346546173,0.1433424949646,0.0431491732597351,0.20582503080368,0.227917060256004,-0.0427328236401081,-0.0880362614989281,0.0465986020863056,-0.0225078817456961,-0.191251337528229,-0.00983649212867022,-0.0330684445798397,-0.145296603441238,-0.0521362461149693
"ADH1C",-0.124796509742737,0.197892889380455,0.178440123796463,0.0119474604725838,0.367892205715179,0.269185453653336,0.0528768077492714,-0.139145225286484,0.00673912186175585,0.0366739071905613,-0.00669126957654953,-0.0201337691396475,-0.0295331459492445,0.0501033551990986,-0.00108738476410508
"RBM24",0.0720814168453217,0.288998544216156,0.0837137326598167,-0.0465661250054836,0.00618954841047525,-0.0649799183011055,-0.183956503868103,-0.0764037072658539,0.0351951643824577,-0.30255126953125,-0.0101135959848762,-0.0537547543644905,0.0101326489821076,-0.108138151466846,0.00945302285254002
"PLCH1",-0.0937083885073662,-0.326170980930328,0.258252054452896,-0.0285351127386093,-0.0941570028662682,0.0175667777657509,0.132531031966209,-0.0890922993421555,0.189972192049026,-0.0566057004034519,-0.147241964936256,-0.0844338312745094,-0.09935063123703,0.197965085506439,-0.0565661117434502
"MYT1",0.223775461316109,0.0938724130392075,-0.0117905903607607,0.0220893900841475,0.00180113327223808,-0.0708650797605515,-0.281307578086853,0.33865013718605,0.160295858979225,-0.0104218851774931,-0.0707831159234047,0.0542706698179245,-0.0747451931238174,0.063492938876152,0.19201722741127
"TDRD1",-0.078724592924118,0.0110484352335334,-0.0126587003469467,-0.00767243094742298,0.00606634747236967,0.0230501871556044,0.368651956319809,-0.135633677244186,0.0173007566481829,0.206517159938812,-0.0850676149129868,-0.00374757614918053,-0.0604516640305519,0.162096202373505,-0.027636868879199
"VIPR2",-0.0875319465994835,0.261829137802124,0.114031217992306,0.0793996155261993,0.141599982976913,-0.125165283679962,0.075314424932003,0.174801960587502,-0.0986984148621559,0.256735801696777,-0.0314792618155479,0.103485018014908,0.114878609776497,-0.176845654845238,-0.0640703216195107
"COMP",0.182299986481667,0.0302434619516134,-0.0330905243754387,-0.0252142045646906,0.000454270251793787,-0.0728773176670074,0.328020453453064,0.0645341649651527,0.0108865462243557,-0.0567246340215206,0.203536987304688,-0.181109622120857,-0.00476419785991311,-0.360775917768478,0.00490865111351013
"DLX2",0.0211112704128027,0.172412499785423,0.13614509999752,0.000583540473598987,-0.0537504144012928,-0.161751925945282,-0.0115308370441198,-0.0728763714432716,-0.146050900220871,0.0436906479299068,-0.0895389467477798,0.0843656733632088,0.104069747030735,-0.17131707072258,0.0377658605575562
"APOD",-0.0511561445891857,0.176469355821609,0.234474286437035,-0.00843830686062574,0.201965510845184,0.235033541917801,0.208994552493095,-0.178876593708992,0.0779350697994232,0.127313360571861,0.00114192115142941,0.00283901882357895,-0.0110818585380912,-0.0614415481686592,-0.0240758154541254
"AFP",-0.000699623778928071,0.198436975479126,0.281638324260712,-0.000991774024441838,-0.00405805604532361,0.19038712978363,-0.0420765168964863,-0.127545475959778,0.0262852218002081,0.0113483378663659,-0.123498529195786,0.0976983904838562,-0.00641022529453039,-0.0873625725507736,-0.115226835012436
"PRG4",-0.0914843082427979,0.108690783381462,-0.0349970683455467,-0.0173231493681669,0.512109577655792,0.124628067016602,0.0537683106958866,-0.00328445364721119,0.000297010265057907,-0.0443998426198959,-0.0415678583085537,-0.111553497612476,-0.0293157398700714,-0.033117264509201,0.0750214084982872
"SYNPO2L",0.0479930751025677,0.246261730790138,0.0587116032838821,0.00393675966188312,-0.0293346457183361,-0.00785516481846571,-0.101668030023575,-0.120296016335487,0.0756074860692024,-0.106797814369202,0.117936328053474,0.043759822845459,-0.00758418254554272,0.0258300639688969,-0.00131250498816371
"FAM83E",0.104102104902267,0.162249907851219,0.292401403188705,0.00162598432507366,-0.00190698448568583,-0.100539840757847,0.0424645431339741,0.15965311229229,0.0867602154612541,-0.0075630028732121,0.152345314621925,0.165449395775795,-0.0165961049497128,-0.124665968120098,-0.193341463804245
"FIGF",-0.210822999477386,0.181611612439156,0.173527613282204,0.00382268684916198,0.369327545166016,0.261164456605911,-0.143287271261215,-0.137218981981277,0.0142675302922726,0.0367074310779572,-0.0921569466590881,0.04770402982831,-0.0283491667360067,0.0371842943131924,0.00870216824114323
"CCNO",0.0919860526919365,0.139951378107071,0.169797942042351,0.00881142076104879,-0.00466209277510643,-0.154901534318924,0.329258590936661,-0.0292643066495657,-0.0871816724538803,0.172478973865509,0.0894825384020805,0.108705654740334,0.0440675541758537,-0.127558216452599,0.0911008045077324
"TPSG1",0.165551990270615,0.319135129451752,0.0815889611840248,-0.00043144600931555,0.00281581585295498,-0.0211457572877407,-0.0530640259385109,-0.0430045686662197,0.0404601842164993,-0.116824865341187,0.0838396027684212,0.200594961643219,0.00278857792727649,-0.210014075040817,-0.0122883887961507
"PTCHD1",-0.254588961601257,-0.225893214344978,0.264343470335007,0.00374328158795834,0.00378263322636485,0.0934320390224457,-0.0939064621925354,-0.129922181367874,-0.00560667458921671,0.0775553956627846,-0.161336973309517,-0.0720438286662102,0.000976405455730855,0.0519947335124016,-0.00827775709331036
"GRIA4",-0.152292057871819,0.217698499560356,0.520006060600281,0.000212225364521146,0.00135429494548589,0.187133282423019,-0.0449068993330002,-0.116947315633297,0.0414951145648956,0.107121050357819,-0.151560813188553,-0.0152048356831074,-0.00215001520700753,0.00652593048289418,0.010244857519865
"IRX1",-0.233430117368698,-0.056431632488966,0.441369861364365,0.054680097848177,0.000272447097813711,-0.00891309697180986,-0.191282987594604,-0.100973002612591,-0.0590894222259521,-0.0187219697982073,0.0340118892490864,-0.00829311646521091,0.0242324266582727,-0.196874588727951,0.0249966643750668
"PP14571",0.241411551833153,0.205406427383423,0.170106485486031,-0.00931814685463905,-0.000114474212750793,-0.00337151461280882,0.0553480982780457,0.0903593674302101,0.146616578102112,-0.0802692323923111,0.0026752301491797,0.0925209745764732,-0.0928078517317772,-0.0717911571264267,-0.103021837770939
"NEURL",0.174662426114082,0.180418491363525,0.055443998426199,-0.0344252064824104,-0.00785782840102911,-0.0873834863305092,-0.184497639536858,0.241257697343826,0.0512727871537209,-0.232319205999374,0.00765008153393865,0.236440971493721,-0.0461822003126144,-0.106145203113556,0.0682397708296776
"S100A2",-0.139584243297577,-0.153188839554787,0.328721016645432,0.00593459606170654,-0.086014486849308,-0.00420045247301459,-0.0624248646199703,0.0573868900537491,-0.00433756550773978,-0.0459186434745789,0.516258895397186,-0.23718349635601,-0.00227755657397211,-0.0388290472328663,0.000299484061542898
"TMEM213",-0.191302761435509,-0.0821144580841064,0.306574791669846,-0.0102481506764889,-0.000623800267931074,-0.0362348183989525,-0.0850639715790749,-0.0468992777168751,-0.0111662708222866,-0.0170289296656847,-0.117795050144196,0.0551299415528774,-0.0482397675514221,0.0435969531536102,-0.140791282057762
"F7",0.215259104967117,0.297831624746323,0.137294456362724,-0.000734545406885445,0.014168307185173,-0.0711527243256569,0.234114944934845,-0.0114701967686415,-0.0614566504955292,0.0608351565897465,-0.0202302951365709,0.0646071434020996,0.0406488180160522,-0.232181370258331,-0.0570647418498993
"GLYAT",-0.166733786463737,0.189637094736099,-0.0225561987608671,0.00577918998897076,0.571360349655151,0.1824010014534,-0.099000371992588,-0.123092353343964,-0.00099606835283339,0.0494386702775955,0.0425502508878708,-0.00808637402951717,0.000811136269476265,0.0879316851496696,-0.0397524200379848
"IYD",0.140699252486229,0.0806740522384644,0.128949269652367,0.0106538021937013,-0.00314785377122462,0.100136533379555,0.321592152118683,0.00392739707604051,0.205234721302986,0.194301441311836,-0.0319028608500957,-0.0248583517968655,-0.159195452928543,0.176053166389465,-0.0116407480090857
"RELN",-0.215712204575539,0.112256549298763,0.248281270265579,0.0227161757647991,0.191561460494995,0.227590993046761,-0.0527968965470791,-0.0773420557379723,0.0383605882525444,0.0189599879086018,-0.284806877374649,-0.112723968923092,-0.0105275539681315,-0.0759758427739143,0.00325274327769876
"DEFB1",-0.211493358016014,-0.139619395136833,0.333417028188705,0.0658344253897667,0.0843321532011032,0.099443681538105,0.0487680695950985,-0.0489080660045147,0.000808522803708911,0.0531058423221111,0.238641262054443,-0.0408299751579762,0.00346901011653244,0.137775182723999,0.00651770830154419
"ACTG2",-0.214469403028488,0.00611004745587707,0.335477977991104,-0.0137780895456672,0.00066361523931846,0.0895217731595039,-0.195621684193611,-0.159950643777847,-0.00148186343722045,0.0947410315275192,0.140900328755379,-0.0863800868391991,-0.0145167084410787,-0.12810979783535,0.0293613635003567
"HP",-0.0906378403306007,0.0147260539233685,0.0272262282669544,-0.00886248890310526,0.526342272758484,0.125383704900742,0.118329502642155,0.0338485315442085,-0.0184521451592445,-0.0453631579875946,0.132521748542786,0.0200649909675121,0.0475004650652409,0.0277318619191647,0.00175922235939652
"TP63",-0.130651548504829,0.230668723583221,0.548325002193451,0.00150747282896191,0.000450676481705159,0.104191027581692,-0.0105016445741057,-0.000169104954693466,9.62754711508751e-05,-0.00135659496299922,-0.00107100268360227,-0.254285246133804,0.00288292160257697,0.0311510004103184,0.0868617817759514
"UGT8",-0.247648730874062,-0.283647865056992,0.319017797708511,0.0113081419840455,-0.00134883704595268,-0.0547197014093399,-0.143965467810631,0.0197843220084906,-0.0160161666572094,-0.0612788535654545,-0.1809943318367,-0.164228036999702,0.0022346368059516,0.0867689326405525,-0.00506955618038774
"SBSN",-0.0903884992003441,-0.372831642627716,0.0758828744292259,-0.00856625381857157,-0.000631361035630107,0.00979511439800262,0.0841866731643677,0.0235057324171066,0.0202887989580631,0.0516805201768875,0.456692695617676,-0.00581572437658906,0.0662726685404778,0.124431408941746,0.01214022282511
"DKK1",-0.107243321835995,-0.197111204266548,0.094402126967907,0.0290855970233679,-0.00149184023030102,0.0322224572300911,0.266227334737778,-0.131506249308586,0.0537011064589024,-0.0424977093935013,0.0313250608742237,-0.0320689789950848,-0.0196524560451508,0.0813253670930862,0.141397550702095
"CXADRP3",0.113190226256847,0.233446374535561,0.043632447719574,-0.0100039644166827,-0.000813855847809464,-0.158454552292824,0.127853974699974,-0.0044657145626843,-0.0814964175224304,0.0987667292356491,-0.0236566886305809,-0.0484670959413052,0.0086392005905509,-0.111680299043655,-0.12532302737236
"SLC27A6",-0.184463486075401,-0.0189708396792412,0.481720685958862,-0.000227585711400025,0.00128374644555151,0.0607413910329342,-0.318250209093094,-0.0116625986993313,0.0766683220863342,-0.0943781286478043,-0.0827638730406761,-0.153857499361038,-0.0129541745409369,-0.0540293976664543,0.0420555509626865
"AR",0.127700492739677,0.420739203691483,-0.00233386992476881,0.00298640853725374,-0.000148838254972361,0.0557250306010246,0.171477794647217,-0.103034749627113,0.00448843417689204,0.143865078687668,-0.295376777648926,-0.25123718380928,-0.00738541036844254,0.113239891827106,0.0099500734359026
"HPX",0.202507391571999,0.283807963132858,0.21971620619297,0.00613130303099751,-0.000605149078182876,-0.0235233046114445,0.192848026752472,-0.113682314753532,0.00162472506053746,0.0139088565483689,-0.0264160484075546,0.178541287779808,-0.0115125812590122,-0.123533308506012,0.0360757932066917
"TSIX",0.0122006507590413,-0.0348461009562016,0.0474889762699604,0.00194255518727005,0.00189112639054656,0.0313134044408798,0.0779894813895226,-0.0664444267749786,-0.0146867958828807,-0.0419726073741913,0.367023527622223,0.467094659805298,0.00888415519148111,-0.200209110975266,0.0762021988630295
"SMOC1",-0.270815223455429,-0.162551805377007,0.0412026979029179,0.0388731956481934,0.000171833598869853,0.00803701672703028,-0.103378012776375,0.0160633306950331,-0.0217442456632853,0.15343314409256,0.115352191030979,0.00633411388844252,0.00305706961080432,-0.00544894393533468,0.047174759209156
"FAM3D",-0.212539106607437,-0.0916975289583206,0.403255194425583,-0.0342823937535286,0.0118720177561045,0.116313822567463,0.00935562327504158,-0.0663258507847786,-0.0120948003605008,0.0923357903957367,0.0176821798086166,0.11296035349369,-0.0094580901786685,0.0695958584547043,-0.0856604054570198
"MMP10",0.101856425404549,0.126051440834999,0.180858135223389,-0.00110107380896807,-0.152578815817833,-0.116550907492638,0.0872573032975197,0.140201687812805,0.00470615737140179,-0.06727634370327,0.148940294981003,-0.34095761179924,-0.000510131765622646,-0.072585366666317,0.09163948148489
"SPDEF",0.286803424358368,0.343021869659424,0.289361566305161,-0.00483816862106323,-0.0516953058540821,-0.010956241749227,0.212104350328445,-0.00260853115469217,0.0949135795235634,0.0609322227537632,-0.0472325719892979,0.224348857998848,-0.0226948373019695,0.0128098195418715,-0.035807766020298
"FAM83A",0.0342285707592964,-0.108605720102787,0.165036976337433,-0.0606833063066006,-0.0601069517433643,0.15057846903801,0.22864742577076,0.123126894235611,0.126325935125351,0.0889636725187302,0.181187614798546,-0.0671509057283401,-0.0615046545863152,0.266830801963806,-0.00621888926252723
"TUBA3E",0.174821972846985,0.304274678230286,0.0744196176528931,-0.0172741077840328,-0.00892075337469578,-0.160790637135506,0.0661986917257309,0.0860090404748917,-0.0108617544174194,-0.0853067338466644,0.00942870602011681,0.159871190786362,0.050037931650877,-0.0513519197702408,0.111033618450165
"GLYATL1",0.107004143297672,0.154917687177658,0.0612419657409191,0.0342447124421597,-0.117581643164158,-0.0538380481302738,0.243070796132088,-0.138686656951904,0.00662313727661967,0.0930714160203934,-0.0605633445084095,0.0451914928853512,-0.0274383891373873,0.0143041256815195,0.0441263504326344
"SPAG17",0.0317207314074039,0.228252604603767,-0.0449241697788239,-0.0269913729280233,0.0658201575279236,-0.11973662674427,-0.0674088150262833,0.0647273063659668,-0.0428509712219238,0.0909230634570122,-0.0213103722780943,0.0216082856059074,-0.087158203125,0.0638120919466019,0.0525319837033749
"CHST9",-0.181973919272423,-0.024135148152709,0.516838669776917,-0.00254300213418901,0.000160809460794553,0.0200235359370708,-0.184428319334984,-0.0725292190909386,0.0208722483366728,-0.0238722376525402,-0.139459207653999,-0.130231708288193,-0.0290677808225155,0.0671202912926674,-0.00501317903399467
"SCRG1",-0.224233523011208,-0.260526388883591,0.1715929210186,0.0234087221324444,0.00160696415696293,-0.0172845758497715,-0.225238561630249,-0.124646581709385,-0.0690682455897331,0.0406560972332954,-0.0195218175649643,0.0888785496354103,0.044700913131237,-0.117470771074295,0.00633883662521839
"CD177",0.0393128618597984,0.0407337099313736,-0.135899424552917,0.0120954215526581,-0.0454375594854355,-0.00531480554491282,0.28691378235817,0.0136564783751965,0.0344007797539234,-0.0476428493857384,0.0582419186830521,-0.124165587127209,-0.00846213102340698,-0.140697613358498,-0.00114166492130607
"ZNF385B",-0.0268291793763638,0.271683186292648,0.0672469660639763,0.00204936461523175,-0.0064578172750771,-0.0567385219037533,0.105911545455456,-0.0364279523491859,-0.040798258036375,0.0305005889385939,-0.102547064423561,-0.0600373297929764,0.0807924419641495,-0.0499292090535164,0.0319610349833965
"CYP4F11",0.110594727098942,0.264466762542725,0.251947641372681,0.0241655055433512,0.00284905335865915,0.00991619378328323,0.0983821228146553,0.0274762846529484,0.0355270355939865,-0.0266811568289995,0.0804800316691399,-0.0140364244580269,0.078674390912056,0.111929349601269,0.0681455880403519
"AFF3",0.163426160812378,0.454718768596649,0.090058259665966,-0.00755499396473169,-0.00222375639714301,0.0359583124518394,-0.211120292544365,0.0751544907689095,0.062412217259407,-0.0891841948032379,-0.187089920043945,-0.0401274152100086,-0.0213619917631149,0.00335463671945035,-0.000458458409411833
"BCL11A",-0.265110969543457,-0.298559427261353,0.382979243993759,0.0245769843459129,0.000185323151526973,0.00365602131932974,-0.0285385586321354,0.0665230453014374,-0.000507695716805756,-0.139258354902267,-0.113581165671349,0.0247274991124868,0.0339420475065708,-0.0529082790017128,0.026465380564332
"PCDHA11",0.0314992107450962,0.0909054800868034,0.165752500295639,0.000841640983708203,-0.00163793936371803,0.0597679540514946,0.00636312272399664,0.119812563061714,0.115130916237831,0.124449491500854,-0.109488800168037,-0.111800484359264,-0.0408913567662239,0.0917845591902733,0.0518179386854172
"PART1",-0.160126328468323,-0.132853969931602,0.307704001665115,0.000424338068114594,-0.000650178291834891,-0.09334397315979,-0.0867037549614906,0.101441591978073,-0.0193794965744019,0.209055617451668,-0.0813545063138008,0.109576843678951,0.00752598466351628,0.0320059433579445,-0.15148563683033
"CD36",-0.135950908064842,0.149061068892479,-0.0131671633571386,-0.00283665303140879,0.496989548206329,0.22287255525589,0.0247392728924751,-0.13762129843235,-0.00434778723865747,0.0808294415473938,-0.0809616893529892,-0.0464120842516422,-0.0211524292826653,0.0854144021868706,0.00134830735623837
"SOX2",0.107154071331024,-0.0647888332605362,0.0840308964252472,0.00409391010180116,0.0109061663970351,0.135014936327934,0.0791056081652641,0.0703527331352234,0.0296288337558508,0.0549573451280594,0.0429337657988071,-0.0273349527269602,-0.0727508962154388,-0.0838282480835915,-0.0973974019289017
"NTS",-0.090201124548912,0.159598678350449,0.08439651876688,-0.00782273337244987,0.11781594902277,0.100415028631687,-0.162432074546814,0.128021076321602,0.0813077166676521,0.0716660171747208,0.0312580429017544,0.0219284314662218,-0.00567148067057133,0.159809976816177,0.00687007792294025
"TOX3",0.17027573287487,0.259987592697144,0.202228918671608,-0.0480262041091919,-0.0124721340835094,-0.105341009795666,0.0787202343344688,0.0753124728798866,0.0699841901659966,0.131961241364479,-0.242160126566887,-0.0203997250646353,-0.0705980807542801,0.0469447672367096,-0.0899778306484222
"FGF10",-0.125405535101891,0.363203912973404,-0.0853871181607246,0.0230172481387854,0.0288023259490728,-0.087810143828392,-0.0899375677108765,0.00529380794614553,-0.110526978969574,0.153797194361687,-0.116407349705696,-0.0944938808679581,-0.00427211355417967,0.118951097130775,0.0779452994465828
"NELL2",0.0700618997216225,0.153125137090683,0.0353442393243313,-0.0264382008463144,-0.00277242180891335,-0.0657254979014397,0.0559656880795956,0.22223599255085,-0.00269733835011721,-0.156639486551285,-0.130538210272789,-0.0600818730890751,0.00121801136992872,-0.0607512705028057,-0.0817669928073883
"ZFP57",-0.103533565998077,-0.186110496520996,0.136417344212532,-0.00801381468772888,-0.000394798466004431,0.0341692678630352,0.0109278280287981,-0.00747469905763865,0.00183482782449573,-0.0065998611971736,0.0644748732447624,-0.0134201468899846,0.0168043561279774,0.00645266193896532,0.035651158541441
"NTNG1",-0.071901910007,0.0488326475024223,0.00326039525680244,0.0408084541559219,0.00558900786563754,-0.144624039530754,0.212331712245941,-0.0311957504600286,-0.0524777993559837,0.0907667279243469,-0.106515683233738,-0.116186410188675,0.0935472771525383,-0.149300307035446,-0.0891454964876175
"CLDN8",-0.134589374065399,0.033267293125391,0.434473484754562,0.000594578217715025,-0.000811932142823935,0.0425456278026104,0.0617874749004841,-0.17714886367321,-0.00345128658227623,0.0968797653913498,-0.0527617856860161,-0.0742445513606071,0.0655522346496582,0.162441253662109,0.0338542275130749
"SHISA2",0.0706245228648186,0.204121083021164,0.14231313765049,0.0610444210469723,-0.0667424947023392,-0.00193601369392127,0.113660328090191,-0.233036056160927,0.1474429666996,-0.140616461634636,-0.0226288214325905,-0.234955132007599,-0.0122099360451102,-0.126231551170349,0.121034733951092
"?|652919",-0.0269927401095629,0.089949943125248,-0.0415356941521168,0.0117788836359978,0.00216389750130475,-0.0112630724906921,-0.0236978493630886,0.0245473124086857,-0.000514332845341414,0.0986144691705704,-0.248432636260986,-0.325496852397919,-0.0140893831849098,0.126765549182892,-0.00767983356490731
"FUT6",-0.0990684032440186,-0.0777182504534721,0.295773774385452,-0.056211594492197,0.0131986495107412,-0.00366428052075207,0.272264450788498,0.0181566160172224,-0.00840454176068306,0.208308592438698,0.0177235677838326,0.0340562909841537,-0.0325737223029137,0.122317962348461,-0.133436068892479
"CHI3L2",-0.234975978732109,-0.162097319960594,0.196357876062393,0.00618307990953326,0.0304574053734541,-0.16896852850914,0.153058454394341,0.0015197133179754,-0.231982603669167,0.0203750431537628,0.123911000788212,0.027013661339879,0.144996881484985,0.0420194752514362,0.0539016611874104
"RET",0.209507986903191,0.239934533834457,0.027606513351202,-0.0337797217071056,-0.000415557384258136,-0.00923476833850145,0.0395677648484707,0.208570167422295,0.0737817287445068,0.0690562427043915,-0.0553245432674885,0.0717447623610497,0.00664640869945288,-0.0196526907384396,0.00835299026221037
"TBC1D3G",0.0386131517589092,-0.0234348736703396,0.0586695447564125,0.00897770654410124,0.00372392241843045,-0.021917924284935,-0.0507376790046692,0.0497040338814259,0.0139665259048343,-0.082073763012886,0.0607760548591614,0.0488923415541649,-0.00890500657260418,-0.00954560097306967,0.0106980185955763
"CXCL14",-0.0557018108665943,0.276732504367828,0.123234525322914,0.0175783522427082,0.125101611018181,0.0602928288280964,0.0916125997900963,-0.0506492890417576,-0.00614061113446951,-0.0690186247229576,0.017980232834816,-0.0849054381251335,0.0259892251342535,-0.149175450205803,0.131418392062187
"PHGR1",0.103515550494194,0.315540850162506,0.153745844960213,-0.0220127403736115,-0.00802917964756489,-0.0472418703138828,-0.19219645857811,0.176663741469383,-0.00298508862033486,0.00312090036459267,0.0257151369005442,0.238525703549385,0.0640124082565308,0.0310802962630987,-0.118185818195343
"ANKRD43",0.124795630574226,0.240779116749763,0.143876820802689,0.000617511395830661,0.111738234758377,-0.0272856242954731,0.19652284681797,-0.142697602510452,-0.0546024441719055,0.0555245503783226,-0.141852393746376,-0.00898196361958981,0.0491730719804764,-0.253584533929825,-0.068275511264801
"HAPLN1",0.0359559059143066,-0.143315181136131,-0.23041658103466,0.000874280172865838,-0.239441260695457,-0.147007659077644,0.0924088135361671,-0.112178921699524,0.0197651721537113,0.0394154377281666,0.0923007801175117,-0.165711224079132,-0.0131145436316729,-0.134119391441345,0.0204967688769102
"HOXC10",0.13538870215416,-0.157649233937263,0.169317483901978,0.0180209297686815,0.0214228797703981,0.00203161290846765,0.287744015455246,-0.126972317695618,0.153709843754768,0.0836633965373039,0.00221154792234302,-0.0369586870074272,-0.0238415785133839,-0.18508817255497,-0.0104504330083728
"DOK7",0.172935515642166,0.254278600215912,0.171434909105301,0.00424347165971994,-0.00448478665202856,-0.162513241171837,-0.139351516962051,0.187357559800148,-0.0231663417071104,-0.139211237430573,0.179211318492889,0.204885616898537,0.00817066058516502,-0.130697309970856,0.126605078577995
"PITX1",0.175486192107201,-0.237626984715462,0.160412460565567,-0.00449078902602196,0.00557018909603357,-0.111907243728638,0.282083660364151,0.0316779613494873,0.000382520200219005,-0.0960549861192703,0.161265671253204,0.0656883716583252,0.0051714051514864,-0.200561210513115,-0.00767054548487067
"CHGA",-0.0416370369493961,0.0777943059802055,0.130853265523911,-0.0290602296590805,0.111099168658257,0.00606369413435459,-0.144531816244125,0.284584730863571,0.216961920261383,0.104427456855774,-0.0396793037652969,0.211393475532532,-0.11009231954813,0.0941761881113052,0.10594742000103
"SCGN",-0.0142741492018104,0.102479092776775,0.052694883197546,0.0120400488376617,0.066403716802597,0.0453699789941311,-0.0583596378564835,0.00471651554107666,0.081907793879509,0.179478019475937,-0.145692080259323,0.211158767342567,-0.022657498717308,0.0846843495965004,0.0669390708208084
"CCL18",-0.155500769615173,-0.216531231999397,-0.0374230481684208,0.0491993390023708,0.105996407568455,0.245976820588112,0.224168568849564,0.172174885869026,0.0450059399008751,-0.126056641340256,0.0280125010758638,-0.0340731628239155,-0.0330706611275673,0.0606547668576241,-0.00665030488744378
"TLX1",-0.0657004565000534,-0.270201086997986,-0.0772174373269081,-0.011877903714776,-0.000970336026512086,-0.196388587355614,-0.0238160286098719,0.13260418176651,0.0181912556290627,0.0166843254119158,-0.0201588198542595,0.129934459924698,0.0585155077278614,-0.0759910494089127,0.00681036710739136
"PCDHA12",0.012781523168087,0.106441617012024,0.123562715947628,0.00140781386289746,-0.00274835922755301,0.0262146331369877,0.0140211237594485,0.095100149512291,0.0365643166005611,0.125271663069725,-0.0964340195059776,-0.152233123779297,-0.00474059069529176,0.0437847152352333,0.0198845956474543
"NOVA1",0.0185220744460821,0.390477955341339,0.0140374265611172,0.0295773651450872,0.117452047765255,0.0715517327189445,-0.247922539710999,-0.00516101717948914,0.00797308422625065,0.00593732390552759,-0.158859118819237,0.0585933215916157,0.0185213517397642,-0.00798670947551727,0.0615558512508869
"AKR1C1",-0.165586814284325,0.0365220010280609,0.0266797114163637,0.00260257092304528,0.432314097881317,0.219571694731712,0.0285838264971972,-0.145183980464935,0.00900450255721807,0.0570153705775738,0.240489169955254,-0.0578212141990662,0.0104985609650612,0.141546577215195,-0.00273541850037873
"PLA2G2D",-0.0939116254448891,-0.118643783032894,0.196050301194191,0.0432377979159355,0.030618891119957,0.190626353025436,0.417090773582458,0.366410315036774,-0.00208242773078382,-0.373498201370239,-0.204600527882576,0.100521586835384,0.00267865206114948,-0.0728162825107574,0.00069203571183607
"DBC1",-0.148519292473793,0.0644743740558624,0.417623102664948,0.0228889118880033,-0.000753099389839917,0.129988133907318,-0.0971236974000931,-0.0201081614941359,0.0864204615354538,0.0236314106732607,-0.0875890180468559,-0.0274107605218887,-0.0203662421554327,-0.0128162316977978,0.0843412280082703
"CAPN13",0.244258895516396,0.308071494102478,0.24224491417408,-0.000374125607777387,-0.00424929661676288,-0.0668121576309204,0.282298266887665,0.0447672307491302,0.0184758994728327,0.11371073871851,-0.0599181987345219,0.0306275356560946,-0.00498028518632054,0.0796397030353546,0.0482758581638336
"PCDH10",-0.0164792314171791,0.106377698481083,-0.0353556908667088,-0.0174251478165388,-0.00949528813362122,0.0130228027701378,-0.0647611171007156,0.0919374227523804,0.152726262807846,0.0674456432461739,-0.00506322970613837,-0.16073577105999,-0.142035454511642,-0.0703399553894997,-0.0100695919245481
"TTC36",0.152269423007965,0.397189021110535,0.0670847669243813,0.000696963630616665,0.0545572638511658,-0.0144744114950299,0.106726624071598,-0.0908933058381081,0.0214282255619764,-0.0288995578885078,0.0526984967291355,0.231160551309586,0.080892838537693,-0.0189184285700321,0.01002486795187
"KCNF1",0.125678241252899,0.113324053585529,0.0924608707427979,0.0270025469362736,-0.057361826300621,-0.132520899176598,-0.0333536714315414,-0.00834441278129816,0.101828895509243,-0.143350854516029,0.203768953680992,-0.0203839037567377,-0.0135839153081179,-0.11884094029665,0.142914861440659
"S100A1",-0.123847812414169,-0.131231591105461,0.124919861555099,0.005903041921556,0.143621385097504,-0.228012725710869,-0.0843439176678658,-0.0900900661945343,-0.162701115012169,0.02911177277565,0.148321032524109,0.215158119797707,0.0738701224327087,-0.193728849291801,0.00399303063750267
"SLC7A10",-0.175528392195702,-9.86463783192448e-05,-0.0485126338899136,-0.00695411860942841,0.567329704761505,0.127559021115303,-0.0780567154288292,-0.139971524477005,0.0062230471521616,0.0421635657548904,0.0588939897716045,0.0621465407311916,0.00255311583168805,-0.0214430578052998,0.00380145595408976
"CAPN9",0.227822840213776,0.210301846265793,0.145330652594566,-0.00510125793516636,-0.000134135509142652,-0.146745711565018,0.240582421422005,0.12737363576889,-0.0181501656770706,0.159773424267769,0.00222569610923529,0.0856172516942024,-0.0461347736418247,-0.0466209724545479,-0.140658557415009
"AK5",-0.144130498170853,0.282713741064072,0.30976077914238,0.00397487310692668,-0.00323487701825798,0.031755268573761,0.0626055225729942,-0.112270183861256,-0.0722693875432014,0.244849354028702,-0.0513074770569801,-0.0781442821025848,0.0654551237821579,-0.146818876266479,0.026777995750308
"FXYD1",-0.178564727306366,0.196632042527199,0.153862521052361,0.0310364980250597,0.313633233308792,0.234454408288002,-0.0522391498088837,-0.146458432078362,-0.0736091583967209,0.0414103642106056,0.0786274001002312,0.105779208242893,0.0299285557121038,-0.20357708632946,0.00313966674730182
"KCNG1",-0.145475089550018,-0.38891676068306,0.201938569545746,0.0763495713472366,-0.0249201860278845,-0.00350947119295597,-0.000207526492886245,0.0593704916536808,0.133090570569038,0.0847191587090492,0.162936732172966,0.00944452546536922,0.0704751685261726,-0.106437191367149,0.0627501457929611
"TSPAN1",0.207093983888626,0.365072876214981,0.12861405313015,-0.0266330000013113,-0.0428095124661922,0.00192601862363517,0.139692097902298,0.207062438130379,-0.00789474043995142,0.202070847153664,0.105884246528149,0.0230322368443012,-0.0354082733392715,-0.020883122459054,-0.121784403920174
"RHCG",-0.178155586123466,-0.327041774988174,0.173254057765007,0.00433460157364607,0.104885704815388,0.0255554411560297,-0.0483457557857037,0.100622832775116,0.025503708049655,-0.025110824033618,0.271190017461777,-0.0410268865525723,-0.000368314067600295,0.121838063001633,-0.0959054827690125
"IRX4",-0.085781916975975,-0.0170682668685913,0.408145993947983,0.170776933431625,-0.000757801928557456,0.00743946619331837,-0.032333742827177,-0.00408627046272159,0.138109400868416,0.115271680057049,0.131075918674469,0.0522087961435318,0.000973176909610629,-0.177346110343933,0.0146234529092908
"FOSB",-0.121383652091026,0.198211312294006,0.124396033585072,0.00495661189779639,0.284705072641373,0.148911476135254,-0.0569748245179653,-0.0845709443092346,-0.0227126032114029,0.0367400348186493,0.0150302229449153,-0.00878685433417559,0.00283348024822772,-0.0704978480935097,0.0286677200347185
"MKRN3",-0.0271945260465145,-0.335836857557297,0.0500791892409325,-0.31731516122818,0.000547763949725777,0.121750123798847,0.00597942573949695,0.136422589421272,0.0119570353999734,-0.064646489918232,0.0134746180847287,-0.0109234433621168,0.0507626570761204,0.00091158616123721,-0.00972151104360819
"RERGL",-0.158951342105865,0.159070611000061,0.242450103163719,0.000888466136530042,0.296113789081573,0.152378916740417,-0.109479628503323,-0.133086085319519,-0.01279660128057,0.0251611638814211,-0.0921962410211563,0.0291973762214184,0.0151731707155704,-0.0984813645482063,-0.00451743928715587
"SLC6A15",-0.193438410758972,-0.243539080023766,0.121576510369778,0.0170015748590231,0.0117999901995063,-0.0481599420309067,-0.225380599498749,0.0261316578835249,0.0303135253489017,-0.0867038890719414,-0.0418703779578209,-0.1507658213377,0.00886868312954903,0.0151826087385416,0.00251189572736621
"MS4A8B",0.20561420917511,0.201396554708481,0.129089996218681,-0.0613570585846901,0.000598680344410241,-0.0181344524025917,-0.105726674199104,0.0539001487195492,0.0900542810559273,-0.143304467201233,-0.0110924392938614,0.0366327315568924,-0.0503127314150333,-0.122080221772194,-0.0457668118178844
"RIMS2",-0.00925867911428213,-0.0878099575638771,0.0103174205869436,-0.00407382473349571,-0.0227054283022881,-0.0159399695694447,-0.194251492619514,0.273284465074539,0.162952527403831,0.0966555997729301,-0.107042409479618,-0.0727243050932884,-0.0387593507766724,0.182238712906837,0.203147277235985
"CRYM",0.00209686136804521,0.029898202046752,0.166690349578857,0.0637552663683891,0.00368179311044514,0.0712666735053062,0.292220056056976,-0.0149036981165409,0.0980647727847099,0.220853686332703,-0.0461731962859631,0.0715154930949211,-0.0126405647024512,-0.185793206095695,-0.0966351702809334
"RASAL1",-0.176222249865532,-0.302391111850739,0.307105302810669,-0.00435499800369143,-0.001106564886868,-0.0447434671223164,0.143572852015495,0.0660102441906929,-0.000629571673925966,0.128600105643272,0.0185956619679928,0.00683919340372086,-0.00811078678816557,-0.0350818745791912,-0.185325592756271
"C2orf82",-0.172008484601974,-0.131583482027054,0.400954246520996,-0.00252589560113847,0.00897082313895226,0.0173852387815714,-0.198013335466385,-0.0683130770921707,-0.0608634874224663,-0.00725152529776096,0.11964538693428,0.189495220780373,0.00227530277334154,-0.210148841142654,-0.0106056062504649
"SEZ6L",0.0965954288840294,0.226317167282104,0.0227179639041424,-0.00628740154206753,0.000328710942994803,-0.0296611469238997,-0.213964700698853,0.22338742017746,0.0149278119206429,0.0479967370629311,-0.148228958249092,0.0900987461209297,0.0555791705846786,-0.036467969417572,0.157774195075035
"CLGN",0.226203814148903,0.203970119357109,0.1203952729702,-0.0683628618717194,-0.00325631559826434,-0.0519688576459885,0.109633550047874,-0.0158033985644579,0.00753479823470116,0.0577576830983162,-0.181764528155327,-0.0249853637069464,0.0607149824500084,0.00105491990689188,-0.123197011649609
"GPRIN2",-0.210224851965904,-0.159661710262299,0.297223180532455,0.00527979247272015,0.00547169847413898,-0.209049567580223,0.0813427790999413,-0.0712907314300537,-0.0992502421140671,0.0262211244553328,0.010717524215579,0.0178677886724472,0.114865429699421,-0.0778342112898827,-0.0494700595736504
"B3GNT3",-0.177375599741936,-0.167452573776245,0.339401185512543,-0.011063258163631,-0.000201865084818564,0.0832344144582748,0.193506598472595,0.0477146245539188,0.0243387501686811,0.0697040036320686,0.101068116724491,-0.133754551410675,-0.026761207729578,0.132677003741264,-0.0484307743608952
"MKX",-0.0568422600626945,0.144047349691391,-0.0861958786845207,0.0353098809719086,0.00269598164595664,-0.0607612729072571,0.0477461591362953,-0.189168304204941,0.0350998602807522,-0.117862060666084,-0.0132714258506894,-0.198282331228256,-0.00153483706526458,-0.0104693714529276,0.126857280731201
"SLC6A11",-0.110289163887501,-0.304457485675812,0.152663722634315,0.0308886915445328,-0.00102971226442605,-0.0979085490107536,0.00225849216803908,0.135375201702118,0.184862896800041,0.12607116997242,-0.0740363672375679,-0.0931393951177597,0.0157542992383242,0.132701069116592,0.0650084614753723
"CHRM1",-0.133789002895355,-0.228079482913017,0.358594119548798,0.00025359948631376,0.0503741279244423,-0.0249107554554939,0.125351533293724,-0.0765937119722366,0.040255032479763,0.123423784971237,-0.083963006734848,0.213140279054642,-0.00968415942043066,-0.0310260690748692,-0.15194921195507
"GRIA1",-0.10435438901186,0.290247678756714,-0.0152465822175145,0.00127399247139692,0.121316716074944,0.0874090120196342,-0.223752841353416,0.123919807374477,-0.0937432795763016,0.119620904326439,-0.0687748268246651,0.106070689857006,-0.0284126214683056,0.0303447805345058,0.0743167549371719
"MYEOV",-0.126364409923553,-0.0255085602402687,0.226220235228539,-0.00032502063550055,0.16748258471489,0.22246065735817,-0.113248027861118,0.0854248777031898,-0.0060875378549099,-0.049923837184906,0.150784149765968,-0.0332600027322769,-0.0981674864888191,0.130351126194,-0.0174096114933491
"SCNN1G",0.0146348271518946,-0.0305069647729397,0.272256463766098,-0.00975096691399813,-0.0801892802119255,0.0271053332835436,-0.334837347269058,0.104812733829021,0.0895451679825783,-0.14877612888813,0.0326082855463028,0.0408103130757809,-0.0888241305947304,0.0509256049990654,0.11147828400135
"SLC15A1",-0.149374559521675,-0.357125580310822,0.130167677998543,-0.043525330722332,0.00156932789832354,-0.0117602273821831,0.0972643047571182,-0.00653508445248008,0.111774951219559,-0.0117388302460313,0.128994062542915,0.00709869898855686,0.00253705424256623,0.0277063958346844,0.0245788916945457
"C1orf106",-0.0408151932060719,-0.364922821521759,0.297141283750534,0.0146563332527876,-0.0433835722506046,0.0464037321507931,0.219434782862663,0.000953857088461518,0.140373840928078,-0.00460556009784341,0.0956199765205383,-0.0617751516401768,-0.126050099730492,0.0686497762799263,0.000146102858707309
"C4BPA",-0.180735617876053,0.00562998186796904,0.370430558919907,0.0386958532035351,0.0525791384279728,0.117711246013641,-0.0174986012279987,-0.0270392000675201,-0.0693825706839561,0.0872578546404839,-0.00280096335336566,0.0348279811441898,0.0144918188452721,0.157696440815926,0.00182083470281214
"ABCC12",0.0977781265974045,0.117499992251396,0.00677121430635452,0.00317730545066297,-0.00929098203778267,-0.0434634909033775,0.369842022657394,-0.0510168336331844,-0.000607160851359367,0.248220890760422,0.0037320964038372,0.0655889585614204,-0.00102689187042415,0.0657224059104919,-0.0525609962642193
"CA3",-0.230104014277458,0.0253434013575315,0.103762447834015,-0.000164825920364819,0.292073845863342,0.0262306947261095,-0.213852629065514,-0.109803706407547,-0.0614301636815071,0.0193053726106882,-0.0436632558703423,-0.0177256818860769,0.00971361808478832,0.00302299554459751,-0.0460655651986599
"OSR1",-0.218396842479706,-0.0303353294730186,0.318946748971939,0.0367974750697613,0.13510374724865,0.0640891715884209,-0.180412918329239,-0.131500869989395,-0.0717004239559174,-0.0687507763504982,-0.0321112424135208,0.00808889605104923,0.0349106714129448,-0.213716223835945,0.0663832649588585
"C19orf21",0.281272411346436,0.17809921503067,0.238165125250816,-0.00505434535443783,-0.0173466615378857,-0.106285504996777,0.0577424727380276,0.160997048020363,0.0496480502188206,-0.163198962807655,0.176542192697525,0.00967236235737801,-0.050470381975174,-0.0798356905579567,-0.00320154521614313
"GABBR2",-0.158273860812187,-0.413938224315643,0.0685828253626823,0.0163505245000124,-0.0564499497413635,-0.0712208598852158,-0.0472714528441429,0.0903183594346046,0.0727741941809654,-0.00897577591240406,-0.00972105748951435,-0.0559263117611408,0.0263827089220285,-0.0177203603088856,-0.00199877447448671
"PLP1",-0.161329284310341,0.0709546878933907,0.198904395103455,0.01181451510638,0.16797736287117,0.10692198574543,-0.209426373243332,-0.149468973278999,0.0444839671254158,-0.0245481450110674,-0.0975122898817062,-0.0024859900586307,-0.0493626780807972,-0.145851105451584,0.0225105118006468
"PLA2G3",-0.00521766720339656,0.111781612038612,0.191482752561569,-0.0518018454313278,-0.0108780795708299,-0.0961321443319321,0.168282508850098,-0.0692866593599319,-0.103909581899643,-0.0259224381297827,0.00798906199634075,0.0372715778648853,0.0176596809178591,-0.0193927008658648,-0.127884447574615
"ADAM6",-0.102733753621578,-0.050012394785881,0.366824001073837,-0.000806059862952679,0.0968634560704231,0.168252781033516,0.309670925140381,0.238078832626343,0.00129656656645238,-0.275308638811111,-0.116613648831844,0.065645195543766,0.0172490123659372,-0.0489872246980667,-0.0477928817272186
"ANO3",-0.0978673845529556,0.0694872587919235,-0.0172571074217558,-0.204898223280907,0.15640564262867,0.208422526717186,0.00385299511253834,-0.117868214845657,-0.00662083458155394,0.125891327857971,-0.00276949116960168,-0.100197829306126,0.00703992554917932,0.0280467141419649,-0.12443520128727
"NMU",0.0160332322120667,-0.361218720674515,0.083523727953434,0.0861780717968941,0.000890537747181952,-0.149182513356209,0.00606635352596641,0.129058375954628,0.137011423707008,-0.076097272336483,0.0333940424025059,-0.0388910099864006,0.0330263115465641,-0.00218412815593183,0.033578235656023
"CTNND2",0.144564211368561,0.108932390809059,0.214244976639748,-0.000754860695451498,-0.0552504025399685,0.100982710719109,-0.182007402181625,-0.0507118292152882,0.224839314818382,-0.172306761145592,-0.102315403521061,-0.0631872043013573,-0.0932402834296227,0.00717774499207735,0.00768638914451003
"SHC4",-0.202509522438049,-0.213865607976913,0.322639226913452,-0.000614366261288524,-0.109482899308205,-0.0777167826890945,-0.269840359687805,0.0144227705895901,-0.0146785955876112,-0.0128098540008068,-0.0211591627448797,-0.151533350348473,0.0121121788397431,-0.0673220306634903,-0.00118013902101666
"TPSD1",0.0287725068628788,0.182335183024406,0.00804664008319378,0.0131825627759099,0.00186105107422918,0.097039483487606,0.0959865674376488,-0.0564960688352585,0.00346428505145013,-0.0914550945162773,0.0656345412135124,-0.03961381316185,0.0353607460856438,-0.125735804438591,-0.0112099330872297
"NKX2-2",0.122250407934189,-0.131378099322319,0.00699190655723214,0.0655369162559509,-0.00360533641651273,0.134712681174278,0.205833613872528,-0.0853398591279984,0.000435855647083372,0.19324916601181,-0.0242610089480877,0.0640072226524353,-0.0652624219655991,-0.216387614607811,0.0187727212905884
"ACADL",-0.197416797280312,0.0489748455584049,0.00462609995156527,0.0031784747261554,0.365913152694702,0.135294422507286,0.0212555397301912,-0.186996474862099,0.0131979258731008,0.0857456400990486,-0.0172150377184153,-0.0341125018894672,0.0432318709790707,0.0911126360297203,0.00332174147479236
"FBN3",-0.138715952634811,-0.340583384037018,0.168092831969261,-0.00331057049334049,-0.00667536025866866,-0.0823992937803268,-0.0665613412857056,-0.0816603377461433,0.0804539620876312,-0.0770905688405037,0.033338837325573,0.0532497316598892,0.0898686349391937,-0.0673222243785858,0.0567084215581417
"DEGS2",0.259281128644943,0.351882040500641,0.184791550040245,-0.00259939068928361,-0.0287827290594578,-0.100949205458164,0.159037694334984,-0.0115510756149888,-0.022575069218874,-0.042440727353096,0.117291763424873,0.146276846528053,0.0593666844069958,-0.063846044242382,0.0138694318011403
"CPA6",0.105926424264908,0.170345619320869,0.00940038915723562,-0.0120748346671462,-0.0771045535802841,0.0310690458863974,0.0252525564283133,0.201887294650078,-0.00164717505685985,0.163768067955971,0.0447609834372997,-0.0798302218317986,0.00768737262114882,0.0114888064563274,-0.199081555008888
"MAOB",-0.097415916621685,0.165305510163307,0.121364660561085,0.0836732089519501,0.0718542709946632,-0.0123088508844376,-0.0116980280727148,-0.228672355413437,-0.0589296780526638,-0.174589470028877,-0.000807471107691526,-0.0100967893376946,-0.0106845758855343,-0.0916576907038689,0.100008212029934
"LOC389033",0.0371809229254723,0.315426200628281,0.177351355552673,0.0630668848752975,0.00108920375350863,-0.0949387550354004,0.0391433462500572,-0.143444955348969,-0.0947927460074425,-0.127968668937683,0.0706953853368759,0.0434648282825947,0.139866650104523,-0.235693246126175,0.100483007729053
"SOX11",-0.05907142162323,-0.374318420886993,0.0641258955001831,-0.000491167884320021,-0.104507401585579,-0.11296508461237,0.186453282833099,-0.0227153431624174,0.0881509929895401,0.0876085683703423,0.000875181460287422,-0.123185008764267,0.00307770865038037,0.0363576672971249,-0.00216023321263492
"CES1",-0.103605076670647,0.186453327536583,0.0662548989057541,0.0572248734533787,0.328443735837936,0.236269950866699,0.0853730067610741,-0.111039698123932,0.0620697624981403,0.0700364857912064,0.153330981731415,-0.16908760368824,-0.0632355287671089,0.00228736153803766,-0.00447788089513779
"TMEM40",-0.0347090512514114,-0.167274683713913,0.316116124391556,-0.00055649207206443,-0.00664770556613803,0.123716041445732,0.199522852897644,-0.0284536965191364,0.184210941195488,-0.00467759976163507,0.271773278713226,-0.0915148332715034,-0.0682687014341354,0.140821352601051,0.00466759316623211
"MMP11",0.226263538002968,-0.0314265191555023,-0.0518862307071686,-0.0114226350560784,-0.12599216401577,-0.125103980302811,0.321634560823441,0.0928125977516174,0.0668668523430824,-0.12857586145401,0.216004744172096,-0.224899157881737,-0.0029445115942508,-0.249837681651115,0.0775021091103554
"GPX2",0.00939843617379665,0.16247895359993,0.40250888466835,-0.000522793096024543,0.0688401088118553,0.250211656093597,-0.0298729632049799,0.0518885962665081,0.16595558822155,0.0729878395795822,0.118192680180073,-0.0534864701330662,-0.112404339015484,0.117136038839817,-0.107343643903732
"CADM3",-0.190589606761932,0.146568313241005,0.213062956929207,0.0156962983310223,0.240758925676346,0.234863713383675,0.0753073766827583,0.0476804338395596,-0.000101634112070315,-0.102352656424046,-0.0561029054224491,-0.0210454501211643,0.00347583135589957,-0.161186769604683,0.0250646006315947
"EMX1",0.188360661268234,0.183889612555504,0.0766937434673309,-0.0583058036863804,-0.000213676001294516,-0.0504464469850063,0.000570590840652585,0.0292467530816793,0.0635779872536659,-0.116659462451935,0.053126759827137,0.0805761963129044,0.0591004006564617,-0.202882900834084,0.0694788545370102
"CLDN19",-0.13888943195343,0.245670273900032,0.52283763885498,0.00129897485021502,0.0516329929232597,0.128107860684395,-0.129206880927086,-0.0679536163806915,0.00626682955771685,0.0388858430087566,-0.0695704519748688,-0.117645964026451,-0.00823264010250568,-0.0310511775314808,0.0453582592308521
"MAGEA1",0.082009069621563,-0.000700695847626776,0.0113706551492214,-0.193783029913902,0.00507282791659236,0.0864685475826263,0.0975629836320877,0.0930388569831848,0.124909847974777,0.0157477837055922,0.0866794437170029,-0.00698592700064182,-0.0378029718995094,-0.0414169430732727,-0.0249892082065344
"CECR2",0.065810427069664,-0.0446986444294453,-0.017737939953804,0.00122500758152455,0.0495401471853256,0.167708367109299,0.00744972238317132,-0.0448444299399853,0.200510010123253,0.0167692955583334,-0.107380725443363,-0.0476631559431553,-0.0195349790155888,0.0768035650253296,0.00342745147645473
"CD79A",-0.114011377096176,-0.0895124450325966,0.29350471496582,0.00676693255081773,0.0912636741995811,0.181936964392662,0.386914789676666,0.318056643009186,-0.00802457798272371,-0.36182364821434,-0.157136976718903,0.109552092850208,0.0179020222276449,-0.087827056646347,-0.00121340807527304
"ADAMDEC1",-0.0313763543963432,-0.214174196124077,0.0122751053422689,0.024050010368228,-0.116626352071762,0.0917052179574966,0.35841378569603,0.358834892511368,0.00465798610821366,-0.300061255693436,-0.120301373302937,-0.0880983918905258,-0.0459011569619179,0.0115040941163898,-0.000434248533565551
"CALB2",-0.174832969903946,-0.14168356359005,0.00747603457421064,-0.00322395819239318,0.329384952783585,0.092743769288063,-0.0861475542187691,-0.118731074035168,0.0412187725305557,-0.0281887352466583,0.251665592193604,-0.0977755337953568,-0.00604164740070701,-0.0161377135664225,0.0327386260032654
"LOC283392",-0.163155749440193,0.149119198322296,-0.0542923919856548,0.000627475616056472,0.544721841812134,0.163258165121078,-0.0972055047750473,-0.137515291571617,-0.00332257151603699,0.0398976355791092,-0.00673433765769005,-0.0400281436741352,0.00112829473800957,0.053055077791214,0.00202374695800245
"PLIN5",0.0981505066156387,0.27799129486084,0.0439294725656509,-0.012477277778089,0.237298354506493,0.0105133736506104,0.00288958218879998,-0.187692046165466,-0.0147997513413429,-0.185130685567856,0.0557586625218391,0.170322552323341,-0.00248959381133318,-0.0299610514193773,0.10983282327652
"CXCL9",-0.0363567546010017,-0.150801032781601,0.0502951219677925,0.0168576389551163,4.39938121417072e-05,0.138451293110847,0.449074864387512,0.339997082948685,-0.00345522654242814,-0.310988366603851,-0.215892180800438,-0.106409393250942,-0.0218942351639271,-0.078613243997097,-0.0516318008303642
"FERMT1",-0.225186333060265,-0.200662851333618,0.337898969650269,0.0417425520718098,-0.053441297262907,0.0333516038954258,-0.178824678063393,0.0667293518781662,0.0250248182564974,-0.0507665425539017,0.0924842059612274,-0.239018753170967,0.00372885470278561,0.00192159006837755,0.00515552191063762
"C10orf81",-0.0199752859771252,-0.0143735203891993,0.387174904346466,-0.0111426720395684,-0.0632055699825287,-0.00585516775026917,0.247367098927498,-0.113054871559143,-0.000834154721815139,0.0146511550992727,0.00256219366565347,-0.116755031049252,-0.00733737135306001,0.0208449810743332,-0.189094915986061
"EREG",-0.108439110219479,-0.0090385815128684,0.231973841786385,-0.00158049981109798,-0.000914782693143934,-0.0138079021126032,0.0474438071250916,-0.0475208014249802,0.0348722152411938,-0.0175142865628004,-0.0108189443126321,-0.101938933134079,-0.0795336961746216,0.0710566490888596,0.0966785475611687
"SERHL2",0.0511715672910213,0.186874106526375,0.151723653078079,-0.00350649678148329,-0.00324803777039051,0.0406062230467796,0.213171944022179,-0.0666307955980301,-0.00453120935708284,0.196468606591225,0.0139427026733756,0.0493401475250721,0.0465505234897137,0.120570674538612,-0.0684570297598839
"CITED1",-0.0471208244562149,0.277058094739914,0.286087065935135,-0.00152182695455849,0.00352554488927126,0.0648775771260262,-0.12298197299242,-0.0175016615539789,0.00841079745441675,0.109423756599426,0.0551437139511108,0.210260137915611,0.0411049872636795,-0.12021142989397,0.0960479006171227
"TNS4",-0.0591184608638287,0.124788016080856,0.526004254817963,-0.0353375487029552,-0.00333795440383255,0.0050618234090507,0.0194826778024435,-0.0575476102530956,0.00390299037098885,0.00252545531839132,0.118142396211624,-0.10279157012701,-0.042172621935606,0.0596195347607136,-0.0129260662943125
"PCSK1",-0.0717182606458664,0.0158110875636339,-0.068964496254921,-0.0360691770911217,-0.00751291401684284,-0.00850379932671785,-0.056209035217762,0.341702997684479,0.011153164319694,0.0736163109540939,-0.100390322506428,0.03442158177495,-0.0280209351330996,0.0133260628208518,0.173915684223175
"TNFSF12-TNFSF13",-0.125339969992638,-0.116834998130798,-0.0228836685419083,0.00768060563132167,0.00513594038784504,0.153125941753387,0.234192326664925,0.0389502458274364,-0.0944936275482178,-0.0117267845198512,0.160848051309586,0.131840407848358,0.0042963232845068,-0.162957563996315,0.000991575070656836
"CPLX2",0.072148859500885,0.0610115490853786,-0.00996309705078602,-0.00560846272855997,-0.000951301015447825,0.0240411311388016,-0.172065168619156,0.300437778234482,0.194396793842316,0.13397853076458,-0.0413344539701939,0.155613228678703,-0.124076634645462,0.143076196312904,0.0427370667457581
"FCRL5",-0.12970943748951,-0.11140314489603,0.258192390203476,0.000672000052873045,0.0601493045687675,0.186053544282913,0.352082014083862,0.290589511394501,-0.00228111119940877,-0.314022034406662,-0.220605954527855,-0.00673748971894383,0.000892608368303627,0.000839449930936098,-0.0431151278316975
"CST2",0.160043656826019,0.204805284738541,0.130520075559616,0.000426086102379486,0.02043292298913,-0.123755246400833,0.0986241772770882,0.220083519816399,-0.0414564311504364,-0.0600685067474842,-0.0034910156391561,-0.086871363222599,-0.0212342254817486,-0.22292397916317,0.0174021180719137
"VWDE",-0.151011615991592,-0.11836589127779,0.275323927402496,0.0834558382630348,-0.0440108217298985,-0.0491247363388538,-0.133660435676575,0.0980343818664551,0.0308643169701099,0.0537244826555252,-0.160924106836319,-0.0455028563737869,-0.0263886377215385,0.117625325918198,0.168150514364243
"LY6K",-0.129570916295052,-0.16313710808754,0.0814788416028023,-0.00176937936339527,0.0237984079867601,0.0180040821433067,0.0105427158996463,-0.108573317527771,0.0616458989679813,-4.00382123189047e-05,0.131649121642113,0.00534648494794965,-0.0896504670381546,-0.0373631902039051,0.0674909353256226
"FLT3",0.0392982140183449,0.204859331250191,0.170072600245476,0.0134233431890607,0.00106149516068399,0.000676244788337499,0.0757975876331329,0.211296230554581,0.0849237218499184,-0.205033838748932,-0.159393489360809,-0.102179534733295,0.0710759460926056,-0.0290073677897453,0.0846180096268654
"SEMA3E",-0.0372229628264904,0.228214308619499,0.163145899772644,-0.00191146589349955,0.00183472281787544,0.0143037401139736,0.263973325490952,-0.15503241121769,-0.0171063765883446,0.133585914969444,-0.14042916893959,-0.219237893819809,-0.00509994989261031,0.100720711052418,-0.00518167810514569
"MYOC",-0.202972710132599,0.193670153617859,-0.0794307962059975,0.00945592112839222,0.331777483224869,0.235764920711517,-0.131714776158333,-0.200461164116859,-0.00409308495000005,0.0684626176953316,-0.00976626016199589,0.0159262921661139,-0.0243780668824911,0.0228637978434563,-0.0226078722625971
"ACTA1",0.0338988304138184,-0.0514603927731514,0.100602500140667,-0.0335307866334915,-0.00098843639716506,-0.0725414380431175,0.017653826624155,-0.0696495696902275,0.0206779595464468,-0.0674808844923973,0.218183144927025,-0.0532444007694721,-0.0400357767939568,-0.184364274144173,0.0744556784629822
"NTRK3",-0.139010682702065,0.104121364653111,0.24137170612812,0.00038959295488894,0.099250391125679,0.0175401624292135,-0.166410550475121,-0.132518291473389,0.0177268628031015,-0.121227286756039,-0.166600078344345,-0.116984017193317,-0.00649921083822846,-0.158465445041656,0.0796092227101326
"MAPT",0.151760026812553,0.390032947063446,0.101751625537872,0.0017408502753824,0.0481873452663422,-0.104145787656307,-0.0664094164967537,-0.11100035905838,0.0195836685597897,-0.0555723123252392,-0.0420335978269577,0.0221729855984449,0.0777536928653717,0.00480154901742935,0.0741539821028709
"PEG3",-0.0757421106100082,0.0704496502876282,0.083365187048912,0.0799019634723663,-0.00137874728534371,0.0413006767630577,-0.105346620082855,-0.189403474330902,0.0975185930728912,-0.101549088954926,-0.15911440551281,0.0045864675194025,-0.0457572229206562,0.0762206614017487,0.139595404267311
"GATA4",0.120527304708958,0.00976775772869587,-0.0861544460058212,0.0975123345851898,-0.00270984717644751,0.110486209392548,-0.0660986602306366,0.132550701498985,0.189590290188789,0.0127858398482203,0.000288798735709861,0.0372875668108463,-0.084094800055027,-0.00141064519993961,0.038723349571228
"IBSP",0.107170164585114,-0.129373282194138,-0.172455176711082,-0.0419763661921024,-0.137709513306618,-0.146491304039955,0.138435021042824,0.123219847679138,0.0592561140656471,0.0354435220360756,0.0896826833486557,-0.196004942059517,-0.0351200215518475,-0.057378601282835,-0.000151502899825573
"ADAMTS15",0.0794002264738083,0.394229292869568,0.0467976368963718,0.0170230939984322,0.0755268484354019,0.00142423436045647,-0.0193248651921749,-0.0642537251114845,-0.00623298203572631,-0.0333854109048843,-0.156113058328629,-0.0387016609311104,0.0021392849739641,-0.055644478648901,0.00083487038500607
"LOC339535",-0.0841492936015129,-0.0827050283551216,0.049081776291132,-0.110651463270187,-0.000286624563159421,0.00480885338038206,-0.0648217275738716,-0.00582925789058208,-0.00560471182689071,-0.000550618395209312,0.022534167394042,-0.00989341735839844,-0.00157595693599433,-0.0872648507356644,-0.0263262558728456
"TNMD",-0.172323703765869,0.133295848965645,0.00498445751145482,-0.000237029467825778,0.463686406612396,0.194646969437599,-0.107593178749084,-0.113464646041393,-0.00301360967569053,0.0601814649999142,-0.027712294831872,0.0299004204571247,-0.00133234483655542,-0.0197479818016291,0.00644694874063134
"PAH",0.12226714938879,0.0652475208044052,0.147750899195671,0.0313315875828266,0.00568206980824471,-0.0129475183784962,-0.290196478366852,0.212571397423744,0.0711989775300026,-0.103118196129799,-0.0437118634581566,0.0307892672717571,-0.147199347615242,0.0736386626958847,0.125357046723366
"GJB3",-0.16216579079628,-0.286755681037903,0.310215055942535,0.0060528707690537,-0.0509497672319412,0.0146656660363078,-0.0610000863671303,0.176032438874245,0.00309786200523376,-0.085603341460228,0.313199073076248,-0.137758284807205,0.014936656691134,0.0694123581051826,0.00385512807406485
"LRRC26",0.196215257048607,0.192865952849388,0.251322507858276,-0.000628318346571177,-0.000371860456652939,0.011735980398953,0.287253975868225,-0.0133748594671488,-0.00322533049620688,0.175767779350281,0.065173327922821,0.269655644893646,0.0253919586539268,-0.11694647371769,-0.107939213514328
"SPINK8",0.0777005553245544,0.0818696990609169,0.171970710158348,-0.01408173982054,-0.0014174897223711,0.121998146176338,0.39418613910675,-0.267270296812057,0.088029533624649,0.202979952096939,-0.0136649608612061,0.0925877690315247,0.03107382170856,0.106926187872887,-0.00996629800647497
"VIT",-0.174527555704117,0.0487908907234669,0.218350529670715,0.0228237304836512,0.184037446975708,0.200180262327194,-0.107846766710281,-0.16204209625721,0.00622337078675628,0.0328030064702034,-0.144851416349411,0.0274295303970575,-0.0410085506737232,-0.115064918994904,-0.109821684658527
"PDZK1IP1",-0.129948243498802,-0.101889103651047,0.23672853410244,-0.00314224092289805,0.00674312701448798,-0.205416470766068,0.355605453252792,-0.00997838657349348,-0.227179765701294,0.201391637325287,0.177290722727776,0.139081671833992,0.105331256985664,0.0632725805044174,-0.0248532649129629
"GPR12",-0.245463773608208,-0.188470765948296,0.293028235435486,-0.0005941127310507,0.062945082783699,0.0261730030179024,-0.171603471040726,-0.0351210311055183,0.00787012185901403,0.00353798549622297,0.00321232480928302,-0.065022200345993,0.053063441067934,-0.00877957697957754,-0.0561623796820641
"ADAMTS19",0.115344867110252,0.137886077165604,0.0802677422761917,-0.00688741961494088,5.57666789973155e-05,-0.0531744509935379,-0.0939636826515198,0.0268166735768318,0.0226793736219406,-0.0584859922528267,-0.091905377805233,-0.0127432700246572,-0.00375836808234453,-0.0708290860056877,-0.160310387611389
"PAX2",0.205018922686577,0.156033352017403,0.132609069347382,0.0683695748448372,-0.000460777169791982,0.026826836168766,-0.00886025652289391,0.147844836115837,0.16569060087204,0.144787669181824,0.0246852543205023,0.0465275831520557,0.0440297052264214,-0.110515259206295,0.0243808086961508
"FMO2",-0.25262513756752,0.0403924509882927,0.218839973211288,0.00240584090352058,0.258566647768021,0.121385179460049,-0.0580226182937622,-0.0688195526599884,-0.0137157998979092,-0.0180847570300102,-0.122136913239956,-0.141895264387131,-0.00606096163392067,-0.00969251617789268,-0.00710658263415098
"ADH1A",-0.156792670488358,0.18414831161499,-0.00162809411995113,0.0023000983055681,0.52900618314743,0.178505480289459,-0.0718439295887947,-0.112988919019699,-0.00491315126419067,0.00396496569737792,-0.0601206012070179,-0.0576792992651463,-0.00421667564660311,0.0590705312788486,-0.0232026837766171
"CSN3",-0.168492078781128,-0.107637047767639,0.185659840703011,0.00853199511766434,-0.00649321125820279,0.00211333995684981,-0.149663522839546,-0.0803918465971947,-0.0672674849629402,0.00325009762309492,-0.093724437057972,0.0696976706385612,0.00154639186803252,0.0501947030425072,-0.0357261225581169
"HOXC13",0.139450863003731,-0.202534943819046,0.192068591713905,0.0428248606622219,-0.0113096069544554,-0.0425695665180683,0.232496067881584,-0.143208220601082,0.191875740885735,-0.056657250970602,0.0904664993286133,-0.0082832770422101,-0.0376199185848236,-0.175174057483673,0.117505125701427
"FUT9",-0.0808163061738014,-0.101458981633186,0.200557932257652,0.00130390038248152,-0.00254641915671527,-0.116249457001686,0.103988520801067,-0.192327901721001,0.0800476521253586,-0.0239219628274441,-0.165977224707603,-0.0935729742050171,0.00130268279463053,0.0621341280639172,-0.0609124265611172
"CD19",-0.0846689268946648,-0.116190195083618,0.171659499406815,0.0314758121967316,0.0758386105298996,0.158997356891632,0.435694456100464,0.335946798324585,-0.0509679205715656,-0.370094478130341,-0.130146980285645,0.180362552404404,0.0176410991698503,-0.1125113889575,-0.00271096942014992
"DACH1",0.145916625857353,0.38911846280098,0.0877397879958153,-0.00216971663758159,0.0658057406544685,0.00232905917800963,-0.154051750898361,0.126409634947777,0.050220713019371,0.140251964330673,-0.154195234179497,-0.00951983779668808,-0.0518991835415363,-0.0599603764712811,-0.00901086255908012
"DLGAP1",-0.0954886972904205,0.0090703796595335,0.211017146706581,0.0051227118819952,-0.0993024408817291,-0.0421763695776463,-0.333104491233826,0.111367590725422,0.0386570505797863,-0.0611108690500259,-0.124893233180046,-0.0576517470180988,-0.000342538463883102,0.0121613908559084,0.0223143100738525
"DNER",-0.219694659113884,-0.246264323592186,0.103966914117336,0.0583935417234898,-0.000969944463577121,0.0066069676540792,-0.204818353056908,-0.020630456507206,0.114567168056965,0.112616866827011,0.0217356625944376,-0.000183694719453342,-0.00131932715885341,0.00884293671697378,0.00267416727729142
"DLX1",0.0425134412944317,-0.011832351796329,0.0610061623156071,-0.00855674687772989,-0.0285279229283333,0.0100131453946233,0.0165420863777399,-0.142446309328079,0.0294392295181751,0.175583571195602,-0.0668336674571037,0.106843568384647,0.0757823064923286,-0.149139449000359,-0.00832733884453773
"GPM6A",-0.0877949222922325,0.193617284297943,0.100942127406597,-0.00218172767199576,0.167458429932594,0.00373909017071128,-0.060822855681181,0.0375871509313583,-0.0196615308523178,0.013923435471952,-0.115094900131226,-0.0839131996035576,-0.005027384031564,0.0090222954750061,-0.0784946382045746
"CKMT1A",0.0728394612669945,-0.0340996831655502,0.173493564128876,-8.0319274275098e-05,-0.0362751707434654,-0.000265881099039689,0.0362361520528793,0.16100649535656,0.0398745127022266,0.0243453066796064,0.0101138344034553,0.171158447861671,-0.0217849370092154,0.202788576483727,0.00561415124684572
"TNNT3",-0.142124980688095,0.152957901358604,0.0438790060579777,0.0401441343128681,0.368640333414078,0.175916999578476,-0.0229512937366962,-0.0969122424721718,-0.0472714640200138,-0.0108741829171777,0.0645300969481468,0.130754128098488,0.0130683463066816,-0.23479650914669,-0.00183505075983703
"KRT7",-0.0853813365101814,-0.14041306078434,0.345140665769577,0.00163812201935798,-0.000640024256426841,-0.127335354685783,0.322171568870544,-0.129866912961006,-0.0815426781773567,0.00999894738197327,0.184864893555641,0.0122324330732226,0.0551422126591206,-0.0161981210112572,-0.00137154315598309
"COL4A6",-0.0893610268831253,0.322749346494675,0.235917940735817,-0.00327933067455888,-0.00154828641097993,0.0255430471152067,0.0279530491679907,-0.0724262595176697,-0.0972555354237556,0.168421044945717,0.036679781973362,-0.133971974253654,0.00575166568160057,-0.0158046502619982,0.147655382752419
"FIBCD1",0.106856949627399,-0.0362005420029163,-0.00423113023862243,0.00333798583596945,-0.118460550904274,0.0446893014013767,0.218162462115288,0.0582886338233948,0.0804732590913773,0.298930943012238,0.191361099481583,-0.0660387873649597,0.00182100804522634,-0.0224160049110651,-0.000378460681531578
"KCNJ16",-0.208062469959259,0.062963031232357,0.32610958814621,0.00254200794734061,0.0948043093085289,0.140823617577553,-0.172362059354782,-0.169022589921951,-0.0405945219099522,0.0712072998285294,-0.121121272444725,-0.00607641600072384,0.00628122873604298,-0.00774978054687381,-0.00433284230530262
"ALOX15",0.0613334663212299,0.0152865927666426,0.192918762564659,0.00459387432783842,0.00421243347227573,0.156214624643326,0.1686722189188,-0.058227825909853,0.206919506192207,0.070474810898304,0.0564050525426865,0.0606993474066257,-0.0101910522207618,0.118570603430271,0.0188891645520926
"CHI3L1",-0.195134192705154,-0.204154059290886,0.293290555477142,0.0194227043539286,-0.000279177853371948,0.0340333990752697,0.101183779537678,0.031135767698288,-0.0738875269889832,-0.0997855886816978,0.0863706916570663,-0.0431413054466248,-0.0190606787800789,-0.00217680027708411,0.123964428901672
"CCL14",-0.120404534041882,0.263945490121841,0.177151620388031,0.00920538045465946,0.326147645711899,0.245259046554565,0.00145235878881067,-0.0510637573897839,-0.030356066301465,-0.0106590772047639,-0.0511263869702816,0.0595656745135784,-0.0232227295637131,-0.168019950389862,-0.00985975284129381
"TNNI3",0.0839068815112114,0.0247960034757853,0.0234014056622982,-0.00152505841106176,-0.000409018888603896,-0.078777976334095,0.013151210732758,0.0771637260913849,0.119357451796532,-0.124233968555927,0.191515982151031,0.188358917832375,0.00155145453754812,-0.0553294457495213,0.147084385156631
"AKR1B15",-0.109835840761662,-0.148493021726608,0.0301013179123402,-0.00189863773994148,0.00327998376451433,0.146619543433189,0.249345868825912,-0.143542066216469,0.00363228493370116,0.147459015250206,0.190436065196991,-0.136580109596252,0.0824589654803276,0.199796512722969,0.0503726489841938
"STC2",0.0785188674926758,0.319903463125229,0.184049025177956,0.00035180282429792,-9.78722164290957e-05,-0.12188408523798,-0.16605132818222,-0.0837706848978996,-0.00171283364761621,-0.186020389199257,0.114471986889839,0.048288032412529,0.0819348618388176,-0.0432548522949219,0.0384121015667915
"COL9A3",-0.138316974043846,-0.247817948460579,0.14427761733532,-0.00495054991915822,-0.018942654132843,-0.0892471298575401,0.000947730732150376,-0.030559791252017,-0.015922212973237,-0.0776291489601135,0.18111164867878,0.176890596747398,-0.0262090191245079,-0.223868250846863,0.00354507914744318
"ABCA13",-0.188277751207352,-0.260289758443832,0.205320104956627,0.0012692817253992,-0.0089388657361269,-0.0216407664120197,-0.154510080814362,-0.00207031262107193,0.00656290398910642,-0.00339930225163698,0.00753042381256819,-0.107679694890976,0.0297010373324156,0.0733755677938461,-0.0376083068549633
"CLSTN2",0.136151686310768,0.392084032297134,-0.0142350345849991,-0.00274292239919305,0.0785293206572533,-0.00197800621390343,-0.174781128764153,0.00822177994996309,0.0558504462242126,-0.0419616252183914,-0.0911912843585014,-0.148615911602974,-0.0460924282670021,-0.0792593657970428,-0.00110694172326475
"MMRN1",-0.127205789089203,0.266933143138885,0.189820051193237,0.00454923650249839,0.235892400145531,0.243642508983612,0.00159062503371388,-0.0229942966252565,-0.0021861947607249,0.00715845543891191,-0.205531597137451,-0.103852011263371,-0.0498111322522163,-0.0961975604295731,-0.00831624772399664
"TMEM45B",0.131193146109581,0.255037844181061,0.155562803149223,0.00458293175324798,-0.091802567243576,0.0141796739771962,0.30098432302475,-0.131868660449982,0.00520058209076524,0.0861577615141869,0.045301292091608,-0.0112084113061428,-0.00719155836850405,0.0817799642682076,-0.0159678868949413
"ANGPTL7",-0.184222847223282,0.167588323354721,0.288466393947601,-0.00266434857621789,0.14554052054882,0.172109305858612,-0.162650763988495,-0.157683476805687,-0.0148100471124053,0.0793937593698502,-0.0733625963330269,0.00699925981462002,-0.00159243459347636,-0.0706842988729477,-0.00226956652477384
"SLC44A5",0.0283448044210672,0.177377074956894,0.161904782056808,-0.0587243400514126,-0.00285187712870538,-0.0393751002848148,0.144976019859314,-0.102424755692482,-0.0528210550546646,0.114631868898869,-0.0976473242044449,-0.00285148550756276,-0.00405539432540536,-0.0210151188075542,0.0208506248891354
"UNC5A",0.116679005324841,0.141637906432152,0.09452985227108,0.0750039964914322,-0.000287889968603849,-0.05332887545228,0.249047443270683,0.148609057068825,-0.00155922572594136,0.300626277923584,-0.0321182496845722,0.155154705047607,0.000402430654503405,-0.0807395279407501,-0.00215418310835958
"PSAT1",-0.225567385554314,-0.358539789915085,0.0290747731924057,-0.000298103841487318,-0.00159879343118519,0.0956004187464714,0.0704905986785889,-0.0141447084024549,0.129300534725189,0.0018037089612335,0.0388772450387478,-0.0773886814713478,-0.00833781529217958,0.0912009999155998,0.0257769860327244
"LOC440905",0.0269294120371342,0.147251769900322,0.182288587093353,-0.0666778460144997,-0.00677146203815937,-0.0686900541186333,0.0800192207098007,-0.0517298132181168,0.0613865070044994,0.0278102178126574,0.0102557679638267,0.0305334664881229,-0.0225380267947912,-0.12372412532568,-0.0168102402240038
"MAPK15",0.0941187590360641,-0.0511462986469269,0.219218581914902,-0.0463794395327568,0.00068660406395793,-0.228500559926033,0.0310329087078571,-0.044985119253397,0.0028850759845227,-0.262642115354538,0.0739434957504272,0.301964044570923,-0.0636750906705856,-0.110433332622051,0.0860008597373962
"LOC84740",-0.138425603508949,-0.299083262681961,0.00510462792590261,0.000325223838444799,-0.0040558623149991,-0.106235019862652,0.0260767824947834,0.116523191332817,-0.146563544869423,-0.0664774999022484,-0.00826446712017059,-0.129230424761772,-0.00067191052949056,0.0786363109946251,-0.0440907850861549
"IL33",-0.168408706784248,0.165914267301559,0.254230737686157,0.0248925182968378,0.282366514205933,0.228390619158745,0.0457705035805702,0.0216889381408691,-0.00368711352348328,-0.0518028512597084,-0.207574591040611,-0.0545549243688583,0.00500253168866038,-0.0452058985829353,-0.00477676466107368
"B3GALT5",0.00827849097549915,0.0291637070477009,0.286508679389954,0.00557785900309682,-0.000704951875377446,-0.0371248386800289,0.0623780228197575,-0.00378652825020254,0.0465720891952515,0.01496029086411,-0.210583940148354,-0.145051673054695,-0.0914459377527237,0.0392379574477673,0.00110298779327422
"PCDHA10",-0.00477078510448337,0.137870490550995,0.0921237170696259,0.00425156997516751,0.0246071275323629,0.0974990949034691,-0.0333118587732315,-0.041128221899271,0.0478637628257275,0.100146517157555,-0.100487306714058,-0.146819978952408,-0.00980712473392487,-0.0307523533701897,-0.00200341665185988
"ALDH3B2",0.140285134315491,0.103733137249947,0.329339891672134,0.00522215245291591,-0.0732195228338242,0.0471705123782158,0.186630815267563,0.0666961073875427,0.122745729982853,0.14216111600399,-0.00144731672480702,-0.0222101025283337,-0.0414978116750717,0.0942941457033157,-0.164464429020882
"SERPINB2",-0.130839541554451,-0.109073601663113,-0.0015128335217014,0.0130559373646975,0.0243534632027149,-0.0860576555132866,0.00829263217747211,0.0111829107627273,-0.013332437723875,0.077003538608551,0.261266201734543,-0.257632374763489,0.0192298628389835,-0.0135817984119058,-0.106963127851486
"HPGD",-0.0449504442512989,0.144749775528908,0.0830556973814964,-0.000853999110404402,-0.000724922632798553,0.244627684354782,0.1639114767313,-0.0751863718032837,0.0623136572539806,-0.0439820475876331,-0.0491501092910767,-0.156613558530807,0.0109112504869699,0.136022806167603,0.0187536366283894
"C2orf72",0.0533469058573246,-0.0551588647067547,0.297567337751389,0.0534133613109589,0.000182412739377469,0.0612608455121517,0.18434002995491,-0.203940942883492,0.108864448964596,-0.00645473413169384,-0.0885191261768341,0.0422754213213921,0.0245385095477104,-0.00473474431782961,0.0645039975643158
"GPR110",-0.116248346865177,-0.0868488475680351,0.301059156656265,-0.00376133201643825,0.00253061205148697,0.083553783595562,0.172843381762505,-0.102893173694611,0.029269190505147,0.0697534307837486,0.00326766492798924,-0.104945614933968,-0.00177524972241372,0.170210972428322,-0.06808140873909
"LOC145837",0.211791768670082,0.348447531461716,0.127865627408028,-0.0227586179971695,-0.00111039471812546,-0.0518703795969486,0.0657938271760941,0.111512281000614,0.0504778139293194,0.223334759473801,-0.0917017981410027,0.111207790672779,-0.0361918993294239,0.0136685976758599,-0.0636756494641304
"GNG4",-0.0293303057551384,-0.172348827123642,0.028282193467021,0.0186907257884741,-0.000811650999821723,0.0364812351763248,-0.149907052516937,0.26370295882225,0.157220125198364,-0.00172095687594265,-0.102839060127735,0.0729865580797195,-0.0444167032837868,0.0105422763153911,0.104241333901882
"RNF183",-0.0222323797643185,0.111209318041801,0.320741474628448,0.0310576241463423,0.00237743253819644,-0.141333281993866,0.196345880627632,-0.167689010500908,-0.079613208770752,-0.00141214986797422,-0.00606340542435646,0.164076119661331,-0.0475564226508141,-0.10102017223835,0.143484458327293
"KCNK15",0.238245040178299,0.262341022491455,0.0760389044880867,0.00239366758614779,0.0494169034063816,-0.0266585350036621,-0.0477364510297775,0.11442930996418,0.06516994535923,-0.11442606896162,0.181614100933075,0.0706264823675156,-0.0112613895907998,-0.16090439260006,0.104652732610703
"HIF3A",-0.261749893426895,0.000180471164640039,0.0808861553668976,-0.000994852976873517,0.26046296954155,0.138545468449593,-0.162228509783745,-0.145427525043488,0.00655057933181524,0.0241699181497097,-0.0570918284356594,0.0957857146859169,-0.0178328305482864,-0.0219344589859247,-0.0232734102755785
"NLRP5",-0.00217113271355629,0.245859384536743,0.18682661652565,0.0921769291162491,-0.000678472395520657,-0.051863819360733,-0.139732912182808,-0.0116116739809513,0.0208618175238371,-0.00173849798738956,0.0313336364924908,0.00514976214617491,0.096084363758564,0.0196719821542501,-0.0270935855805874
"GRP",0.0592620149254799,0.221245154738426,0.258816301822662,0.00247399159707129,-0.13308422267437,-0.0606770701706409,0.125020205974579,-0.0980311706662178,0.047674398869276,0.0789906084537506,0.16472826898098,-0.22309398651123,0.0101298410445452,-0.241731688380241,0.0662571713328362
"MYO3B",-0.0557160191237926,-0.0685625001788139,0.0291124004870653,0.00101125729270279,-0.0130759468302131,-0.202124446630478,0.103240691125393,0.046007726341486,-0.116420410573483,0.113942310214043,-0.0148862488567829,-0.131975695490837,0.117430254817009,-0.023871136829257,-0.0761983618140221
"SLC1A1",0.00634446600452065,0.184868454933167,0.000156114372657612,0.0412954241037369,-0.00490108085796237,-0.132329553365707,0.217180848121643,0.0187819618731737,-0.0973929315805435,0.129532724618912,-0.0193319786339998,-0.242788031697273,0.00862584169954062,0.00645341165363789,0.0472853146493435
"PPAPDC1A",0.157414048910141,-0.0471415743231773,-0.00173779984470457,-0.00861199013888836,-0.107881784439087,-0.125928401947021,0.35759112238884,0.000872446980793029,0.0689277127385139,-0.0531761609017849,0.20141775906086,-0.309907197952271,-0.0058560436591506,-0.278295129537582,0.0624486356973648
"ANO5",-0.0571018904447556,0.1338821798563,-0.0155382342636585,0.113438807427883,0.0242723505944014,0.0308156758546829,-0.157187968492508,0.0927809551358223,0.0452802926301956,0.03756058588624,-0.117293871939182,-0.0643438175320625,0.00442737760022283,0.132082879543304,0.18551342189312
"C8orf85",-0.0114756375551224,-0.11646181344986,0.210771456360817,-0.091178797185421,-0.0559410527348518,-0.175148472189903,-0.138334378600121,0.140443563461304,0.00889726728200912,-0.0563345290720463,0.00771753769367933,0.00297555350698531,0.017083752900362,-0.0461947657167912,-0.00462257070466876
"HEPACAM",-0.172751262784004,0.137871310114861,0.0429591350257397,-0.000150734340422787,0.483798980712891,0.180563181638718,-0.100521251559258,-0.126798272132874,-0.00691852252930403,0.0522560589015484,0.0257318168878555,0.0411423817276955,-0.000954039976932108,0.000320858729537576,0.000126369341160171
"EHF",-0.0876527205109596,-0.0178803764283657,0.322253346443176,-0.0207749474793673,-0.0193285588175058,-0.160941317677498,0.264562338590622,-0.0077813845127821,-0.0564532652497292,0.184646725654602,-0.282859742641449,-0.153027787804604,0.0132276341319084,0.138299837708473,-0.0819326415657997
"UBD",-0.0991555750370026,-0.178208827972412,0.183439403772354,0.116492360830307,-0.00211308780126274,0.0179314482957125,0.355234324932098,0.262964099645615,-0.0543272383511066,-0.295110672712326,-0.0634828433394432,0.00717806117609143,0.0213587395846844,0.0042851148173213,0.00494729960337281
"CXCL2",-0.248004481196404,0.0225696787238121,0.228862643241882,0.0118687581270933,0.183330193161964,0.164127841591835,-0.00500380015000701,-0.0910140126943588,-0.0728111192584038,0.0137425186112523,0.034887507557869,0.0252232290804386,-0.00338374404236674,0.0601159147918224,0.0755037143826485
"CDH19",-0.202807724475861,-0.176493912935257,0.102873802185059,-0.0397103130817413,0.0204420238733292,0.0405652672052383,-0.161039978265762,-0.0242715515196323,-0.00824003852903843,0.00720124086365104,-0.0704778060317039,-0.113471150398254,0.0531812384724617,-0.0520892478525639,-0.102398164570332
"CA12",0.205297291278839,0.407729268074036,0.110144779086113,-0.0216148067265749,-0.000900331069715321,-0.0714844986796379,0.0469237752258778,-0.0145650859922171,0.017121123149991,-0.026908989995718,0.00399163318797946,-0.0314557440578938,-0.0161854270845652,0.00580493314191699,0.0509684607386589
"CYP24A1",-0.137109994888306,-0.0119265783578157,0.141463622450829,-0.00466925278306007,-0.0699309632182121,-0.0262761525809765,-0.147537171840668,0.101036839187145,-0.0281655844300985,-0.0465306080877781,0.00177551805973053,-0.104283340275288,0.0734868943691254,0.0921074450016022,0.0344827063381672
"ACE2",-0.19552081823349,-0.224715054035187,0.0861776024103165,0.00850347615778446,0.0016372223617509,0.169016763567924,0.218459919095039,-0.103620000183582,-0.0360012762248516,0.156231507658958,0.0404153242707253,-0.0420236922800541,0.032820962369442,0.257666707038879,0.00296156923286617
"KCNIP2",-0.158178150653839,0.145674541592598,-0.0292956028133631,0.000928926572669297,0.531047284603119,0.159713461995125,-0.0936353281140327,-0.126764133572578,-0.0195273086428642,-0.00751631008461118,0.0446806438267231,0.0896381288766861,-0.0179443992674351,0.00278639700263739,0.00751851731911302
"IL12RB2",-0.193974167108536,-0.339560359716415,-0.0148907564580441,0.00834008492529392,0.019855909049511,0.00039658640162088,0.0828262344002724,0.0727058723568916,-0.0137356799095869,-0.20292554795742,-0.146162673830986,-0.072744719684124,-0.0179278012365103,0.00598947424441576,-0.00608921702951193
"CXorf61",-0.138512432575226,-0.377286225557327,0.0517336986958981,-0.0497448891401291,-0.00142706418409944,-0.10241810977459,-0.0720187798142433,0.0589011386036873,-0.0135950604453683,-0.081523023545742,0.0193244256079197,-0.003864920232445,0.0792816430330276,0.0370529927313328,-0.0267964825034142
"CXCR2P1",-0.0227148998528719,-0.168612957000732,-0.0603234246373177,0.0255991257727146,-0.0834619775414467,0.145044609904289,0.278486758470535,0.355377405881882,-0.00872641988098621,-0.262916743755341,-0.141388162970543,0.0452466681599617,-0.0632357820868492,0.00604902068153024,0.0354497246444225
"MAGEA4",-0.0703629329800606,-0.201868623495102,0.0226360429078341,-0.0860283970832825,-0.000855788588523865,0.040710661560297,0.108307562768459,0.0519433841109276,0.0801014602184296,-0.0122429765760899,0.133887439966202,0.0216245837509632,-0.00512487674131989,0.0844195634126663,0.0438794307410717
"TUBB2B",-0.157858535647392,-0.0552443861961365,0.279793292284012,0.0265081208199263,0.0683879107236862,0.0738619416952133,-0.146709278225899,-0.0303347986191511,0.101632595062256,0.0107564851641655,-0.00403974624350667,0.0203401520848274,0.0105019807815552,-0.189551994204521,0.0769638195633888
"PTX3",-0.263636618852615,-0.176940485835075,0.179703742265701,0.00441283406689763,0.11313109099865,0.0894260331988335,-0.1338050365448,-0.0572901107370853,-0.0837377160787582,-0.025160226970911,0.00813973881304264,-0.0595055371522903,-0.00197495589964092,-0.134311363101006,-0.00656821532174945
"IGFALS",0.165704697370529,0.271223813295364,0.136749371886253,-0.0210146475583315,0.00253970152698457,-0.183779060840607,0.0161892138421535,0.0259784162044525,0.00453618541359901,-0.12767781317234,0.120889343321323,0.255832344293594,0.0520545952022076,-0.181598767638206,0.07545405626297
"CCL28",-0.14097498357296,0.102953486144543,0.377535790205002,-0.0682699680328369,0.0683439075946808,0.0415758676826954,0.0175240021198988,-0.0284609738737345,-0.0504453405737877,0.0934939756989479,0.0323623642325401,-0.0283902287483215,-0.0455693192780018,0.0505447499454021,-0.165924072265625
"HHIPL2",0.049414686858654,-0.0708456560969353,-0.0194585770368576,-0.00147438945714384,-0.00922549236565828,-0.117623247206211,0.16105617582798,0.117625206708908,-0.0761139392852783,0.242995709180832,0.151105210185051,0.147090166807175,-0.0794330686330795,0.114322192966938,0.00753272837027907
"CWH43",-0.0746023803949356,-0.192274212837219,0.184515103697777,0.0310402680188417,-0.00733464770019054,-0.145182013511658,0.135847821831703,-0.0243952721357346,0.0334111452102661,0.0531115233898163,0.131294995546341,-0.0325677543878555,0.0312531292438507,0.0373545996844769,0.0435906909406185
"FAM184B",0.106515966355801,0.182227477431297,0.213480368256569,0.00286467932164669,-0.00221541267819703,-0.112264290452003,0.0659078359603882,-0.0960832089185715,0.0993334949016571,-0.0958674997091293,-0.1269591152668,-0.129248052835464,-0.00388289266265929,0.0469628535211086,0.171278581023216
"COCH",-0.0998763740062714,-0.198066800832748,-0.0400651171803474,-0.00128174456767738,0.00727291265502572,0.0683982968330383,-0.0849685594439507,-0.00423891842365265,0.186574593186378,-0.274221062660217,-0.0995125025510788,-0.0437422730028629,-0.0812629014253616,0.0183982029557228,-0.00527641410008073
"AQP7P1",-0.161048203706741,0.154835507273674,0.00092936516739428,0.00808518193662167,0.489775717258453,0.201103314757347,-0.110104858875275,-0.126010686159134,-0.00474047008901834,0.0357278324663639,0.04753228276968,0.0423074215650558,-0.000760311726480722,0.0330801047384739,-0.00206217402592301
"CRYAB",-0.261190474033356,-0.110354669392109,0.136669829487801,-0.00152281916234642,0.229062139987946,0.097414955496788,-0.128814488649368,-0.15727861225605,-0.058824710547924,0.0565598681569099,0.175041988492012,-0.03946328535676,-0.0143882585689425,-0.0596409887075424,-0.00316585227847099
"SCN7A",-0.0320827290415764,0.325622856616974,0.13298174738884,0.0155707756057382,0.138961970806122,0.119245477020741,-0.00533042382448912,-0.088295690715313,0.0170303527265787,0.0323946177959442,-0.274929463863373,-0.279419213533401,-0.0132896089926362,-0.0460228435695171,0.0054019233211875
"EGF",0.00658784387633204,0.154314771294594,0.251588076353073,-0.000826614967081696,-0.00214728410355747,0.0055906530469656,0.120164044201374,-0.114710308611393,-0.0526973716914654,0.154783636331558,-0.153868556022644,-0.0183059610426426,0.0130883473902941,0.143740579485893,0.00131761271040887
"CDSN",0.01782008074224,0.102598659694195,0.112128101289272,0.0407758243381977,-0.084743358194828,-0.125175163149834,0.212448671460152,-0.0557783581316471,-0.002724704798311,-0.0209998562932014,0.240994215011597,-0.0306935124099255,0.0259271655231714,-0.0885305926203728,0.237473741173744
"ADAMTS16",-0.00733532337471843,0.125414729118347,-0.0364068113267422,0.0371218286454678,0.0268462710082531,-0.0140027664601803,0.0942131727933884,-0.194311648607254,0.00707424664869905,0.0536041893064976,0.0268838386982679,-0.32936617732048,0.000334100157488137,-0.346061736345291,-0.0147639997303486
"MMP3",0.0366130657494068,-0.0499486438930035,0.238897666335106,-0.02580869756639,0.025292981415987,-0.0079220300540328,0.334597587585449,0.0189314037561417,0.0171190537512302,-0.099998414516449,0.0748088285326958,-0.273719727993011,-0.0504313632845879,-0.185067117214203,0.0147870182991028
"DNALI1",0.157743453979492,0.439596503973007,0.118179373443127,-0.00196386431343853,0.000926931330468506,-0.0172334536910057,-0.068919263780117,-0.0130899585783482,0.060974009335041,-0.0929059088230133,-0.00619698036462069,0.132561653852463,-0.0985458716750145,-0.104891411960125,0.0944037288427353
"PEBP4",-0.0496328175067902,0.280611783266068,0.104468658566475,0.025896405801177,0.00125175016000867,-0.122172132134438,0.0712527185678482,-0.120760701596737,-0.145047813653946,0.149938002228737,0.0345389544963837,0.210915103554726,0.127414152026176,-0.165992245078087,0.0515151470899582
"C1orf168",0.105211071670055,0.344601213932037,0.197708770632744,-0.0521656386554241,-0.000833696452900767,-0.0434271693229675,0.0032780182082206,0.0883384943008423,-0.0725779607892036,0.136236578226089,-0.0760833248496056,-0.0290459208190441,0.114835120737553,-0.00625060359016061,-0.0116297174245119
"LOC100124692",-0.221317574381828,-0.0897583439946175,0.250104308128357,0.00831291452050209,0.00147799274418503,0.00119939597789198,-0.178023129701614,0.0230903849005699,-0.0653609335422516,0.0288348682224751,-0.227244511246681,-0.141962945461273,0.0316716879606247,0.07018181681633,-0.0777157470583916
"HBB",-0.124610640108585,0.195769876241684,-0.0137359406799078,0.0162468571215868,0.300016611814499,0.179236531257629,-0.0952369719743729,-0.103184968233109,-0.0167277306318283,0.0366950184106827,0.0457285642623901,0.0694010704755783,0.00207965215668082,-0.0196411851793528,-0.00375685561448336
"C1orf95",-0.07420514523983,0.142825856804848,0.172068700194359,-0.0048850798048079,0.121097132563591,-0.00256058527156711,-0.087111622095108,-0.00865844264626503,-0.0155179407447577,0.0345236212015152,-0.0832496806979179,-0.0323836430907249,0.0502251051366329,-0.144677817821503,-0.0729006677865982
"PADI3",0.0255563203245401,-0.0413966476917267,0.15961329638958,-0.0492034554481506,0.026456605643034,0.133410781621933,0.265801221132278,0.000805554445832968,0.21199069917202,0.0996247604489326,0.170990586280823,-0.0424018502235413,-0.119496487081051,0.147406950592995,0.0315819345414639
"SAMD11",0.126106634736061,0.0455727800726891,0.122956246137619,-0.0312434062361717,0.00113088812213391,0.130975469946861,0.266167104244232,-0.0481785535812378,0.205305397510529,0.0223315786570311,0.109698832035065,0.0466685630381107,0.00300062820315361,-0.296294540166855,0.127256900072098
"GABRE",-0.213208794593811,-0.126466229557991,0.0318433493375778,-0.00119696720503271,0.244200587272644,0.157468974590302,0.0860231518745422,-0.118308417499065,-0.00708142714574933,0.0587725453078747,0.109645880758762,-0.0210563186556101,0.00128009670879692,0.102664053440094,0.103876084089279
"GAL",-0.113843195140362,-0.368457436561584,0.0302961654961109,0.0532855205237865,0.000826301460620016,-0.0284892246127129,0.0405488610267639,0.00854597985744476,0.0608495324850082,-0.082396388053894,0.142075151205063,0.0112805403769016,-0.0321324802935123,-0.0458511002361774,0.0652173161506653
"XDH",-0.113237321376801,-0.0151754869148135,0.30303281545639,-0.00776659278199077,-0.00941175688058138,0.0498736016452312,0.0585903339087963,0.0662584528326988,-0.0232639349997044,0.183399245142937,0.017689099535346,-0.0808376669883728,0.0370918214321136,0.213829651474953,0.00955328159034252
"L1CAM",-0.145419746637344,-0.181120991706848,0.0852400809526443,0.00568934623152018,-0.00114296318497509,0.0853435844182968,0.00639169802889228,0.158244326710701,0.14408515393734,0.0264860522001982,0.136788532137871,-0.0825522094964981,-0.0938273146748543,0.011683571152389,0.15178781747818
"SLC27A2",0.117648713290691,0.260061860084534,-0.0299479532986879,0.00876856967806816,0.000764132128097117,-0.0711647272109985,-0.0734823644161224,0.183460563421249,-0.007185950409621,-0.0848552212119102,-0.0123241497203708,0.0250165276229382,-0.00336215482093394,0.191497191786766,0.0629492774605751
"SELP",-0.115167990326881,0.196704462170601,0.207578614354134,0.0322429202497005,0.291273683309555,0.209681823849678,0.155430123209953,0.0743724554777145,-0.00927586294710636,-0.178210586309433,-0.186133876442909,0.0170614998787642,-0.01427929289639,-0.106638059020042,0.00112321157939732
"CA8",0.0241983905434608,0.128302276134491,0.181778594851494,0.0455690585076809,0.00605492433533072,-0.0688242614269257,-0.0201281383633614,-0.0533188208937645,0.0239648353308439,-0.0379048772156239,-0.165833309292793,-0.0285792034119368,-0.0209277458488941,0.110388599336147,-0.0666036233305931
"ATP6V1B1",0.0025924127548933,0.0213679410517216,0.292395919561386,-0.00251035136170685,0.000922652485314757,-0.00465468177571893,-0.260087460279465,0.17511910200119,0.0986098200082779,-0.033985435962677,0.170815885066986,0.0880613401532173,0.00911103934049606,-0.116248719394207,-0.0076925721950829
"NELL1",0.0702831745147705,0.0478822216391563,0.000196035471162759,0.000281599583104253,4.75602864753455e-05,-0.03298244997859,-0.193357601761818,0.0875130742788315,0.131083562970161,-0.0971897467970848,-0.0376449637115002,-0.00830505229532719,0.0101103093475103,-0.0453984141349792,0.126381576061249
"SPIB",-0.128956481814384,-0.204612225294113,0.174302101135254,0.0493527166545391,0.0619101263582706,0.0749852731823921,0.305152148008347,0.314202308654785,-0.0841582864522934,-0.349115818738937,-0.100889213383198,0.128525599837303,0.0525000691413879,-0.118108369410038,0.00217750133015215
"P2RY11",0.0352210514247417,-0.0478868745267391,0.0959621295332909,0.0765032395720482,0.000479552749311551,-0.013662482611835,0.0836726650595665,0.0860217660665512,-0.0631051361560822,-0.113246694207191,0.25093486905098,0.309993863105774,0.0964262709021568,-0.226017117500305,0.0582326985895634
"SLC35F3",-0.1849724650383,-0.0101440632715821,0.353074878454208,0.0793603360652924,-0.00255520618520677,-0.0589791461825371,-0.0940413922071457,-0.0196575485169888,0.0883525535464287,0.00137418578378856,-0.0583325959742069,-0.0365642607212067,-0.0227271765470505,0.00885630957782269,0.0883666276931763
"SCUBE1",0.0216196719557047,0.277194172143936,-0.010777659714222,0.000586965819820762,0.0182343665510416,-0.0371504202485085,-0.0602527149021626,-0.0656144469976425,-0.0561930537223816,0.0199075415730476,-0.0235936269164085,0.00839926488697529,0.0664206817746162,-0.0781504362821579,-0.0135816298425198
"TCL1A",-0.100147277116776,-0.125733986496925,0.145025134086609,0.0392132811248302,0.0728847980499268,0.158545672893524,0.357708632946014,0.312468558549881,-0.0408522076904774,-0.374563306570053,-0.158286899328232,0.137629300355911,0.0230682883411646,-0.0985877215862274,0.0417656935751438
"IDO1",-0.126551777124405,-0.234816581010818,0.0025687194429338,0.0403232425451279,0.00103831407614052,0.154406562447548,0.322451174259186,0.259884744882584,-0.0509441792964935,-0.241348698735237,-0.0344549752771854,-0.0607217140495777,-0.0260632317513227,-0.00275311293080449,-0.0212666001170874
"LRTM2",0.158629760146141,-0.00662914291024208,0.000445000390755013,-0.00131288054399192,-0.0292752925306559,0.0254554003477097,0.000744126038625836,0.178101062774658,0.182113483548164,0.0582015439867973,-0.0449731722474098,0.167663276195526,-0.0776927322149277,0.05773064494133,0.183060243725777
"KLK14",-0.113623328506947,-0.110236592590809,0.159904211759567,-0.00483009126037359,0.00316082779318094,-0.0549988523125648,-0.00628920132294297,-0.0764566585421562,-0.00927911791950464,0.0138332890346646,0.107561349868774,0.0567505992949009,0.00272141210734844,-0.17701131105423,-0.0813813507556915
"ACTN2",-0.0245980322360992,-0.130891188979149,-0.0815791860222816,0.0886683613061905,-0.00037621904630214,-0.0245963111519814,0.0896643027663231,0.0254267547279596,0.0659781321883202,0.0124035002663732,0.00428387522697449,0.0699487403035164,-0.156746327877045,-0.138813957571983,0.0428403615951538
"PCDHA6",0.0109911067411304,0.164177805185318,0.0894087180495262,0.00188670540228486,-0.00143276737071574,0.0127730099484324,-0.00275221792981029,0.000834911712445319,0.0599899515509605,0.163585096597672,-0.104152448475361,-0.111257195472717,0.00281140161678195,0.0111964764073491,0.00556491781026125
"C1orf116",-0.0818011686205864,-0.0922148078680038,0.329735696315765,-0.014761415310204,-0.0593500323593616,-0.13891014456749,0.166985303163528,-0.0577598586678505,-0.0974188148975372,0.0936377793550491,0.0195469297468662,-0.0813401639461517,0.0584620572626591,0.0081578092649579,-0.0102038374170661
"RIC3",-0.18910063803196,0.116631925106049,0.249899074435234,0.0166119672358036,0.0774563252925873,-0.012725661508739,-0.148376017808914,0.148536413908005,0.0163113530725241,0.0102428607642651,-0.070903405547142,0.0648053586483002,0.0210212096571922,-0.00432868115603924,0.118337720632553
"SPHKAP",-0.252655953168869,-0.0360265150666237,0.33716744184494,0.00130795198492706,0.000347485300153494,0.0679041370749474,-0.191213592886925,-0.0607773773372173,-0.00571184325963259,0.0145336901769042,-0.149268478155136,-0.0415240712463856,0.001103141810745,0.0714135095477104,-0.0197570994496346
"GATA5",0.0710275918245316,-0.0701432973146439,0.0374064967036247,0.0348681584000587,0.00234267744235694,0.0360084846615791,0.0999453589320183,-0.00674365507438779,0.274518519639969,0.0365150831639767,0.0634181648492813,0.0867239460349083,0.00333107984624803,-0.0681720897555351,0.117152966558933
"DNAJC12",0.201232448220253,0.341009438037872,0.118163093924522,-0.00274258432909846,-0.0441045463085175,-0.094911977648735,-0.103122368454933,0.114922255277634,0.00776333175599575,-0.0133836148306727,-0.0530747249722481,0.0538055151700974,0.00462500471621752,-0.022203367203474,-0.0250717345625162
"AMY1A",-0.190231695771217,-0.285883277654648,0.150424972176552,0.0175952967256308,0.00151586695574224,-0.0122444219887257,-0.0438545867800713,-0.0220036376267672,-0.0435049682855606,-0.00798048730939627,0.056114424020052,0.0405632890760899,0.0853557586669922,0.106904961168766,0.0315573178231716
"VWA2",0.0407424457371235,0.260317742824554,0.176573872566223,-0.000146313934237696,0.0160125233232975,-0.236472710967064,0.111803226172924,0.00588693236932158,-0.0861588045954704,0.114016868174076,-0.17224782705307,-0.0886620730161667,0.0686552301049232,-0.0475908815860748,0.00495617277920246
"DEFB132",-0.0488488599658012,0.304520487785339,-0.0798212811350822,0.0018634790321812,0.288015633821487,0.129568517208099,-0.116127088665962,-0.113527841866016,0.00257497443817556,0.0638060048222542,-0.00668053841218352,-0.0470333583652973,-0.00447146175429225,0.0409389175474644,0.00370122934691608
"ST8SIA6",0.0419667363166809,0.294398725032806,0.166714385151863,0.0266786459833384,-6.29811484031961e-06,-0.220056146383286,0.0428425446152687,-0.0623236522078514,-0.0289023630321026,0.0453429669141769,-0.188607960939407,-0.185094684362411,0.0127633837983012,0.0169104281812906,-0.000130003536469303
"TMEM145",0.185262054204941,0.111703485250473,-0.01355966553092,-0.0343467444181442,-0.00718395598232746,-0.188734412193298,-0.15259575843811,0.211702331900597,0.0034671553876251,0.010005465708673,-0.0171834956854582,0.211748987436295,0.0137738101184368,-0.0217475276440382,0.086997888982296
"DPYSL5",-0.0204501450061798,-0.281847923994064,-0.0190258268266916,0.0187526512891054,-0.000137733368319459,-0.0131413983181119,-0.0578183494508266,0.101595602929592,0.300797700881958,0.0321291908621788,-0.0536026917397976,0.0187392011284828,0.000512131548020989,0.00511664338409901,0.0384937711060047
"PRR15",0.269643932580948,0.347903728485107,0.111523568630219,0.00206353724934161,-0.00110290222801268,-0.00242301798425615,0.105747044086456,0.0885588377714157,0.0397574417293072,0.0213923640549183,0.00353193981572986,0.105954855680466,-0.0273259226232767,-0.0225384850054979,-0.0131022725254297
"SCAND3",-0.0823397040367126,0.0374819561839104,0.151316747069359,0.144467711448669,-0.00175103510264307,0.0496171824634075,-0.119489051401615,-0.00486861867830157,0.14389006793499,0.0403315462172031,-0.100216224789619,-0.11176586151123,-0.0315240621566772,0.0633357316255569,-0.133042901754379
"UGT2B4",0.0530837401747704,0.116238981485367,0.00575413135811687,0.00161858799401671,0.0781511142849922,0.0755833312869072,-0.103169366717339,0.031646616756916,0.0854043364524841,0.043590422719717,-0.00255277752876282,-0.0100717339664698,-0.0115937227383256,0.0560498349368572,-0.141085311770439
"GSTM5",-0.106614179909229,0.208566144108772,0.176578536629677,0.0140620050951838,0.183945968747139,0.24575974047184,0.0522882305085659,-0.106777369976044,0.000775420921854675,0.0341781564056873,0.0760295763611794,-0.0853248164057732,-0.00937881506979465,-0.0417659617960453,0.00437473459169269
"RASSF10",-0.0684034675359726,0.0193489361554384,0.262080609798431,-0.00332154333591461,0.00217226590029895,-0.121451407670975,-0.114098004996777,0.0708745494484901,-0.0598153918981552,0.00642820028588176,-0.0239956267178059,0.0352451018989086,0.0952301695942879,-0.0681134387850761,-0.198213830590248
"SMR3B",-0.0871160477399826,0.062710128724575,0.273234069347382,0.016649542376399,-0.00066009844886139,0.0294892061501741,-0.0735996291041374,-0.104782268404961,-0.0467501506209373,0.0256646946072578,-0.0536455735564232,0.0256480500102043,-0.0024760642554611,-0.0197993498295546,0.00309354322962463
"VSTM2L",0.0188672039657831,-0.139243617653847,0.0831920132040977,-0.000920042744837701,-0.00195218611042947,0.0729224905371666,0.329137206077576,-0.0125448768958449,0.103484131395817,0.067037969827652,0.0772709399461746,0.0555609539151192,0.0369036942720413,-0.13036285340786,0.129164397716522
"ACVR1C",-0.177645057439804,0.120797619223595,-0.0426646657288074,-0.00561482133343816,0.43466979265213,0.16758206486702,-0.0475709140300751,-0.046966727823019,-0.000191890256246552,0.0874391943216324,-0.0586525611579418,-0.121239073574543,0.00241623073816299,0.137911319732666,-0.0227115470916033
"KCNH1",0.181524023413658,0.269231796264648,-0.0198704246431589,-0.00346822757273912,0.00112989789340645,-0.120119079947472,0.0357019528746605,-0.0479012504220009,-0.0170580744743347,-0.126160025596619,-0.0576648637652397,-0.154157727956772,0.0448716580867767,-0.0265961568802595,0.0902720615267754
"PRSS12",-0.247059687972069,-0.0918118134140968,0.193139106035233,0.0319272466003895,0.054447814822197,0.0172277577221394,-0.152205646038055,0.0104533098638058,-0.0785331130027771,-0.0498192384839058,-0.0598399937152863,-0.162386283278465,0.0360323786735535,-0.0538844242691994,0.0285393595695496
"NTRK2",-0.209710210561752,0.242313638329506,0.133889123797417,0.0199983976781368,0.0998997017741203,0.0502608828246593,-0.210940435528755,0.016480328515172,-0.0932165831327438,0.11024583876133,-0.123511500656605,-0.0505999401211739,0.00301615195348859,0.0259907096624374,0.0708027184009552
"CXCL5",-0.241952896118164,-0.225869134068489,0.169270098209381,0.0161894783377647,-0.00466569140553474,0.00545834144577384,-0.0650496333837509,0.0350083820521832,-0.037589181214571,-0.0210160706192255,0.0125004425644875,-0.0833701863884926,0.00869403406977654,0.134320646524429,-0.0330935381352901
"PCDHA4",0.0284713041037321,0.127546802163124,0.111122712492943,-0.05144202709198,-0.00134341325610876,0.094139501452446,0.0316197201609612,0.0582665912806988,0.0990853607654572,0.071417361497879,-0.0710631534457207,-0.132342621684074,-0.0253260806202888,-0.0143561996519566,-0.0491495840251446
"G0S2",-0.157969161868095,0.0393221974372864,-0.0379343591630459,0.00148798956070095,0.523463368415833,0.177418872714043,0.0200820937752724,-0.0577174350619316,-0.0483076237142086,-0.0105123557150364,0.160813048481941,0.083295039832592,-0.00016425593639724,-0.0102015193551779,1.1355325113982e-05
"COL6A6",-0.191174849867821,0.15502393245697,0.0916352197527885,0.0349142737686634,0.14226533472538,0.223029777407646,0.118635430932045,-0.0580558702349663,0.0128496773540974,-0.015902116894722,-0.134430885314941,-0.175915345549583,-0.00256920116953552,-0.000406870647566393,-0.00167020608205348
"TRIM58",0.0746407210826874,0.266137808561325,0.0425742045044899,0.0950772762298584,0.0209516808390617,-0.122634246945381,0.0490002930164337,-0.0108731733635068,0.0416355021297932,0.0164033118635416,-0.0856171995401382,-0.0960596352815628,0.0244526825845242,-0.0850355848670006,0.0518607310950756
"C1orf130",-0.181156724691391,-0.127362221479416,0.380363166332245,-0.0312381405383348,0.000273373065283522,-0.0542327165603638,-0.157454192638397,-0.0254476387053728,-0.0713714212179184,-0.0282797515392303,-0.0816996321082115,-0.026379806920886,0.028677511960268,-0.061637170612812,-0.067875400185585
"EN1",-0.190361618995667,-0.343327522277832,-0.0748387351632118,0.00900284666568041,0.0117241023108363,-0.0719081982970238,0.0193110536783934,-0.0330433994531631,-0.00885269418358803,0.00317934318445623,0.138113811612129,-0.0573151409626007,0.0827555581927299,-0.206408515572548,-0.0232504848390818
"RTBDN",0.133256822824478,-0.00430376036092639,-0.0533937998116016,-0.0622018501162529,-0.00063493539346382,0.00414792075753212,-0.117192193865776,0.235378041863441,-0.0366482809185982,0.0417717136442661,-0.0116753652691841,0.1092249751091,0.00702165672555566,0.11545579880476,0.108389221131802
"PTPN20B",-0.109175369143486,-0.0221908539533615,0.125252857804298,0.0119644161313772,0.000193574087461457,-0.0865417942404747,-0.0285107232630253,-0.0346443653106689,0.00201761699281633,-0.00455687055364251,-0.0567683801054955,-0.0297111961990595,-0.0348546728491783,-0.0135736241936684,0.0163836423307657
"MYH11",-0.129728749394417,0.273830324411392,0.280277341604233,0.00615263730287552,0.12238671630621,0.179502546787262,-0.0924534499645233,-0.125523716211319,-0.000443015596829355,0.0787495896220207,-0.0598583854734898,-0.104115955531597,-0.0202859118580818,-0.105310373008251,0.00801033247262239
"IL6",-0.173804774880409,-0.0270181372761726,0.0763373374938965,-0.00228526024147868,0.255047678947449,0.193331375718117,0.0677571371197701,0.00667308224365115,-0.0457670912146568,-0.0536546297371387,0.0355464406311512,-0.0260151270776987,-0.0234822239726782,-0.0104498071596026,0.00366083858534694
"HS3ST4",-0.207221508026123,0.0256837997585535,0.396812319755554,0.00381350773386657,0.0026334950234741,0.148991033434868,-0.120962001383305,-0.10829671472311,0.00203772191889584,0.0949177667498589,-0.11646681278944,0.0219416990876198,0.0353135615587234,0.011758103966713,0.00272531691007316
"MLPH",0.244523912668228,0.387085676193237,0.151055693626404,-0.00775863463059068,0.0031234766356647,-0.00185733451507986,0.108504191040993,0.0108744716271758,0.0062447008676827,0.074058935046196,0.0289318189024925,0.147634327411652,-0.0072945305146277,-0.0372996293008327,-0.00615215487778187
"SCEL",-0.122683234512806,-0.217400386929512,0.0518787056207657,-0.0240449346601963,0.123896270990372,0.0615000277757645,0.0691998973488808,0.0913655236363411,0.0375003069639206,0.0414022579789162,0.286880046129227,-0.157913997769356,0.0310269072651863,0.178813517093658,-0.0512534789741039
"KRT75",-0.0319249778985977,-0.144877880811691,0.103459104895592,-0.0193335860967636,-0.09486123919487,-0.0437855124473572,0.0408054180443287,0.00707666669040918,0.106170639395714,-0.00470380065962672,0.321555107831955,-0.248549729585648,-0.00632828427478671,-0.00153777655214071,0.0119144152849913
"XAGE1D",-0.001873595174402,-0.0127741759642959,0.0272236354649067,-0.170257061719894,-0.00254986016079783,0.191864669322968,0.0127107594162226,-0.00819188915193081,0.0435531698167324,-0.00351545307785273,0.0449985526502132,0.0939366891980171,0.0426784865558147,0.0820543318986893,-0.022675633430481
"FAM83B",-0.0774282291531563,-0.148584350943565,0.281432569026947,-0.0270995181053877,-0.0587273314595222,-0.05573595687747,0.0095862839370966,0.125653028488159,-0.000831735087558627,0.0388891622424126,-0.0506998524069786,-0.417224645614624,-0.00523769669234753,0.0639222413301468,-0.129551827907562
"RANBP3L",0.0207687094807625,0.247813820838928,-0.0737925991415977,0.0122042540460825,-0.00383145944215357,0.0522522144019604,0.0567197278141975,-0.250987410545349,-0.00268480600789189,0.083633191883564,-0.152300655841827,-0.145084530115128,-0.00128121569287032,-0.0144450617954135,-0.00655720289796591
"CHL1",-0.172408491373062,0.20808432996273,0.135246843099594,0.0333220288157463,0.182984322309494,0.16602897644043,0.0663624107837677,-0.0440393835306168,0.00419417582452297,0.0554749853909016,-0.132243737578392,-0.290749996900558,-0.00701831933110952,-0.0316748321056366,-0.0422502569854259
"PTPRQ",-0.0637016743421555,0.14102791249752,-0.0951536074280739,-0.0866690203547478,0.208567038178444,0.173991799354553,-0.195367932319641,0.0184137877076864,0.102407619357109,0.0312884487211704,-0.0144442804157734,-0.0122986417263746,-0.140421852469444,0.0930707007646561,-0.0814957618713379
"DQX1",0.231801703572273,-0.0244469698518515,0.0592554621398449,-0.0150744151324034,0.00136187660973519,0.0813424736261368,0.056636668741703,0.104401096701622,0.0617571696639061,-0.100096933543682,0.034339115023613,0.072906069457531,-0.0726022273302078,-0.0368852838873863,-0.0204160138964653
"MAT1A",0.0164187476038933,-0.118251115083694,0.200849682092667,0.00108265073504299,-0.0223929267376661,0.0405699610710144,-0.167474135756493,0.106946334242821,-0.000858150830026716,-0.0670880824327469,0.0384221933782101,0.139940425753593,-0.0823609232902527,0.0511561371386051,0.015803724527359
"KIF12",0.18824215233326,0.231196776032448,0.303391933441162,-0.0104230456054211,0.0499140508472919,-0.162943050265312,-0.0987610071897507,0.0652033984661102,-0.00103471789043397,-0.119381129741669,0.00353889237158,0.299462467432022,0.0716332048177719,-0.0778946876525879,0.0104805575683713
"CRTAC1",-0.158968135714531,0.0189203601330519,0.208886608481407,0.0241264477372169,0.156351372599602,0.0569717548787594,-0.0833410546183586,-0.0554996319115162,0.0508596375584602,0.086724616587162,-0.0781805366277695,0.00403858534991741,0.00816080998629332,-0.134661301970482,-0.0647802203893661
"MAGEA2",-0.0166427344083786,-0.145987316966057,0.0202489867806435,-0.207959681749344,7.77925743022934e-05,0.109470337629318,0.0664494037628174,0.0486572720110416,0.105197660624981,-0.0145501028746367,0.0927107483148575,0.0147677548229694,-0.00146834761835635,0.0900751277804375,0.00636872043833137
"DPY19L2P4",0.04392921179533,0.225556254386902,0.121915236115456,-0.00279769883491099,-0.000167896985658444,-0.0519268028438091,-0.188871428370476,-0.034142442047596,0.0896511971950531,-0.116920456290245,-0.0850399136543274,0.036420613527298,0.00462856749072671,-0.0679245144128799,0.100256770849228
"CACNG1",0.197919189929962,0.183158829808235,0.0673822611570358,-0.0240937974303961,-0.0682803392410278,0.0440853238105774,-0.0289123263210058,-0.0852199271321297,0.103359661996365,-0.224450677633286,0.074318952858448,-0.0165946651250124,0.00699421996250749,-0.132229641079903,0.0821530371904373
"KLK4",0.111173748970032,0.115664891898632,0.102934643626213,-0.00554182147607207,-0.00266196578741074,-0.0649052709341049,0.32421013712883,-0.0966696739196777,0.057880524545908,-0.0132207535207272,0.131998732686043,-0.276263177394867,-0.0229426994919777,-0.322900027036667,0.00161839020438492
"SLC12A1",-0.0668741315603256,-0.16382771730423,0.144118547439575,-5.97261423536111e-05,-4.85228083562106e-05,-0.0130614098161459,0.201589539647102,-0.0404739268124104,0.0920528993010521,0.119821555912495,-0.209648653864861,-0.0159640684723854,-0.00558388186618686,0.0727499648928642,-0.00117509975098073
"LOC96610",-0.109003305435181,-0.135168686509132,0.245902478694916,0.00358150200918317,0.0224953237921,0.181096404790878,0.30152902007103,0.259214133024216,0.00342889642342925,-0.276335299015045,-0.129081249237061,0.0378566272556782,0.00177377799991518,-0.0326807871460915,-0.0483449772000313
"MGAM",0.0112661272287369,0.147609382867813,0.0870843902230263,-0.00110607675742358,0.00325321452692151,-0.08648631721735,-0.0940210372209549,0.208076283335686,-0.113546252250671,0.0799314379692078,0.0131631121039391,-0.0623355433344841,-0.000279527332168072,-0.111799441277981,-0.0262065008282661
"BMP5",-0.14848130941391,0.0127170337364078,0.141403704881668,-0.00196568830870092,0.0595939047634602,0.130699977278709,-0.183921232819557,-0.0575898177921772,0.0100422194227576,0.016903106123209,-0.135113760828972,-0.0475276745855808,-0.022876625880599,0.0506308302283287,0.00597614329308271
"LIN7A",0.0473638363182545,0.256610304117203,0.0532847568392754,-0.0889345929026604,0.00446169264614582,0.189667239785194,-0.0605905838310719,0.00912947114557028,0.0809227824211121,0.038901474326849,-0.0720217674970627,-0.0829528868198395,0.0197122432291508,-0.0102520966902375,-0.115893930196762
"PLAC2",0.0500465147197247,-0.167481884360313,0.163660049438477,-0.00192662584595382,-0.00247719278559089,-0.0800569280982018,0.164892837405205,0.0642443522810936,0.172702491283417,-0.00335508259013295,0.202669069170952,-0.0836353674530983,-0.0227231234312057,0.00280376616865396,0.011799274943769
"SYN2",-0.211845263838768,0.0329223796725273,0.238828748464584,0.0142203764989972,0.20349945127964,0.0709283873438835,-0.204965636134148,-0.113412842154503,0.0314057618379593,0.00498509500175714,-0.0377797037363052,-0.0263829044997692,0.0181102175265551,-0.148856699466705,0.0196860283613205
"WISP3",-0.17676118016243,-0.0326894894242287,0.33225205540657,0.00157818279694766,-0.0543295741081238,0.0203178320080042,-0.000983643345534801,-0.0813117027282715,0.00626803375780582,0.0227054078131914,-0.0383844077587128,0.019681328907609,-0.124053582549095,0.0461709573864937,0.0432496666908264
"CUX2",-0.0839704573154449,0.101794853806496,0.119315899908543,0.0130829960107803,-0.00584222376346588,0.150319561362267,0.163408234715462,-0.0852583721280098,0.091439001262188,-0.00289390189573169,-0.0661824271082878,0.020810641348362,0.0145275108516216,0.0250570550560951,0.079089492559433
"RP1",0.135745510458946,0.176493540406227,0.147590577602386,0.0027177098672837,-0.000488988996949047,0.0237560793757439,-0.110347837209702,0.0910867899656296,0.15945602953434,-0.136417135596275,-0.156812086701393,-0.00637990143150091,-0.0571796223521233,0.0855429768562317,0.0806866511702538
"NKX2-5",-0.0565379336476326,-0.306694835424423,0.111356697976589,0.0717700868844986,-0.0209015440195799,0.00176887563429773,-0.126321494579315,0.019368190318346,0.00355433602817357,0.0074772397056222,0.087173618376255,0.100608967244625,0.0197187587618828,-0.145484566688538,0.0474754944443703
"NRXN1",-0.128377631306648,0.058879416435957,0.228029325604439,0.00288476375862956,0.011207427829504,0.127890914678574,-0.198578238487244,-0.00237236707471311,0.0167767331004143,0.185859605669975,-0.202675923705101,0.0942274257540703,-0.0524592325091362,0.0173283535987139,0.0635714754462242
"ARX",0.137440800666809,-0.0216355677694082,0.0955321565270424,0.0453800410032272,-0.00422616302967072,0.199995368719101,0.0286541692912579,0.00933356396853924,0.133108571171761,0.117659166455269,-0.0118635986000299,0.052982997149229,-0.0343880727887154,-0.09029870480299,-0.0891068428754807
"POU2AF1",-0.135308966040611,-0.10418526828289,0.297732323408127,0.000758578535169363,0.0414039939641953,0.184460565447807,0.315012902021408,0.242910727858543,0.000287357863271609,-0.29239547252655,-0.189113110303879,0.0109684066846967,-0.000141743876156397,-0.0483933426439762,-0.0170354284346104
"GDF10",-0.16237935423851,0.13782411813736,0.125032618641853,0.00999027490615845,0.318049818277359,0.18447782099247,-0.0432113818824291,-0.108329519629478,-0.00445697503164411,0.00427466724067926,-0.10188202559948,0.0116497771814466,-0.00122802332043648,-0.105292029678822,-0.00425496464595199
"SLITRK5",-0.0737370699644089,-0.151723802089691,0.207262367010117,0.0121672926470637,-0.00411322992295027,0.0649428591132164,-0.0583552569150925,-0.0268092937767506,0.0291069205850363,0.0924622640013695,-0.161738380789757,-0.0815306231379509,0.00695978011935949,0.0873786434531212,0.0415031686425209
"TMEM150C",0.0897301882505417,0.139390274882317,0.160672828555107,0.0159668549895287,0.000458058231743053,0.165133103728294,-0.0932901501655579,0.00356882927007973,0.18148498237133,-0.0262751989066601,-0.158718839287758,-0.141182795166969,-0.0906407237052917,-0.0639401003718376,-0.185060352087021
"KCND3",0.00808974076062441,0.344588816165924,0.00316372350789607,0.00600526994094253,0.0905841290950775,-0.0615059770643711,-0.0346562415361404,0.109094187617302,-0.0357324592769146,0.158962085843086,-0.210094407200813,-0.129527822136879,0.0914333686232567,0.0762757211923599,0.00240930612199008
"CXCL1",-0.234975874423981,-0.15340718626976,0.19707415997982,0.0382637865841389,0.0605749823153019,0.0902096405625343,0.0904679223895073,0.0629656389355659,-0.00946607533842325,-0.101716667413712,0.106713019311428,-0.042587898671627,0.00237341783940792,0.103040285408497,0.0361116752028465
"APOB",-0.169853091239929,0.119349084794521,-0.0581262670457363,0.00229505286552012,0.382181942462921,0.161562338471413,-0.121006190776825,-0.0963631123304367,0.00216908729635179,0.0946739912033081,-0.000632696028333157,-0.0800776779651642,-0.0459802858531475,0.163708969950676,0.00224155862815678
"UGT1A6",-0.0135266501456499,-0.0815742760896683,0.0664204359054565,0.00474500423297286,0.0489897355437279,0.153083205223083,0.180781006813049,-0.0146801080554724,0.11829237639904,0.137335076928139,0.273247480392456,-0.100133523344994,0.0163437929004431,0.231324017047882,0.000627590285148472
"GREB1",0.143556535243988,0.346336036920547,0.128517612814903,-0.000479745009215549,-0.00318241980858147,-0.0840846449136734,-0.0873662829399109,0.0389216765761375,0.105740189552307,-0.0738647878170013,-0.0878204479813576,-0.0109286094084382,0.00938848499208689,-0.00310532725416124,0.0865090042352676
"THBS4",0.0430988408625126,0.197251856327057,0.0203779898583889,-0.0206106323748827,0.232871577143669,0.128620967268944,0.0660651475191116,-0.0663703083992004,0.00354895135387778,-0.000341685459716246,-0.101604491472244,-0.118613958358765,-0.0363684184849262,-0.28658851981163,-0.00221183826215565
"NCAM2",0.14365291595459,0.267189174890518,0.0889778733253479,0.025413079187274,-0.000371916888980195,-0.00388770992867649,0.0797552391886711,-0.0838636383414268,0.04425198584795,-0.0452824868261814,-0.146460130810738,-0.129456162452698,-0.0016852580010891,-0.0703821182250977,0.0022641490213573
"BRSK2",0.074747659265995,-0.159268319606781,-0.00560890277847648,0.0138576216995716,0.0019170711748302,0.000745759869460016,-0.0797193571925163,0.213656544685364,0.17950052022934,0.0906094685196877,-0.00901986286044121,0.199983671307564,-0.0770691484212875,-0.0433325059711933,0.161044806241989
"HSPB6",-0.155528292059898,0.188391625881195,0.0132829183712602,0.00200563366524875,0.396986097097397,0.194729655981064,-0.0483444258570671,-0.13295966386795,-0.00935895182192326,0.0467227920889854,0.0416185595095158,-0.0121539970859885,-0.0407980009913445,-0.0897111967206001,0.00984307564795017
"MAOA",-0.105031162500381,0.299837201833725,-0.0185483060777187,-0.018489571288228,0.223579198122025,0.166936352849007,-0.141804665327072,-0.0511124841868877,-0.0733430534601212,0.0771114379167557,-0.00875732861459255,-0.00329869124107063,0.000835821032524109,0.139998510479927,-0.000250640354352072
"ODZ2",-0.0638267174363136,0.202604189515114,0.359832763671875,0.0460121184587479,-0.0840737968683243,0.130579933524132,-0.0172198936343193,-0.0665414780378342,0.120921738445759,0.000318946636980399,-0.0804639682173729,-0.291122019290924,-0.0809781923890114,-0.0102550545707345,0.0537594109773636
"HEPN1",-0.166023448109627,0.126671701669693,0.0311997253447771,0.00010219154501101,0.45810467004776,0.157645925879478,-0.104603014886379,-0.122523754835129,-0.00814486388117075,0.015100859105587,-0.00373584567569196,-0.000168391721672378,-0.00517544196918607,0.0549068450927734,-0.015281199477613
"MT1G",-0.0784772336483002,-0.0840812399983406,0.101370841264725,-0.0126354340463877,-0.0729171857237816,-0.0608793199062347,0.00778425997123122,-0.0485374554991722,0.00388029427267611,-0.0222227722406387,0.118934199213982,0.196684807538986,-0.1033099219203,0.0179582051932812,-0.0812798589468002
"CTSG",-0.0668076574802399,0.216521412134171,0.148954525589943,0.027712881565094,0.236963629722595,0.245212823152542,0.0474516488611698,-0.0454311147332191,-0.00686636660248041,-0.119276031851768,-0.000184659424121492,-0.0223876219242811,0.00903776846826077,-0.195790112018585,0.0113965533673763
"SUSD3",0.101062849164009,0.306867361068726,0.154543504118919,0.00136163947172463,-0.00677347183227539,-0.181838780641556,0.0635156333446503,0.0334178172051907,-0.103027999401093,-0.245834991335869,0.0367554351687431,0.0946802943944931,0.0336274467408657,-0.108211606740952,0.114468403160572
"CACNG6",0.124440617859364,-0.000585160567425191,0.0013663093559444,0.107032395899296,-0.00085668551037088,0.157167822122574,-0.102116160094738,0.136388659477234,0.28721022605896,-0.043449942022562,0.016589529812336,0.0794897750020027,-0.0300226081162691,-0.0456143580377102,0.00288724084384739
"CPA3",0.0612234473228455,0.297105818986893,0.0138379847630858,0.00439717713743448,0.0226157195866108,0.20840747654438,0.118955880403519,-0.00255383900366724,0.00390598713420331,-0.0807107836008072,-0.0614786334335804,-0.216628447175026,0.00967053137719631,-0.170532166957855,-0.000698468531481922
"FAM135B",0.0977364405989647,0.169946372509003,-0.0467959120869637,-0.00390621623955667,0.000301087158732116,-0.0925530716776848,-0.123925119638443,0.0176139287650585,0.0108646648004651,0.0126181934028864,-0.0276867672801018,-0.0469124317169189,-0.0156396646052599,0.0071673970669508,-0.00971593614667654
"MUC7",-0.0726870149374008,0.0621944442391396,0.278128206729889,0.0138410571962595,0.00104301085229963,0.00798010174185038,-0.0703645944595337,-0.0423006527125835,-0.0282842963933945,0.0363102704286575,-0.0375601314008236,-0.0631483048200607,0.0121975904330611,-0.0138487024232745,-0.0160539504140615
"MNX1",0.128397241234779,-0.208236709237099,0.117457784712315,0.0596223920583725,0.0123912934213877,0.0368567407131195,0.219011276960373,-0.00113879260607064,0.103679694235325,0.223080322146416,0.00850994046777487,0.158540144562721,-0.0141199762001634,-0.0342252254486084,-0.0122444285079837
"FLRT3",-0.00710700592026114,0.254568696022034,0.124532848596573,-0.0816290602087975,-0.0410861559212208,-0.014724699780345,0.0947422012686729,-0.00205122493207455,0.0316228680312634,0.167899444699287,-0.091947615146637,-0.172753095626831,0.0154306804761291,0.0266392827033997,0.0553165264427662
"ENTPD8",0.179637864232063,0.187469571828842,0.13975216448307,-0.0577886700630188,-0.00152855843771249,-0.0911024585366249,-0.0301061421632767,0.136714339256287,-0.0111314905807376,-0.00839308463037014,0.16626738011837,0.221763834357262,0.0274734068661928,-0.146837025880814,-0.0133515801280737
"LPL",-0.188527166843414,0.065696582198143,-0.0612171851098537,0.00973756238818169,0.412682563066483,0.155686140060425,-0.0992871001362801,-0.134282067418098,-0.0269186068326235,0.0556421875953674,-0.0489230453968048,-0.080455593764782,0.00024382644915022,0.00658641895279288,-0.0370669588446617
"SIX3",-0.0747008621692657,-0.277511358261108,0.0833301991224289,-0.0482487939298153,0.00158411008305848,-0.117269270122051,-0.00255277543328702,0.0147179877385497,-0.0408939123153687,0.0135658346116543,-0.0423127748072147,-0.0852943807840347,-0.00764347240328789,-0.119324736297131,-0.0286820828914642
"HPN",0.155761256814003,0.201657339930534,0.136114120483398,0.00127548631280661,-0.00183008017484099,-0.196423336863518,0.0327139459550381,0.0675833821296692,-0.103923663496971,-0.0598717033863068,0.0985549613833427,0.252435863018036,0.0358188115060329,-0.0569335147738457,0.0335576944053173
"OXGR1",-0.17418497800827,-0.145208537578583,0.21862156689167,0.058883260935545,0.00126436538994312,0.0259879790246487,-0.124425575137138,-0.123454228043556,0.0740019902586937,-0.104767881333828,-0.0836708173155785,-0.00937215983867645,-0.0306080486625433,0.0674916654825211,-0.0169366225600243
"MEOX1",-0.146154671907425,0.125094413757324,0.180524498224258,0.000215743755688891,0.33269464969635,0.23171928524971,0.0105839716270566,0.0279606971889734,-0.0234856549650431,-0.125348657369614,-0.102576121687889,0.0872574895620346,-0.00389442150481045,-0.146204605698586,0.00257697096094489
"AQP9",-0.0445324070751667,-0.240847408771515,-0.160044774413109,0.000238997803535312,0.070408008992672,0.0946919769048691,0.220781087875366,0.0510719902813435,0.0277770441025496,-0.0831752717494965,0.125781089067459,-0.191699013113976,-0.0822045877575874,0.106291480362415,0.0169745143502951
"KCNK3",-0.0939653664827347,0.0463371016085148,0.0787043124437332,-0.0130043122917414,0.143248096108437,0.0834613665938377,-0.165459737181664,0.14238940179348,0.10208997130394,0.146193638443947,0.0118351075798273,0.142388373613358,-0.0682799443602562,0.0716767683625221,0.219165489077568
"FGFR4",0.0941381826996803,-0.154884353280067,0.195500016212463,0.0156060755252838,-0.0770307406783104,0.094088576734066,0.222859755158424,-0.104714244604111,0.184970945119858,-0.0440287366509438,-0.00899046193808317,0.100272037088871,-0.056683037430048,-0.0744860395789146,-0.0182089768350124
"SGCG",-0.0803857818245888,0.150849029421806,-0.0861773565411568,0.00451607489958405,0.312384784221649,0.163615822792053,-0.0911097526550293,-0.010960060171783,0.0368371047079563,0.0908231511712074,0.0372647941112518,-0.0282377656549215,-0.0303562916815281,-0.0496031045913696,-0.142201140522957
"LOC389493",0.0456104427576065,0.0262223910540342,0.22337618470192,-0.00583797600120306,-0.0011485677678138,-0.179187282919884,0.14421883225441,-0.0945563614368439,-0.0308848228305578,-0.0586069524288177,0.124121181666851,0.148431271314621,-0.0368782579898834,-0.111343361437321,0.00366747938096523
"PNCK",0.0545755811035633,-0.0269538406282663,0.0813031643629074,0.00238784868270159,-0.0132433902472258,-0.156943291425705,0.102213338017464,-0.0227967463433743,0.180789336562157,-0.0274569038301706,0.161528438329697,0.197716116905212,-0.0472973063588142,-0.129075825214386,0.194044321775436
"DNAH11",-0.0544229447841644,-0.18237429857254,0.0327761545777321,0.00244501000270247,-0.0727839767932892,-0.0533718653023243,0.134586110711098,-0.0571352168917656,0.112129352986813,-0.00777948880568147,-0.012255628593266,-0.0300487987697124,0.00225304905325174,0.180868729948997,0.160872235894203
"AP3B2",-0.0624493099749088,-0.017159216105938,0.189824610948563,0.0903608053922653,0.000535041210241616,-0.0850194692611694,-0.213564544916153,0.194473013281822,0.150820791721344,0.067156009376049,0.0078142574056983,0.0900062024593353,-0.0353182516992092,0.0750967338681221,0.320086151361465
"CSAG3",-0.0295245535671711,-0.199840918183327,-0.00667014578357339,-0.0164122562855482,-0.0298033431172371,0.0635762959718704,0.161505311727524,0.158955499529839,0.096083790063858,-0.157177194952965,0.0818028599023819,0.0849485322833061,0.000948050408624113,0.0866450816392899,0.0452225171029568
"HRCT1",-0.220379754900932,-0.19293649494648,0.0797812342643738,0.00783816073089838,0.163450181484222,0.0647171139717102,-0.102785281836987,-0.0734329670667648,-0.0484419390559196,-0.0234967544674873,0.171041667461395,0.0702182501554489,0.0338243506848812,-0.159646257758141,-0.0168341305106878
"SLC30A2",0.0313381142914295,-0.0327410772442818,0.16425821185112,-0.062180932611227,-0.00279189716093242,0.0644705072045326,0.153233081102371,-0.126144871115685,0.150142386555672,-0.046040516346693,0.0300906151533127,0.0407385900616646,-0.0814206302165985,-0.0698082074522972,-0.0714055597782135
"OXTR",-0.118860058486462,0.153924539685249,0.399724394083023,-0.00373778864741325,0.0348887145519257,0.127572223544121,-0.181580424308777,-0.0850708857178688,0.057677648961544,0.134719237685204,-0.111389644443989,0.00139047543052584,-0.0477296337485313,0.0539381429553032,0.0283845830708742
"S100A14",0.12713848054409,0.0180578045547009,0.253979355096817,0.00299410708248615,-0.068019725382328,-0.169968217611313,0.167581722140312,0.137003645300865,0.00144222215749323,-0.111919276416302,0.27977180480957,0.0702830255031586,-0.00931180641055107,0.00990907661616802,0.0343165136873722
"IL6ST",0.0257269013673067,0.307821840047836,-0.0101612471044064,0.000119738680950832,0.000353210489265621,-0.00509658036753535,-0.0691940486431122,-0.00066560588311404,-0.01941978931427,0.000421696284320205,-0.34196662902832,-0.430238842964172,0.0138927027583122,0.153740331530571,-0.0083442647010088
"TACR1",-0.205648854374886,0.0221285913139582,0.232135027647018,0.00704996939748526,0.238069251179695,0.171631678938866,0.0273978784680367,-0.0505821667611599,-0.0256131533533335,-0.0365083105862141,-0.0933519303798676,-0.0427424199879169,0.0280956123024225,-0.0143904769793153,-0.000389441498555243
"PHYHD1",-0.00517995981499553,0.34259095788002,0.126622274518013,0.0676211416721344,0.0674035921692848,-0.06931172311306,0.0259846094995737,-0.127043589949608,-0.146238952875137,0.00504964822903275,0.0839864760637283,0.111550256609917,0.0388635620474815,-0.0307469088584185,0.0201304294168949
"C9orf152",0.16370652616024,0.317677736282349,0.242105901241302,0.0194395817816257,-0.0786769464612007,-0.0495235286653042,0.210556447505951,0.0408878959715366,0.0378228053450584,0.157665029168129,-0.126294389367104,0.0117477746680379,0.00663007283583283,0.112376980483532,-0.129156708717346
"ABCA9",-0.148221388459206,0.239651396870613,0.0956319645047188,0.0068611791357398,0.271983563899994,0.228344112634659,0.0388916321098804,-0.0928172022104263,0.00495453225448728,-0.0164475385099649,-0.163515746593475,-0.182471975684166,-0.0488252118229866,-0.0754176899790764,0.0395133830606937
"RIMS1",0.126198261976242,0.0180536024272442,0.0978543311357498,0.00683621410280466,0.00122732878662646,0.0687962174415588,-0.068530485033989,-0.0192664228379726,0.170105293393135,0.0407115332782269,-0.147528499364853,-0.00324329198338091,-0.136702746152878,-0.0193034019321203,-0.0709874555468559
"LOC100128977",0.102318629622459,0.297348082065582,0.140388160943985,0.00815860647708178,0.000145990794408135,-0.184997260570526,-0.0290101915597916,-0.0481433793902397,0.00180238950997591,-0.0778442248702049,0.00724349077790976,0.00512539781630039,0.117636978626251,-0.0745945274829865,0.083011656999588
"UPF0639",0.207407385110855,0.23336423933506,0.0770390778779984,-0.0741466879844666,-0.00221367296762764,0.0044979015365243,0.000392241636291146,0.0248309411108494,0.0756038576364517,-0.164224073290825,0.0149326138198376,-0.0118512390181422,0.00118389341514558,-0.00974320434033871,-0.0517708398401737
"SP5",0.0637135580182076,0.114625222980976,0.0528255552053452,0.00344730983488262,0.102535508573055,-0.0148218749091029,0.184634536504745,-0.0703200697898865,-0.105259746313095,0.133013859391212,0.000149725630762987,0.0300101023167372,0.110062718391418,-0.0877610594034195,-0.0355156846344471
"ZMAT4",0.0537808313965797,0.104557141661644,0.0703297033905983,0.0593894757330418,-0.127111747860909,-0.0465888343751431,0.00790319312363863,-0.126666322350502,0.123883083462715,-0.0750774815678596,-0.0332945734262466,-0.0344640910625458,-0.00955704040825367,-0.0618790909647942,0.15721532702446
"SCNN1B",-0.0232191979885101,-0.06877651065588,0.149607047438622,-0.0366996191442013,0.0302247889339924,0.165196880698204,-0.179919838905334,0.0458387918770313,0.0950408354401588,-0.0656997337937355,0.162223815917969,0.0700299441814423,-0.0314505584537983,0.0925141349434853,-0.00351652991957963
"SERPINB7",-0.0630268156528473,-0.215573579072952,-0.121549643576145,0.00554744992405176,-0.0732773095369339,-0.139490470290184,0.0557591132819653,0.0185074526816607,-0.0342128463089466,-0.0109016681089997,0.155865967273712,-0.278906494379044,0.0385833978652954,-0.0982082784175873,-0.00750319520011544
"ITGB6",-0.020450908690691,0.0629045516252518,0.315619885921478,0.00141930393874645,-0.0678562894463539,-0.070548914372921,0.256435751914978,0.0024250338319689,-0.00251507572829723,0.175544321537018,0.0405770465731621,-0.209984004497528,-0.00347794825211167,0.118038326501846,-0.0470599979162216
"UPK1A",0.0479590147733688,-0.0553981177508831,0.121838979423046,0.000974893919192255,0.105610251426697,0.00136375019792467,0.178614974021912,-0.0623026266694069,0.188296988606453,0.0762176364660263,0.0412848964333534,0.0562865547835827,-0.0370169207453728,-0.0119503876194358,0.0969853773713112
"LONRF2",0.11317802220583,0.37187671661377,0.0110931862145662,0.0034924519713968,0.0175613593310118,-0.0871564447879791,-0.154878512024879,0.0139485383406281,0.0438555479049683,-0.0107640055939555,-0.16120982170105,-0.0169194042682648,0.0198997966945171,-0.0278951469808817,0.110370591282845
"SPINK5",-0.132229387760162,-0.0123562356457114,0.158490136265755,-0.0285072084516287,0.00190201867371798,0.151608645915985,-0.03641152754426,0.00402486603707075,0.0131465960294008,0.0887743085622787,0.0671641305088997,-0.00176947959698737,-0.0250697508454323,0.0365565605461597,-0.0168845038861036
"SLC4A4",-0.149974003434181,0.123917616903782,-0.108094781637192,0.00433613220229745,0.188920676708221,-0.00787461176514626,-0.0208755675703287,-0.0570251680910587,0.00116290105506778,0.168917924165726,-0.0924593657255173,-0.106966659426689,0.0711201354861259,-0.0443962067365646,-0.164845004677773
"CXCL11",0.00637569045647979,-0.211649030447006,-0.00435632886365056,-0.00178433675318956,-0.0673572793602943,0.0542809553444386,0.377755135297775,0.259124159812927,-0.0195591859519482,-0.24757245182991,-0.0846549049019814,-0.113144181668758,-0.013155659660697,-0.0702190324664116,-0.000451653089839965
"ITIH2",-0.0730778649449348,0.142077788710594,0.285485833883286,0.076179675757885,0.0560882948338985,0.077248215675354,-0.0340532884001732,-0.0651267915964127,0.00669376365840435,0.152639344334602,-0.0870940238237381,0.0785796940326691,-0.020087281242013,0.0351170524954796,0.104737319052219
"C6orf15",-0.1822569668293,-0.199483811855316,0.298848181962967,0.00409671850502491,-0.0719820708036423,-0.0446243919432163,-0.130311951041222,-0.0144997145980597,-0.0412203073501587,-0.00263173482380807,0.206130310893059,-0.106959387660027,0.00331790535710752,-0.0488934740424156,-0.0129694975912571
"LPAR3",-0.126080706715584,-0.0669297203421593,0.197803005576134,-0.00414572190493345,-0.104887284338474,-0.0778769105672836,0.131316900253296,-0.0126460129395127,-0.0150140812620521,0.0754212960600853,-0.0155516797676682,-0.136793211102486,0.0432557575404644,0.177318632602692,0.016653636470437
"SLC7A3",-0.116833984851837,0.179413214325905,0.428970962762833,0.00168280943762511,0.0712487027049065,0.125736847519875,-0.149727165699005,-0.0847117528319359,0.0217764489352703,0.0198104698210955,-0.171513512730598,0.0128136603161693,-0.00902156159281731,-0.0717420801520348,0.0450694598257542
"AMBP",0.146847486495972,0.14557147026062,0.202220141887665,-0.00292825768701732,0.00504576880484819,0.0766387954354286,0.0817870125174522,-0.0513544864952564,0.195482149720192,-0.0883202776312828,-0.0326076745986938,0.205466389656067,-0.0954033508896828,-0.0457590818405151,-0.0453419610857964
"ARMC3",0.146993011236191,0.0695467293262482,0.133043020963669,-0.00547724077478051,-0.0327123925089836,-0.164017915725708,0.185731694102287,-0.0327727757394314,0.0243840795010328,-0.15298493206501,-0.0809181705117226,-0.0016094126040116,-0.0272997785359621,-0.0360014326870441,0.0935901328921318
"TCAM1P",-0.102478519082069,-0.315407007932663,-0.000470612809294835,-0.0250671058893204,-0.0110353138297796,-0.0282430090010166,0.0231287889182568,0.0213715918362141,0.0171147249639034,-0.0358272865414619,-0.0223950985819101,-0.0197943858802319,-0.026900339871645,-0.0141052911058068,0.00154572096653283
"PCDHA1",0.0572259798645973,-0.0586079359054565,0.0936737135052681,-0.00270070019178092,0.00360619788989425,0.0211347956210375,0.02692861109972,0.0266184583306313,0.107699111104012,0.104450963437557,-0.0178909357637167,0.0516642741858959,0.00882691517472267,-0.0143726943060756,0.00252827978692949
"DAPL1",-0.0677218213677406,0.0590099580585957,0.26317635178566,-0.0105395363643765,0.00167439098004252,0.00838074460625648,-0.0875403136014938,0.0306953825056553,-0.0605328418314457,0.0311668403446674,0.0443899594247341,0.0201126374304295,-0.00272526475600898,0.0839024409651756,-0.055812168866396
"FAM196B",-0.188581123948097,0.105614863336086,0.308573633432388,0.00129038910381496,0.00094618066214025,0.126336693763733,-0.107126899063587,-0.0698903277516365,0.0028670490719378,0.0934762731194496,-0.2632956802845,-0.125504776835442,-0.000691782275680453,0.125467970967293,0.043134268373251
"C10orf90",-0.248204663395882,-0.0693525820970535,0.247652649879456,-0.00493783783167601,0.0969772040843964,0.0554058402776718,-0.204044535756111,-0.153575494885445,-0.011792054399848,0.0564298592507839,-0.0556350536644459,-0.00841192249208689,-0.00718091148883104,-0.0222278330475092,-0.0303347557783127
"MUM1L1",0.0817068219184875,0.24151773750782,0.0555036775767803,0.00192166201304644,-0.00588100962340832,0.0196140222251415,-0.00548812514171004,-0.184308648109436,0.138886466622353,-0.127703502774239,-0.00520823756232858,-0.212952479720116,-0.0568579770624638,-0.0785583406686783,0.172663033008575
"FREM1",-0.169084578752518,0.162695586681366,0.166717782616615,0.0261610746383667,0.219037801027298,0.22275123000145,0.0257144551724195,-0.0601230598986149,0.00420940900221467,-0.067132979631424,-0.202883556485176,-0.141597092151642,-0.010508781298995,-0.116918236017227,0.00372265814803541
"SLC16A6",0.201908588409424,0.280131250619888,0.0854959562420845,0.00630877446383238,-0.0170230884104967,-0.0697184503078461,-0.0175492130219936,0.110133580863476,0.00243679340928793,-0.100206553936005,-0.157349526882172,-0.145984336733818,-0.0347489193081856,0.130146130919456,0.0767810270190239
"SPESP1",-0.039938360452652,0.13342522084713,0.00806445628404617,-0.0107111530378461,0.00320319435559213,0.0470555014908314,0.033936932682991,-0.0603604353964329,-0.0395599938929081,0.0407507196068764,-0.0285415947437286,-0.069039098918438,-0.0336606651544571,-0.0311010144650936,-0.0115731321275234
"SCUBE3",0.0336622670292854,-0.135740801692009,-0.0254495646804571,-0.0131953665986657,-0.0786826610565186,-0.123334191739559,0.0203774347901344,-0.00751449493691325,-0.00207222579047084,0.0275128018110991,-0.0608108304440975,-0.127344027161598,0.0237898901104927,-0.15339107811451,-0.0120995054021478
"CNTN1",-0.0952320396900177,0.159926936030388,0.105143144726753,0.00519406236708164,-0.0625744760036469,0.105828173458576,0.090320959687233,-0.137424781918526,0.0828710645437241,0.129317581653595,-0.195464164018631,-0.439476788043976,0.00749099347740412,-0.0666823387145996,0.0630467757582664
"GPC3",-0.100788488984108,0.193502500653267,0.0107393050566316,0.041570957750082,0.21982803940773,0.12268940359354,-0.0947394892573357,-0.141786858439445,0.0611195005476475,0.0629800409078598,-0.126132756471634,0.0277181342244148,0.00564295053482056,-0.0241219643503428,0.0104849645867944
"FOXD1",0.0118794720619917,-0.282966136932373,0.050637561827898,0.00215814937837422,0.000221883310587145,0.0600297302007675,-0.0358539111912251,0.0831548273563385,0.0863613858819008,0.0505736023187637,0.110353320837021,-0.0565719939768314,-0.0443069152534008,-0.190158858895302,-0.0698295533657074
"GPR87",-0.0999684408307076,-0.00954589061439037,0.375540524721146,-0.00440716557204723,-0.0300456024706364,0.0587185509502888,-0.0110258413478732,-0.0028793893288821,0.00855217967182398,0.0412216521799564,0.294742166996002,-0.234737604856491,-0.00674216216430068,0.124720342457294,0.0470476560294628
"TYRP1",0.0806613117456436,-0.0522496327757835,-0.0015102403704077,-0.116465240716934,-0.000233719736570492,0.00770189892500639,0.143877804279327,0.0035585283767432,0.0885586738586426,0.0528663657605648,0.0658264756202698,-0.116542726755142,-0.0741379633545876,-0.0697281658649445,-0.00856961123645306
"ADCY2",-0.0789896473288536,-0.034120786935091,0.0919805765151978,0.00381507212296128,-0.001186563516967,-0.00818322971463203,0.140826553106308,-0.205598726868629,-0.0169437918812037,-0.00608569569885731,-0.0550333559513092,-0.121636681258678,0.0263930689543486,-0.202020481228828,-0.00641563581302762
"CLEC10A",-0.174919605255127,0.0572847574949265,0.12744565308094,0.0558161921799183,0.200900092720985,0.242883428931236,0.222437992691994,0.156212106347084,-0.021586686372757,-0.214218452572823,-0.118838645517826,0.0502674803137779,0.00720784580335021,-0.135449126362801,0.00522704143077135
"LMO3",-0.0875806286931038,0.028225377202034,-0.0721054151654243,-0.0103203849866986,0.149447754025459,0.075525090098381,-0.22501103579998,-0.0235124323517084,0.0307639557868242,0.00391529966145754,-0.118146844208241,-0.00395332789048553,-0.0382134802639484,-0.00531941093504429,-0.00934177171438932
"GJB5",-0.0974152460694313,-0.148520335555077,0.299612015485764,0.00760343112051487,-0.0072271479293704,0.0291553437709808,-0.032617099583149,0.13635128736496,0.0418420881032944,0.0139365866780281,0.28855299949646,-0.059430506080389,-0.00140842329710722,0.0355856493115425,-0.0499723516404629
"ABHD12B",0.0264513660222292,0.176725432276726,0.00859447848051786,0.000387448206311092,0.0254633910953999,-0.0997433438897133,-0.0448381900787354,0.0114044882357121,-0.00106954691000283,-0.0204656161367893,0.00310651492327452,0.0158421192318201,-0.099703386425972,-0.00800574850291014,0.0601537637412548
"CYP4F12",-0.0346250385046005,0.189502567052841,0.0472563318908215,0.0700309425592422,0.154987379908562,0.14529412984848,0.0712274461984634,-0.0235886536538601,-0.00507598370313644,-0.132459223270416,0.0479152426123619,0.0604890286922455,0.0506098233163357,-0.00917571317404509,0.023277735337615
"CD1A",-0.0848576575517654,-0.0644605234265327,0.00573424203321338,0.0216433722525835,-0.041093997657299,-0.0560513101518154,0.215040773153305,0.161757916212082,-0.0825986489653587,-0.141500607132912,0.0843914002180099,-0.103538133203983,0.0694972723722458,-0.0808239579200745,-0.000432487926445901
"CKMT1B",0.0627939850091934,-0.0695486068725586,0.188942447304726,-0.0021791523322463,-0.00562643771991134,0.00863426458090544,0.0254507567733526,0.187512755393982,0.056119617074728,0.0274704787880182,0.040383979678154,0.148913770914078,-0.0377366691827774,0.19085168838501,0.0252139363437891
"FGFBP2",-0.222799509763718,-0.0835307836532593,-0.00285596260800958,0.00791570078581572,0.309455990791321,0.111348047852516,-0.10411562025547,-0.031368762254715,-0.0521118566393852,0.00237304461188614,0.0771216601133347,0.0154592720791698,-0.0081674987450242,-0.0696069598197937,-0.0673838928341866
"MAGEA12",0.0104067260399461,-0.11139677464962,0.00793897546827793,-0.21847428381443,-0.00123428460210562,0.142365992069244,0.108550854027271,0.048026978969574,0.0926787033677101,-0.00832592975348234,0.0778277069330215,0.0352676287293434,-0.00115661986637861,0.0875850915908813,0.00793777965009212
"GAD1",0.0313570573925972,0.0706425756216049,-0.00958741828799248,0.00647245114669204,-0.00938269589096308,-0.178841516375542,0.140789538621902,0.0565904788672924,-0.0961417406797409,0.23047237098217,0.0484954938292503,-0.0446580089628696,0.126578330993652,-0.0540338382124901,-0.0385915525257587
"CAPSL",0.151737630367279,0.120078325271606,0.0585635863244534,0.0517793446779251,-0.0684421509504318,-0.0990103408694267,0.136074542999268,0.00682099768891931,0.0361737087368965,-0.0277828127145767,0.0192504655569792,0.00853411480784416,-0.0308267939835787,-0.112938366830349,0.121539458632469
"SULT4A1",-0.0661855563521385,-0.120353855192661,0.0632309541106224,0.0109089314937592,-0.0653837621212006,-0.126109257340431,-0.117503240704536,0.0908707827329636,0.109791830182076,-0.0196027308702469,0.00322398217394948,0.0667472183704376,0.000110648885311093,0.0158491879701614,0.301927089691162
"PLCXD3",-0.117747187614441,0.192628115415573,0.135585129261017,-0.000665607338305563,0.283995658159256,0.147486478090286,-0.0333133265376091,-0.0114668235182762,-0.0173933915793896,0.0271547548472881,-0.165767416357994,-0.0790535882115364,0.00324672763235867,-0.100957132875919,0.00696891406551003
"GJB6",-0.0973412990570068,-0.216840401291847,0.162181064486504,0.0015915643889457,-0.0256627853959799,-0.0254032704979181,-0.0289760865271091,0.0891379117965698,0.0713625624775887,-0.0744816660881042,0.312228351831436,-0.186017856001854,0.0319048091769218,0.0746685564517975,-0.0117651391774416
"CACNA1H",0.179727464914322,0.144230559468269,-0.0461533777415752,0.00542424246668816,0.0110591603443027,0.121959492564201,0.0184153877198696,0.0448257736861706,0.227457463741302,0.0254055876284838,0.0639286115765572,0.0640086233615875,-0.143166407942772,-0.167486175894737,0.0593465715646744
"KCNK2",-0.106930315494537,0.0396916680037975,0.091828964650631,-0.0111445747315884,0.00204722001217306,-0.0333202630281448,-0.000677140604238957,-0.179504722356796,-0.0528590716421604,-0.0330592915415764,-0.0452246554195881,-0.130540862679482,0.0229952838271856,0.0128857335075736,0.104655049741268
"SMC1B",-0.0291754193603992,-0.312238454818726,0.0160640738904476,-0.0241557098925114,-0.0814919546246529,-0.0162135474383831,0.0914071425795555,-0.0195843856781721,0.0764654204249382,-0.0288640093058348,-0.0568080917000771,0.00492708524689078,-0.0149066932499409,0.0274402219802141,-0.00429042801260948
"SOX8",-0.196399942040443,-0.244977310299873,0.192944094538689,0.00113109487574548,0.0464472211897373,0.0110066859051585,-0.138861298561096,-0.0543196126818657,-0.0136187169700861,0.000316492893034592,-0.0564968623220921,0.129878491163254,0.0596863552927971,-0.158776566386223,-0.0593852028250694
"LGALS7B",-0.107541166245937,-0.0801984742283821,0.31915158033371,-0.0120239891111851,-0.00252968654967844,0.023289380595088,-0.0595587454736233,-0.0482154823839664,0.0447906032204628,0.00972613319754601,0.288825929164886,0.0230039674788713,-0.0750119835138321,-0.0220827832818031,0.0264791995286942
"MGC29506",-0.0181559752672911,-0.00817912258207798,0.259667277336121,0.00295812846161425,0.00113545684143901,0.133373081684113,0.229945421218872,0.350316345691681,0.00873227044939995,-0.187114492058754,-0.0454789958894253,0.181981056928635,-0.00582354888319969,-0.0669186487793922,-0.0657112151384354
"ARC",-0.0794647559523582,0.125357553362846,0.157978951931,0.00932392943650484,0.0623935200273991,-0.00032282606116496,-0.0580809004604816,-0.191767290234566,0.0540974587202072,-0.033765010535717,0.0843101069331169,0.187984377145767,-0.0241971779614687,-0.104857727885246,0.0724229663610458
"PENK",-0.142813429236412,0.122323773801327,0.10682337731123,0.00644254358485341,0.160886123776436,0.217373996973038,-0.0186619181185961,-0.1499203145504,0.00983838085085154,0.0864523723721504,0.00386853073723614,-0.00986298266798258,-0.00299485726282001,-0.0940046906471252,0.0264044497162104
"FCER2",-0.173283904790878,0.0138114104047418,0.0509179681539536,0.0511913523077965,0.160491347312927,0.248359709978104,0.217816174030304,0.163668304681778,-0.0820889547467232,-0.231087803840637,-0.103864647448063,0.146349504590034,0.0243276227265596,-0.120060749351978,0.00800072588026524
"CFD",-0.055940393358469,0.195570856332779,0.0246941335499287,0.0044053616002202,0.353673994541168,0.214736044406891,-0.00698042754083872,-0.128942430019379,-0.0329283103346825,-0.0633560121059418,0.185920536518097,0.182960480451584,0.00386456423439085,-0.0774586871266365,0.0552564933896065
"CAMP",0.145535171031952,-0.0748981684446335,0.0833783447742462,-0.00660600187256932,-0.00119118858128786,0.0191605631262064,0.219414189457893,0.0376965440809727,0.0940964967012405,-0.00413107639178634,0.110130585730076,0.159304708242416,-0.0121823372319341,-0.012030029669404,0.0699288174510002
"CNTNAP3",-0.25409796833992,-0.0580329410731792,0.242892473936081,0.0703324005007744,0.109982214868069,0.0429008156061172,-0.145291045308113,-0.0406357459723949,-0.0418139435350895,0.00777170481160283,-0.0985829681158066,-0.128279343247414,0.00502808997407556,0.00250199460424483,0.0492862388491631
"MSI1",0.00879366509616375,-0.167411252856255,0.191891580820084,-0.0129615040495992,-0.0696912705898285,0.0365283079445362,-0.195957258343697,-0.025339562445879,0.31878799200058,-0.154561996459961,0.0828141048550606,0.0876430794596672,-0.0689846873283386,-0.0555310696363449,0.0795643925666809
"CACNA2D1",-0.0949885174632072,0.19391268491745,-0.0411507934331894,-0.00506786908954382,0.0555099993944168,0.123685963451862,-0.0375381335616112,0.00378608820028603,0.0423434562981129,0.0893414467573166,-0.278308391571045,-0.523227453231812,0.000410278211347759,0.0574304200708866,-0.0227148551493883
"WDR17",-0.0263927318155766,0.140274241566658,0.0939054265618324,0.0646272376179695,0.0464011207222939,-0.0325142219662666,-0.32048636674881,0.205683872103691,0.0701985433697701,-0.0446751937270164,-0.216338098049164,-0.109166704118252,-0.0359983667731285,0.152906358242035,0.17367872595787
"SIX1",0.134321317076683,-0.0212114937603474,-0.000290361698716879,-0.00354974181391299,0.0719329863786697,0.12354152649641,0.0884029567241669,-0.0937521159648895,0.183285221457481,-0.035052977502346,-0.0720311552286148,-0.00247423490509391,-0.0968774110078812,-0.122306227684021,-0.0621089898049831
"GGT6",0.00891267787665129,0.0332249738276005,0.370920956134796,-0.000970833818428218,-0.000323069281876087,-0.1471858471632,0.2756128013134,-0.134967103600502,-0.0161467138677835,-0.00186036026570946,0.0910677537322044,0.100854977965355,0.0347893834114075,0.00623547518625855,-0.000491686339955777
"PTGS2",-0.196406066417694,-0.0506894625723362,0.164046034216881,-0.00584390899166465,0.120730392634869,0.105576522648335,-0.0633250698447227,-0.0534793511033058,-0.0156783722341061,0.00720088742673397,-0.022944662719965,-0.189170256257057,0.00839398801326752,-0.0228884518146515,-0.00256566074676812
"TMEM84",0.0622359700500965,0.280736148357391,0.219949424266815,0.00128958222921938,-0.000322013947879896,-0.159512370824814,-0.0738628134131432,0.0132817709818482,-0.10467316955328,0.0589216984808445,-0.0656142458319664,0.204582840204239,0.0460484139621258,-0.0344896987080574,-0.0634331330657005
"CLDN10",-0.170709639787674,-0.0201739054173231,0.202566564083099,0.00395018933340907,0.0631826892495155,0.0578931160271168,-0.0961161926388741,-0.0473534055054188,-0.0026774478610605,0.0374062769114971,-0.00945176277309656,-0.0635491013526917,0.000147385842865333,-0.0125438962131739,-0.053696271032095
"KLK13",-0.123538166284561,-0.0401682816445827,0.219297543168068,-0.000439463037764654,0.00246474286541343,-0.0212697591632605,0.0281070563942194,-0.0836992338299751,0.000115941809781361,0.0517360121011734,0.13550092279911,-0.0229911785572767,0.00714081479236484,-0.123693138360977,-0.104306623339653
"GPR158",-0.0203722156584263,-0.221963107585907,-0.0380470976233482,-0.14488522708416,-0.000825880910269916,0.109802171587944,-0.171016603708267,0.103177323937416,0.142135486006737,-0.0711684077978134,-0.00178045628126711,-0.0648686960339546,-0.00918793492019176,-0.00126752909272909,0.00159743416588753
"ALOX12P2",-0.0757224187254906,-0.0460518151521683,0.155032873153687,0.0488035455346107,-0.0487323291599751,-0.0644126608967781,-0.151490032672882,0.171918243169785,0.00258862692862749,0.0869668051600456,0.0684598758816719,0.11322645843029,-0.121740847826004,0.0536718368530273,0.0884215235710144
"ITIH5L",0.147969394922256,0.19876891374588,0.192337021231651,-0.0498623065650463,-0.00781744252890348,-0.073633149266243,-0.0724652633070946,0.107925817370415,0.0765999555587769,0.0425484292209148,-0.0841941758990288,0.00349039188586175,-0.0217549316585064,-0.0108484849333763,-0.113736346364021
"GJB2",0.0953109115362167,-0.0934389159083366,-0.0179918706417084,-0.00515580642968416,-0.130336254835129,-0.101441219449043,0.278444468975067,0.0374934338033199,0.0714419782161713,-0.0494808331131935,0.21305239200592,-0.380486965179443,0.00567085668444633,-0.141754999756813,0.0459262654185295
"CAMK2B",0.0537906214594841,0.190687939524651,0.194521188735962,-0.000662198406644166,-0.0535184852778912,-0.0414982549846172,-0.0865902304649353,0.0924381464719772,0.162528157234192,0.0581833198666573,0.059162724763155,0.25520533323288,-0.00167452380992472,-0.070433497428894,0.188187226653099
"PHF21B",0.0831810981035233,0.154353886842728,0.155509784817696,0.00383977545425296,-0.000952615402638912,0.0499884858727455,-0.268400549888611,0.159824639558792,0.197070479393005,0.0351845547556877,-0.0780930295586586,0.180067747831345,-0.0256264060735703,0.00124967563897371,0.164457276463509
"EMILIN3",-0.175654664635658,-0.0898052155971527,0.248403325676918,-0.0207375641912222,1.96789860638091e-05,0.114211179316044,-0.0682394579052925,-0.192357525229454,0.0419367849826813,0.055563110858202,-0.00565482163801789,0.162599265575409,0.0362403057515621,-0.123271062970161,0.0647945255041122
"C6orf223",-0.0492911711335182,-0.206686705350876,0.0650794804096222,-0.0131388623267412,-0.0848596692085266,-0.00280649331398308,0.216945260763168,0.0150425788015127,-0.0735942423343658,0.126729413866997,0.0855731442570686,0.0047582071274519,0.0557537078857422,0.0918338820338249,-0.0102071594446898
"MLXIPL",-0.0922345891594887,0.140067994594574,-0.0132866706699133,-0.00558748794719577,0.395705819129944,0.0434118770062923,-0.080485500395298,-0.109521083533764,0.0428763702511787,0.070553369820118,0.135979041457176,0.216992720961571,0.0407180152833462,0.0264986678957939,0.0655388236045837
"LOC100130148",0.13306725025177,0.320053935050964,0.0983336195349693,-0.000678441196214408,-0.00179889134597033,-0.121541030704975,-0.0703158155083656,0.000950518005993217,0.00650486117228866,-0.125298678874969,0.0295980740338564,0.0476895570755005,0.0782951861619949,-0.0454277284443378,0.0596028976142406
"IVL",-0.0202014502137899,-0.221930742263794,0.122759833931923,0.0105942757800221,-0.00361945549957454,0.0537139251828194,0.153490871191025,0.0641648173332214,0.127378940582275,0.0556411482393742,0.318897664546967,-0.0902189835906029,-0.00454941671341658,0.0628789216279984,0.0262438971549273
"C21orf15",0.0303107313811779,0.242440611124039,0.0551978163421154,0.00111868360545486,0.0451562479138374,0.00172781036235392,-0.033804640173912,-0.096541240811348,-0.0689266100525856,-0.0454506650567055,0.0301711242645979,0.104815520346165,0.0074931001290679,-0.139892593026161,0.00387344392947853
"B4GALNT2",0.0572566315531731,-0.0705443844199181,0.104194477200508,0.00102255900856107,-0.00852178316563368,-0.0241206437349319,0.208809450268745,0.0754716247320175,0.0423409976065159,0.15476368367672,-0.0232775267213583,-0.0521900728344917,-0.00992041360586882,0.123693697154522,-0.149274468421936
"ALDH3A1",-0.130302593111992,0.020641727373004,0.284535467624664,0.0122984638437629,0.133368164300919,0.104776583611965,-0.16024523973465,-0.00550317112356424,0.0468341037631035,-0.0102228727191687,0.251593440771103,0.00347366137430072,0.00510086910799146,0.0888260453939438,-0.0312101244926453
"AGT",-0.000640090845990926,0.0512272901833057,-0.0539307221770287,-0.0114239752292633,0.0603376515209675,-0.207199931144714,0.0914701819419861,-0.0484431236982346,-0.107341907918453,0.064284585416317,0.153598114848137,0.073177844285965,0.039955597370863,-0.0647464990615845,0.0945297032594681
"CCDC129",-0.18414431810379,-0.14407604932785,0.330373466014862,0.00262367120012641,-0.000369365938240662,-0.000339859834639356,-0.105875343084335,-0.0322138257324696,-0.0263224579393864,0.0211296156048775,-0.111708484590054,-0.0284868441522121,0.0145204057916999,0.0770467221736908,-0.023364894092083
"TNFRSF17",-0.124914571642876,-0.0459531880915165,0.282962203025818,0.00312997098080814,0.0560651868581772,0.184696957468987,0.269519090652466,0.223223686218262,0.000303548644296825,-0.245275422930717,-0.169742941856384,0.0220241267234087,0.0131195597350597,-0.0158435720950365,-0.0425272472202778
"MMP9",-0.00980417151004076,-0.154373914003372,-0.131345212459564,0.0167005397379398,-0.106680311262608,0.0410112030804157,0.235543504357338,0.189724683761597,-0.0125020993873477,-0.0907103344798088,0.162391513586044,-0.0244666915386915,0.00344092817977071,-0.176827445626259,0.0271870363503695
"SERPINA3",0.0692280903458595,0.139777883887291,0.244462415575981,-0.00287253665737808,-0.00622773915529251,-0.158864438533783,-0.0663658455014229,0.107325941324234,-0.121119812130928,-0.0310517717152834,0.117956668138504,-0.00164896156638861,0.0721253827214241,-0.0273523032665253,0.00488554267212749
"MT1A",-0.0427287109196186,0.175181820988655,-0.00913953687995672,-0.00070596334990114,0.154732942581177,0.0649741068482399,-0.0868317782878876,0.0422370880842209,0.010623199865222,-0.0102367745712399,0.118257649242878,0.180990919470787,-0.162268444895744,-0.0650632455945015,0.039288979023695
"CRISPLD1",-0.135734885931015,-0.0413320101797581,0.226067990064621,0.0321008302271366,-0.0483253560960293,0.0117734307423234,-0.22804419696331,-0.137380257248878,0.0112347025424242,-0.0547225587069988,-0.0535462759435177,-0.158278852701187,-0.028474347665906,-0.119763799011707,0.0194257143884897
"CT62",0.165680110454559,0.384813755750656,0.177888795733452,-0.0231341253966093,-0.00129608414135873,-0.059826597571373,-0.0150769259780645,0.0708281323313713,0.0188083350658417,0.0743833258748055,-0.0673974901437759,-0.00219573965296149,-0.0292349755764008,0.0469740554690361,-0.0426810458302498
"EPHA8",0.0471905246376991,0.0145187191665173,0.032932985574007,-0.0437490902841091,0.00150933593977243,-0.179551139473915,-0.0949412435293198,0.128405138850212,0.100381404161453,-0.0675312429666519,0.0703454911708832,0.0976076200604439,0.039367888122797,-0.0911934152245522,0.0798924043774605
"EGFR",-0.245029151439667,-0.102872893214226,0.109174557030201,0.00237899529747665,0.0637043341994286,0.12996643781662,-0.0280052367597818,-0.083656370639801,0.0377882495522499,0.115516640245914,-0.120688796043396,-0.349664956331253,0.0263359919190407,0.055502288043499,0.00245550088584423
"ATP1A4",0.0882237404584885,0.242714360356331,0.0987648740410805,0.00302250706590712,0.00759867345914245,-0.0010754888644442,0.0980636179447174,0.0155535023659468,-0.0942796468734741,0.00794475805014372,-0.0891056433320045,0.000913710216991603,0.04662074893713,-0.0380553156137466,-0.0535863786935806
"SYNM",-0.224505871534348,-0.0377368777990341,0.298531532287598,0.00136515882331878,0.0782574564218521,0.115468673408031,-0.209636136889458,-0.0850017815828323,-0.00578992161899805,0.0738117843866348,-0.0839738696813583,-0.0721970647573471,-0.00532950041815639,0.00237512914463878,-0.00217232131399214
"PCSK2",0.0232240278273821,-0.00328555330634117,-0.0378467850387096,0.0252824705094099,0.041546393185854,0.122165985405445,-0.101415313780308,0.0440524369478226,0.219939723610878,0.0174218993633986,-0.0513273105025291,0.0128525923937559,-0.0896514803171158,-0.0225622709840536,0.0853762850165367
"ATP1A3",0.11779061704874,-0.0769572034478188,-0.0110644334927201,0.0500746890902519,0.00608878536149859,0.0983851626515388,0.0372282937169075,0.429117292165756,0.0857616364955902,0.066180519759655,-0.0743548646569252,0.0214081034064293,-0.034434836357832,-0.00109954993240535,0.127424418926239
"KLK12",-0.00549164786934853,-0.00807928200811148,0.111551053822041,-0.00353835034184158,-0.00048708519898355,-0.0486442483961582,0.0695405974984169,-0.0655890628695488,0.0127633148804307,-0.00188287708442658,0.123115263879299,0.102834828197956,0.00747783249244094,-0.164155066013336,-0.0194386523216963
"CRHR1",-0.179616957902908,-0.170336693525314,0.250335723161697,0.011779417283833,-0.000172300831764005,-0.0351330675184727,-0.0690867081284523,-0.108309552073479,0.00546533102169633,0.089368611574173,0.102365560829639,0.00576540594920516,0.0441880784928799,-0.11909481137991,0.0391096957027912
"GPT",-0.101071052253246,0.00508283544331789,0.0228307265788317,-0.00122771400492638,0.208089351654053,-0.117416903376579,-0.0118752447888255,-0.0998829454183578,-0.0900144502520561,-0.00139440200291574,0.0894409865140915,0.271275579929352,-0.00993752013891935,-0.0250359028577805,0.123159855604172
"LY6G6C",0.0154908308759332,0.143847540020943,0.149020418524742,0.00160125875845551,0.000564080255571753,-0.0936804711818695,-0.0985626876354218,0.0500098690390587,0.00655492953956127,-0.0385776683688164,0.181025967001915,0.0286960303783417,0.00305715156719089,-0.111068025231361,-0.0244575776159763
"RARRES1",-0.211823254823685,-0.219276875257492,0.198785647749901,0.0464544780552387,0.00120232638437301,0.0802361443638802,0.177904099225998,0.019594045355916,-0.018256327137351,-0.0639344900846481,0.00976959243416786,-0.131862536072731,-0.0288758259266615,0.0948328748345375,0.0260264631360769
"KISS1R",0.153354227542877,0.0965591669082642,0.0116120297461748,-0.0193596184253693,-0.0644061714410782,-0.0640038028359413,-0.00531878462061286,0.00249321409501135,0.000727473525330424,-0.139091596007347,0.129817068576813,0.117288544774055,-0.0162358526140451,-0.0213300324976444,0.158502787351608
"ZMYND10",0.211632698774338,0.289928108453751,0.126901939511299,-0.00162467465270311,-0.00106191181112081,-0.205851078033447,0.0640945136547089,0.0197971202433109,-0.00609258934855461,-0.0586933717131615,0.0246648099273443,0.175032049417496,0.0825521722435951,-0.119744412600994,0.0811743214726448
"ADCY1",0.0742071717977524,0.250732570886612,0.0778191685676575,-0.0083547905087471,0.0527111552655697,-0.106772750616074,-0.108932018280029,0.109894290566444,0.109003260731697,0.0100401015952229,-0.0937465876340866,-0.0237219110131264,0.0146915838122368,-0.0309366378933191,0.0795426741242409
"PTN",-0.129761248826981,0.15462937951088,0.389949142932892,0.00552869448438287,-0.053327739238739,0.143289983272552,-0.0792364180088043,-0.116938717663288,0.00167513301130384,0.0752293318510056,0.00880882702767849,-0.101341299712658,-0.0196255743503571,-0.149646162986755,0.0473429150879383
"GFAP",-0.150362715125084,0.136880934238434,0.317185908555984,0.000603685330133885,0.107050202786922,0.166251629590988,-0.162603765726089,-0.1125093922019,-0.00221181940287352,0.00384921883232892,0.0172909758985043,0.0740655139088631,0.00263364659622312,-0.100477054715157,0.0134373856708407
"SFTPA2",0.10587577521801,0.0572647415101528,0.154013693332672,0.0142498286440969,0.0501189678907394,0.073701836168766,0.0482427887618542,0.0158085320144892,0.210407733917236,0.00158906902652234,0.10348679125309,0.0482316762208939,-0.0630804151296616,0.0695381611585617,-0.0107213594019413
"CFB",0.0647253468632698,0.157725796103477,0.0980059653520584,0.00571850407868624,-0.0008563834708184,-0.158193185925484,0.292795181274414,0.0992023125290871,-0.208023652434349,-0.0238813795149326,0.132525265216827,0.0432512015104294,0.0585844665765762,-0.0824503600597382,-0.0417910665273666
"TDRD9",-0.060529001057148,0.0868962928652763,0.0612749829888344,-0.00366124464198947,-0.00428351387381554,0.147859573364258,0.11546128988266,-0.0694376826286316,0.0772772654891014,0.0524861551821232,-0.0814276784658432,-0.118790864944458,0.0211182869970798,-0.0728550925850868,0.0308222845196724
"CHRDL2",-0.151951164007187,-0.127791613340378,0.144315630197525,-0.0039343573153019,-0.000994565896689892,-0.0222757905721664,0.0129283685237169,0.00075500609818846,-0.0442998297512531,-0.0461797639727592,0.102096252143383,0.0259881541132927,0.0221047177910805,-0.0607899986207485,0.057806096971035
"LRAT",-0.0932827889919281,-0.0869986414909363,0.230892360210419,0.105144627392292,0.0115003092214465,-0.118462473154068,-0.0680080875754356,-0.00160096539184451,-0.0125909755006433,0.110139265656471,-0.0819418057799339,-0.134132668375969,0.123961798846722,0.0562486350536346,0.0867343693971634
"WNT6",-0.193557813763618,-0.266240239143372,0.244432345032692,0.000196012013475411,0.0112241981551051,0.0518245063722134,-0.0418849289417267,-0.00850610248744488,-0.0195357073098421,-0.0454361774027348,0.132640212774277,0.21014404296875,0.00973721500486135,-0.10475542396307,0.0828681439161301
"ADCYAP1",-0.0768560990691185,-0.00289237522520125,0.131541326642036,0.00656723463907838,0.0756713226437569,0.00406676065176725,-0.0421593189239502,0.0493808202445507,-0.0361053645610809,-0.0835557281970978,-0.10297517478466,-0.0380903258919716,0.0138220898807049,-0.0226010624319315,0.0973937883973122
"STEAP4",-0.0572516545653343,0.219441756606102,0.0558461174368858,-0.00215621059760451,0.14484840631485,0.127966284751892,0.016847999766469,0.111906014382839,-0.0112416939809918,0.203413218259811,-0.0116989277303219,-0.049168087542057,-0.0230245906859636,0.118665620684624,-0.0701176896691322
"NPW",0.0165007095783949,-0.12190792709589,0.0764191746711731,-0.0937245711684227,-0.00150727177970111,-0.0792680382728577,0.124327339231968,0.0325693264603615,0.0858678743243217,-0.0220793299376965,0.236561238765717,0.225321173667908,-0.0319670364260674,-0.116402864456177,-0.00801429990679026
"ADAMTS18",-0.0954939797520638,0.160519316792488,0.0758892446756363,0.000580975844059139,0.178274884819984,0.0842991098761559,-0.0365677811205387,-0.0905720666050911,0.0104129863902926,0.00921257026493549,-0.144508302211761,-0.126960515975952,-0.0478035919368267,-0.0852508172392845,0.016801293939352
"HBA2",-0.0941791534423828,0.151402488350868,-0.014659340493381,0.00366742326878011,0.291653513908386,0.184427589178085,-0.120957516133785,-0.0700294300913811,-0.00607437454164028,0.0407991372048855,0.100834034383297,0.167155638337135,-0.00175393966492265,-0.0479015372693539,0.000664176361169666
"FAM150B",-0.225056111812592,-0.113093443214893,0.199428096413612,0.0517798736691475,0.065453939139843,0.0434044934809208,-0.180704236030579,-0.0586932525038719,-0.00184452452231199,0.00751263601705432,-0.0805727168917656,0.00584784103557467,0.0299226436764002,-0.0182114522904158,-0.0491875633597374
"TDRD12",-0.0608220063149929,-0.0713275521993637,0.100536018610001,0.000736258691176772,0.0149772660806775,0.0135615756735206,0.0597748570144176,0.0336171202361584,0.0394714027643204,-0.00345848919823766,-0.0220750402659178,-0.0588298328220844,-0.0604838654398918,0.0216276980936527,-0.00808558706194162
"LRRC15",0.109904125332832,0.035592507570982,-0.0876514911651611,-0.00335590890608728,-0.0591182895004749,-0.0621305257081985,0.347059160470963,0.0140041103586555,0.00259415293112397,-0.0490754805505276,0.0574299991130829,-0.392637193202972,-0.0100453589111567,-0.263392299413681,0.000369735935237259
"MUC1",0.14430445432663,0.12491612881422,0.216706082224846,-0.0568526424467564,-0.000330744893290102,-0.201297134160995,0.282315194606781,0.0582510083913803,-0.121999777853489,0.131064683198929,0.123424835503101,0.000611495226621628,0.112808935344219,-0.0500875525176525,-0.0383196361362934
"CYP26A1",0.0161548592150211,0.15498948097229,0.167437374591827,0.00228368304669857,-0.16472963988781,-0.017701119184494,0.114421591162682,-0.133875608444214,0.0168248508125544,0.056959230452776,0.00807154178619385,-0.0938116312026978,0.00798851810395718,-0.181917294859886,-0.00169639254454523
"LOC150622",-0.0347734354436398,-0.145654171705246,0.0707212835550308,0.0669110417366028,-0.0176536105573177,0.0284038428217173,0.324899822473526,-0.170246377587318,0.0997334942221642,0.0853888168931007,-0.0490508414804935,-0.00789543613791466,-0.00265183672308922,0.0544406399130821,0.0673584342002869
"GRAMD2",-0.126844882965088,-0.0431479215621948,0.334999948740005,-0.0237255990505219,-0.000215081148780882,-0.039390817284584,0.307233721017838,-0.167213708162308,-0.0578095577657223,0.139987364411354,0.0128957768902183,-0.0130497002974153,0.0540205501019955,0.0226926114410162,0.0399623550474644
"LYPD6",0.0569350644946098,0.281450152397156,0.208813145756721,-0.0397533029317856,-0.000758006644900888,-0.0713005736470222,-0.17342709004879,0.0124287148937583,0.0118527440354228,-0.07472825050354,-0.155213609337807,-0.0563139095902443,0.0365490391850471,0.0239846240729094,0.000973189773503691
"HMGCLL1",-0.0794885456562042,0.118304140865803,0.141075938940048,-0.0244863331317902,-0.000664136430714279,0.0367348492145538,-0.299616545438766,-0.0476943142712116,0.00378359877504408,-0.19383205473423,-0.0773041844367981,0.0362162888050079,-0.0425004176795483,0.072188027203083,0.107228301465511
"KCNK1",0.0452000238001347,-0.150952562689781,0.128299087285995,0.112607412040234,-0.092228852212429,0.0189610943198204,0.149852350354195,-0.0955954417586327,0.10764092952013,-0.0526822693645954,0.011321690864861,-0.154162988066673,-0.101408526301384,0.00878881756216288,0.146153047680855
"PLEKHG4B",-0.0974873006343842,-0.147736147046089,0.271288156509399,0.0374857634305954,-0.0590839684009552,-0.199025526642799,0.0126970866695046,0.0204442925751209,0.00973436236381531,0.0345869101583958,-0.033300805836916,0.00936332810670137,0.0281072966754436,-0.0803326293826103,0.0665566846728325
"LIPE",-0.092413954436779,0.214749649167061,-0.0285348761826754,0.0341063737869263,0.478750616312027,0.139823779463768,-0.0535667985677719,-0.0711707919836044,-0.0111017348244786,0.0279572270810604,0.0327920615673065,0.0781364515423775,0.000747055048123002,0.0170937944203615,-0.0284715443849564
"KCNE4",0.0934599563479424,0.266920626163483,-0.0603407695889473,0.00419494137167931,0.000603193650022149,-0.113872192800045,0.0498523637652397,0.0969364866614342,-0.0934564247727394,0.0399700663983822,0.0181589182466269,-0.00773869268596172,0.00196416885592043,-0.0549635142087936,0.103631488978863
"MME",-0.180136978626251,0.101653650403023,0.103711344301701,0.0112401247024536,0.121039621531963,0.219649270176888,0.0594832189381123,-0.153285875916481,0.0534864440560341,0.0989675298333168,-0.00354270846582949,-0.284001648426056,-0.0354546904563904,-0.0137461461126804,0.0147450799122453
"GREB1L",0.0864735320210457,0.226618513464928,0.00616919435560703,-0.00653347419574857,0.00446495041251183,-0.138482630252838,0.00150776188820601,-0.0157108828425407,-0.0491890832781792,-0.0134776188060641,-0.106436789035797,-0.278573989868164,0.0075390194542706,-0.0294393487274647,-0.0508585907518864
"KRT86",-0.0737436041235924,-0.24043607711792,0.282733887434006,0.00872171111404896,-0.121067836880684,-0.0246734861284494,0.138536646962166,0.0199993494898081,0.054193526506424,-0.0447408556938171,0.17461308836937,0.0734465941786766,-0.000748274847865105,-0.18278956413269,-5.52506680833176e-05
"GSDMC",-0.0813082307577133,-0.296390026807785,0.100965447723866,0.00569705292582512,-0.0786132290959358,-0.00988470483571291,0.26698437333107,-0.0228994395583868,-0.0522749945521355,0.0295177921652794,0.148554489016533,-0.0778713598847389,0.0208966732025146,0.102062612771988,0.0665933862328529
"BMP7",-0.055629126727581,-0.091945692896843,0.128367841243744,0.0182999260723591,-0.0119534302502871,0.124878033995628,0.0819957181811333,-0.134533122181892,0.171513497829437,-0.0169393718242645,0.0830507650971413,-0.0860026329755783,-0.0107889482751489,-0.141684904694557,0.0617644228041172
"LAMC2",-0.16117025911808,-0.00844818353652954,0.31320595741272,0.00355728343129158,-0.007566312327981,-0.107457220554352,-0.106717064976692,0.0647303685545921,-0.103190250694752,0.0752383917570114,0.132970213890076,-0.289441794157028,0.0132679278030992,0.0440342575311661,0.055073756724596
"DUSP9",-0.095996581017971,-0.320716977119446,0.174017190933228,0.00510427867993712,-0.00120378669817001,-0.0130331814289093,0.0165845863521099,-0.00826575141400099,0.129772216081619,0.0395574197173119,0.0991126149892807,0.078727550804615,-0.0321778766810894,-0.0185339711606503,0.0811708122491837
"SPRR3",0.0274464450776577,-0.0736990943551064,0.119795270264149,0.0495983436703682,0.00254743150435388,0.0875453650951385,0.0754799097776413,0.0348848141729832,0.0939353704452515,0.0370014943182468,0.269875586032867,-0.0972750410437584,-0.00321496394462883,0.134290143847466,-0.0464381650090218
"TMEM100",-0.177630618214607,0.0515002347528934,0.0829382538795471,0.00187752360943705,0.316245287656784,0.144309595227242,-0.120710536837578,-0.105993837118149,0.0249791070818901,0.00211477908305824,-0.0741755589842796,-0.0877143070101738,-0.00314046558924019,-0.117741838097572,-0.0420116372406483
"SDPR",-0.13798201084137,0.249565735459328,0.13455593585968,0.00238844263367355,0.284345000982285,0.231962621212006,-0.0836775377392769,-0.0831534415483475,-0.0182295069098473,0.0396458022296429,-0.113923020660877,-0.0406744629144669,-0.00414903508499265,-0.0513318777084351,-0.000363911385647953
"CES3",-0.0190900061279535,-0.0161874014884233,0.106988504528999,-0.00469632307067513,0.00174454983789474,0.0212293770164251,0.121667958796024,0.0341952368617058,0.00308837834745646,0.261534124612808,0.0108711672946811,0.160415142774582,-0.0394683107733727,0.061520803719759,-0.072010226547718
"KIAA0125",-0.1109913662076,-0.0711050033569336,0.205847531557083,0.00504176365211606,0.0841511338949203,0.189343556761742,0.324136942625046,0.262822061777115,-0.0172343365848064,-0.288914203643799,-0.152545392513275,0.119240507483482,0.0068603060208261,-0.0592121183872223,-0.00369815155863762
"LACRT",-0.0430865027010441,0.0922526121139526,0.0817342028021812,0.0247878096997738,-0.0034922685008496,-0.0612602010369301,0.0383472181856632,0.00468701031059027,-0.0829932689666748,0.181600734591484,-0.0401498265564442,0.0777597054839134,-0.0473094210028648,0.0537584125995636,0.0201966594904661
"NXNL2",0.0979664325714111,0.327351063489914,0.184565186500549,0.000894493539817631,0.00252447417005897,-0.106684900820255,-0.0391331687569618,-0.0330157913267612,-0.078729085624218,-0.121109485626221,0.0575049370527267,0.0249636694788933,0.0843372792005539,-0.11952268332243,0.0389433540403843
"ACSM1",0.0731015428900719,0.212365061044693,0.205173149704933,-0.0038621393032372,-0.0283506214618683,0.0102344108745456,0.125193759799004,-0.0893703550100327,-0.0315636806190014,0.123411320149899,0.0492753982543945,0.169215068221092,0.1028216406703,0.0557033382356167,0.00780097534880042
"C4A",0.0887380987405777,0.297012776136398,0.113971658051014,0.0313353426754475,-0.0160734504461288,-0.0776722878217697,0.292717099189758,0.0438659004867077,-0.0791621953248978,0.0569772273302078,0.00663045654073358,8.40106949908659e-05,0.0659122616052628,-0.0671644732356071,0.0158781781792641
"B3GAT1",-0.159733504056931,-0.139916107058525,0.193631261587143,0.0839881971478462,0.00241441815160215,0.0905468314886093,0.0980336964130402,-0.00369968009181321,0.103328831493855,0.128429263830185,-0.117197923362255,0.139158457517624,0.0855004638433456,-0.00285102403722703,0.0534668639302254
"PRSS16",-0.107821948826313,-0.0554425492882729,0.209331512451172,0.15595056116581,0.000382603000616655,-0.178164109587669,-0.0316717401146889,0.0227940138429403,-0.0848522111773491,0.0696275755763054,0.00478889001533389,-0.0600950419902802,0.046321727335453,0.00192754261661321,-0.0550689771771431
"CORO6",0.0196741726249456,0.191348373889923,-0.0536612346768379,-0.00084489188157022,0.0194517858326435,0.0122297368943691,0.0264949463307858,-0.0940360873937607,0.00791540928184986,-0.0573500469326973,0.184554606676102,0.0453590899705887,0.00519962888211012,-0.156428754329681,0.148996531963348
"PGC",0.0415144376456738,0.0521034486591816,0.0948994606733322,-0.00627474812790751,-0.00189556763507426,0.0738929510116577,0.194902524352074,-0.0452260710299015,-0.00890036299824715,0.0510755889117718,0.0164216682314873,0.125352159142494,0.0952787399291992,0.141987234354019,0.0174429658800364
"KRT31",0.0816141217947006,0.0725727677345276,0.0383861362934113,-0.0384821742773056,-0.00187770882621408,-0.0376548394560814,-0.151014387607574,0.0285348203033209,0.122193336486816,-0.157433494925499,0.236888155341148,0.0782765969634056,-0.000411790737416595,-0.0132222231477499,-0.00155155477114022
"FABP6",0.0637504234910011,-0.129979342222214,0.00270517379976809,-0.0539062172174454,-0.00139492680318654,0.0951773300766945,0.202363073825836,0.0584719926118851,0.107318356633186,0.0825539752840996,0.152441874146461,0.0402630344033241,-0.0849006921052933,0.0757548213005066,-0.002896310063079
"CCL13",-0.198599711060524,-0.12097430229187,-0.0333334356546402,0.0122948782518506,0.155727371573448,0.261828869581223,0.178440064191818,0.0863104090094566,0.00312789040617645,-0.119962796568871,0.0217473655939102,-0.0309997107833624,-0.0569320544600487,-0.00123621022794396,0.00276619684882462
"HMP19",0.111862637102604,0.107297301292419,-0.00719074625521898,-0.00743975024670362,-0.0168113950639963,-0.0279476456344128,-0.115168258547783,0.19294773042202,0.147827640175819,0.0944998860359192,-0.0427035465836525,0.0698660239577293,-0.0885027721524239,-0.0567205995321274,0.12345676869154
"AZGP1",0.0604919940233231,0.236940965056419,0.207908481359482,-0.00187926238868386,0.0119326049461961,-0.0997130498290062,0.103244334459305,-0.0500673316419125,-0.0622347109019756,0.126509875059128,0.0696990191936493,0.217683970928192,0.061818640679121,0.0709019228816032,-0.0482839271426201
"LOC153328",0.06661706417799,0.163783937692642,0.0146628646180034,0.0209206808358431,2.74276408163132e-05,-0.0350981876254082,-0.00401446688920259,-0.0189896449446678,-0.00919101014733315,-0.0826005414128304,0.0342185944318771,0.054765846580267,0.00484149949625134,-0.0348499603569508,0.110495947301388
"NRG1",-0.151392132043839,0.0898562371730804,0.250357866287231,0.0376881547272205,-0.0846405923366547,0.0870943516492844,0.0540280640125275,-0.132904306054115,-0.0013137519126758,0.100998297333717,-0.0350419133901596,-0.287486225366592,0.00971075147390366,-0.0492233745753765,0.0534131117165089
"BLK",-0.085307203233242,-0.0374679118394852,0.191851943731308,0.0365189798176289,0.108884617686272,0.164476647973061,0.32244023680687,0.315021485090256,-0.0561121106147766,-0.325630068778992,-0.154300436377525,0.170092910528183,0.0303148739039898,-0.117637954652309,0.0212642680853605
"SCN2B",-0.111665017902851,0.27928501367569,0.242373257875443,0.0373650006949902,0.0417046323418617,0.16099314391613,-0.0262468010187149,-0.180173814296722,0.00222195591777563,0.0747913420200348,-0.0304579585790634,-0.15637432038784,-0.000598376907873899,-0.17083203792572,0.0340493395924568
"SNORD116-4",-0.0340901464223862,0.178784310817719,0.00377004337497056,0.0123672010377049,-0.000280098407529294,0.0350730158388615,-0.0744344964623451,0.00544335832819343,0.012189595028758,0.0574426986277103,-0.291740983724594,-0.211317330598831,-0.00548419775441289,0.0678509846329689,-0.00539323082193732
"AQP3",-0.067587748169899,0.0492085292935371,0.147760942578316,-0.00500430725514889,0.000838600157294422,-0.0904895663261414,0.190159559249878,0.1172279343009,-0.075790598988533,0.200591221451759,0.0872733071446419,0.116172783076763,-0.0118876192718744,0.0749644041061401,-0.180078878998756
"ABCA10",-0.161474123597145,0.193873301148415,0.155916422605515,0.0291092768311501,0.239563494920731,0.175424590706825,-0.101022504270077,-0.0833522602915764,-0.0215008277446032,0.00337447156198323,-0.143070310354233,0.00212360732257366,0.00984548963606358,-0.0781197622418404,0.0677006617188454
"SNCG",-0.0645959004759789,0.147792011499405,0.0819245800375938,0.00845869723707438,0.150594219565392,0.168074816465378,0.0689000114798546,-0.157818391919136,0.0139015084132552,-0.0206539649516344,0.210867643356323,0.26036536693573,-0.0730470716953278,-0.071379192173481,0.138627097010612
"CHODL",-0.235153883695602,-0.273762315511703,0.0837432295084,0.0439575426280499,0.0141345355659723,-0.013944935053587,-0.104462094604969,-0.0547539740800858,-0.00473563885316253,-0.117726922035217,0.069072537124157,0.00569495698437095,7.52900814404711e-05,0.0403291136026382,0.00694202538579702
"CILP",0.0237092338502407,0.187984883785248,0.00846019573509693,0.000319187645800412,0.190926417708397,0.102072797715664,0.252944946289062,-0.0431499406695366,0.0441699773073196,-0.0741464048624039,-0.0598582178354263,-0.246495679020882,-0.00881690811365843,-0.248900040984154,0.00933250691741705
"PCDHA13",0.00482595339417458,0.0716650933027267,-0.0054718591272831,0.020656717941165,0.0519352965056896,0.0473150350153446,-0.0816281661391258,0.0500662997364998,0.0821973010897636,0.0556840114295483,-0.118373394012451,-0.0421155951917171,-0.0108312787488103,0.0241648480296135,0.0483199395239353
"ZG16B",0.197017431259155,0.253850609064102,0.226255372166634,-0.0628859102725983,-0.00862077530473471,-0.0935807228088379,0.164481684565544,0.0722309947013855,-0.0369163565337658,0.0812618806958199,0.0318900421261787,0.149275317788124,0.0156475026160479,-0.00153134658467025,-0.0563960447907448
"PCDHGB5",-0.0695065557956696,0.131320014595985,0.0640652477741241,-0.000790230464190245,0.00144506723154336,0.0501405075192451,-0.00394690036773682,0.0526180900633335,0.0579866319894791,0.133679673075676,-0.135932996869087,-0.284635573625565,-0.0336858741939068,0.0449052229523659,0.00724956253543496
"TNXB",-0.137504860758781,0.213666245341301,0.0940799936652184,0.0485114566981792,0.327846884727478,0.21371491253376,-0.0207083001732826,-0.0784544497728348,-0.00881301146000624,0.0239634681493044,-0.0343145914375782,0.0512705780565739,-0.0078008221462369,-0.111228577792645,-0.000458234106190503
"NGFR",-0.126634269952774,0.132984504103661,0.365495532751083,0.0201811641454697,0.149252280592918,0.14740726351738,-0.0128219136968255,-0.0129097420722246,0.0154483206570148,-0.0331536829471588,-0.0406916700303555,0.00362276332452893,0.00132984202355146,-0.17828431725502,0.0455493405461311
"LYVE1",-0.217409357428551,0.136715188622475,-0.0509021244943142,0.0194523725658655,0.24834032356739,0.242725670337677,-0.0488031208515167,-0.117847010493279,-0.00219173263758421,0.0883260443806648,-0.0468450747430325,-0.0840332880616188,-0.0472176000475883,0.0289289709180593,0.00222614570520818
"SDK2",-0.0961949527263641,-0.0194304194301367,0.307840913534164,-0.00240550749003887,-0.0052248677238822,0.0576223842799664,-0.130339354276657,0.00896031782031059,0.173953488469124,-0.0542072393000126,-0.0261696558445692,-0.0954743027687073,-0.0237431097775698,-0.0813117697834969,0.074678510427475
"KREMEN2",0.0977092608809471,-0.190600007772446,0.0722407400608063,-0.0393426939845085,-0.0379506722092628,-0.0795688778162003,0.245247691869736,0.0425494983792305,0.0656509324908257,-0.00552365509793162,0.153235882520676,0.178781166672707,0.000884136534295976,-0.00179239420685917,0.0716664865612984
"IRX6",-0.165488198399544,-0.115541450679302,0.00298024690710008,0.00433026999235153,0.243740350008011,0.14373554289341,0.0199119076132774,-0.148591607809067,-0.00322904391214252,0.0715350434184074,0.149865955114365,-0.00779899163171649,0.0302353054285049,0.00404674513265491,0.0905396714806557
"KIT",-0.198838800191879,0.00120711175259203,0.335862040519714,0.0141673283651471,0.0689426213502884,0.0258712880313396,-0.0875324979424477,-0.156851500272751,-0.00442692544311285,-0.0705249235033989,-0.212238952517509,-0.164261877536774,-0.0303823724389076,0.00817932561039925,-0.0606232807040215
"HOXB5",0.0359534844756126,0.147172182798386,-0.0218593440949917,-0.0539418235421181,0.0806256309151649,-0.0505612716078758,0.185759946703911,0.0428361482918262,-0.0252607613801956,0.184824883937836,0.0193245410919189,0.00848017260432243,-0.0110618434846401,-0.131668508052826,0.00588782643899322
"LGALS7",-0.0819163769483566,-0.00018328963778913,0.372899264097214,-0.00533997267484665,-0.000475120556075126,0.0294727925211191,-0.0598879531025887,-0.0118794292211533,0.00230001774616539,-0.020220847800374,0.353865057229996,0.0546553172171116,-0.0940994769334793,-0.0876635238528252,0.0382117964327335
"TBX1",0.0721916183829308,-0.0517062768340111,0.0729063302278519,0.0039739552885294,0.00552329979836941,0.138721033930779,-0.0749714002013206,-0.0877490639686584,0.183601573109627,-0.15574923157692,0.0497727133333683,0.137578889727592,-0.0109105780720711,-0.180882632732391,0.00474594160914421
"LOC152225",0.0447776205837727,0.0823841169476509,-0.011009425856173,-0.000911772134713829,-0.0104387225583196,-0.0551075004041195,0.179960399866104,0.130665928125381,-0.0806408375501633,0.270786255598068,0.0339459106326103,-0.12638184428215,0.0447262413799763,-0.0309095568954945,-0.113215759396553
"COL22A1",-0.0430042818188667,-0.240174993872643,-0.00605584960430861,0.0164133831858635,-0.0656592324376106,-0.150482162833214,0.0751229971647263,0.157692342996597,0.00772005412727594,-0.0298091173171997,0.119294390082359,-0.13078336417675,0.00457392306998372,-0.154463589191437,0.00330235832370818
"TNN",-0.0512739941477776,0.221018016338348,0.218593657016754,0.00193881744053215,0.0861929804086685,0.122702807188034,0.0888404473662376,-0.0532971024513245,0.0138537781313062,-0.060924481600523,-0.0555392950773239,-0.201188668608665,-0.00318669970147312,-0.227204218506813,0.0643027424812317
"KY",-0.181708157062531,0.0740645155310631,0.309128701686859,0.00441278330981731,0.0366821810603142,0.0783489793539047,-0.117013707756996,-0.0614039041101933,0.021873515099287,0.153825491666794,-0.0295789949595928,0.0308202784508467,-0.046931404620409,0.0377511046826839,0.0616787932813168
"NRG2",-0.226711437106133,-0.0656879767775536,0.218646749854088,0.0338500589132309,0.0925788432359695,0.152412727475166,-0.0811817497014999,-0.0696681514382362,-0.00234780227765441,0.0272675268352032,-0.0072017046622932,0.0688843354582787,0.0515166558325291,-0.00302290101535618,0.0493875108659267
"LEFTY2",-0.131020992994308,-0.0365141332149506,0.142893344163895,-0.00300767016597092,0.24055440723896,0.0215864535421133,-0.100147143006325,-0.104470245540142,-0.0510589927434921,-0.0178511328995228,-0.028393778949976,-0.0117003992199898,0.0287516303360462,-0.243082478642464,-0.000377082760678604
"GNG13",0.172247976064682,0.043219268321991,-0.0188079047948122,-0.0906660482287407,-0.00040342821739614,-0.000485843775095418,-0.000423196033807471,0.0411368422210217,0.162946432828903,-0.0789760053157806,0.109832100570202,0.185198694467545,-0.00279236934147775,-0.0686755403876305,-0.00526889879256487
"HS6ST2",-0.0575496591627598,-0.0606738701462746,0.154318690299988,0.0334964469075203,-0.0931397154927254,0.0162777435034513,0.0275787599384785,-0.0711309984326363,0.0426143296062946,0.126362770795822,-0.0974131673574448,-0.132191404700279,0.00274442974478006,0.00244668056257069,-0.00582234002649784
"DNASE1L3",-0.171698361635208,0.137621715664864,0.125152349472046,0.0477683991193771,0.241166725754738,0.252246916294098,0.056358952075243,0.047835323959589,-0.0524208210408688,-0.0780649855732918,-0.0824596956372261,0.0835944414138794,0.0141684785485268,-0.0868868306279182,-0.000541691086255014
"SCN2A",-0.15244522690773,0.0617302730679512,0.281276702880859,-0.0073975995182991,-0.0323121659457684,0.0981955453753471,-0.0156636424362659,-0.127642333507538,-0.00124373217113316,0.0876602828502655,-0.0602097809314728,-0.1925188601017,-0.0195630025118589,-0.00803814455866814,0.0120018608868122
"FAM107A",-0.216772630810738,-0.00710424268618226,0.134136468172073,0.00273419031873345,0.230205699801445,0.141991928219795,-0.0921012386679649,-0.0759878009557724,-0.0717827826738358,-0.00998969376087189,-0.0162220820784569,0.00824030674993992,0.00749959470704198,-0.079569585621357,-0.0490595065057278
"HSPB7",-0.133601129055023,0.171510174870491,-0.106269471347332,0.00308209354989231,0.348766177892685,0.17977386713028,-0.0470162071287632,-0.175622254610062,-0.000841727305669338,0.103908993303776,0.121731922030449,-0.0477090105414391,-0.0391588173806667,-0.0765485092997551,0.0117249405011535
"ECEL1",-0.11157563328743,-0.203998252749443,0.123333878815174,0.044768963009119,-0.00326747423969209,0.0824921801686287,0.0854831635951996,0.122234769165516,0.0819678232073784,-0.0373154170811176,-0.0186110362410545,0.109246991574764,-0.00837367679923773,-0.0934305787086487,0.00714322878047824
"FGFR3",0.173248529434204,0.0989102274179459,0.124514102935791,-0.0724566131830215,0.0310307517647743,-0.0168785881251097,-0.127090826630592,0.0485979467630386,0.109904035925865,-0.156480252742767,0.127507954835892,0.0600557960569859,0.00567910168319941,-0.143185958266258,-0.0615363754332066
"RNF212",-0.102676965296268,0.0879512950778008,0.0376384742558002,0.000843063637148589,0.000369305402273312,0.0410304144024849,-0.00852009560912848,-0.0410051196813583,-0.0159244164824486,0.0222736950963736,0.0030023087747395,-0.0997650325298309,0.00348881515674293,-0.143569573760033,0.0874712541699409
"BARX2",-0.0538983680307865,-0.0535092279314995,0.346649378538132,0.000405207421863452,-0.00113065610639751,-0.176424473524094,-0.101358979940414,0.0352380387485027,0.0078948512673378,-0.0705604255199432,0.00417745998129249,0.108978413045406,-0.0109877362847328,0.131862625479698,0.0078550148755312
"C6orf141",0.0504917055368423,0.0324035659432411,0.085353784263134,-0.0794024989008904,0.00707879150286317,-0.0180702600628138,-0.204206734895706,0.0628597363829613,0.0995207875967026,-0.172256261110306,-0.0207000635564327,0.0959706529974937,-0.00350480154156685,0.0770147368311882,0.0152555387467146
"LRRN1",-0.0765382722020149,0.0723487585783005,0.215566009283066,0.025974202901125,-0.0807955861091614,-0.0825783833861351,-0.0337818153202534,-0.0660202354192734,-0.0250455494970083,-0.0318891331553459,-0.133741229772568,-0.202191695570946,0.0377085357904434,-0.132050454616547,-0.00364080956205726
