"","Factor1","Factor2","Factor3","Factor4","Factor5","Factor6","Factor7","Factor8","Factor9","Factor10","Factor11","Factor12","Factor13","Factor14","Factor15"
"rs5987737",0.00178600382059813,0.0551820024847984,-0.00418696226552129,0.0162654370069504,0.000753341533709317,-0.053045429289341,0.0369016118347645,0.00501041021198034,0.000424099358497187,0.0403518043458462,-0.0948779359459877,-0.107201479375362,-0.00986290164291859,0.0125520182773471,-0.0325482077896595
"rs133860",0.034456554800272,0.085904560983181,0.00413908064365387,-0.0175083857029676,0.0238180160522461,-0.061357606202364,-0.015630817040801,-0.0201274901628494,0.00309842056594789,0.0872606411576271,-0.0978833064436913,-0.111398302018642,-0.0656244158744812,0.030056269839406,-0.0586761794984341
"rs798149",0.00713374465703964,-0.040541086345911,0.0026779945474118,0.00836885720491409,-0.0114732692018151,0.018798440694809,0.0334559939801693,0.033188458532095,0.0448339432477951,-0.0028776372782886,0.00688291015103459,0.0325439423322678,-0.0080923568457365,0.0215134639292955,0.00779149914160371
"rs213028",0.0232721026986837,-0.13591094315052,0.00821011140942574,-0.0172989219427109,-0.00654507242143154,0.0105555821210146,0.0157128013670444,0.0429397635161877,-0.00621900148689747,-0.00679778819903731,0.0712003856897354,0.112507224082947,0.0319383963942528,-0.04654436185956,-0.0013854707358405
"rs1416770",0.0199115239083767,-0.0151167288422585,0.00634517800062895,-0.00674299523234367,-0.000450800056569278,0.0366770066320896,0.00168061931617558,0.0190263465046883,-0.0106242997571826,0.0135680949315429,0.0203803516924381,0.00140558497514576,0.0119989914819598,-0.00788250379264355,0.0384521484375
"rs10846239",-0.00840095058083534,-0.155540108680725,-0.00403089541941881,-0.00291537493467331,-0.0173224341124296,0.0194910559803247,-0.0159559603780508,0.0490881651639938,-0.0204500872641802,-0.0677574127912521,0.0844743326306343,0.150942072272301,0.00402777455747128,-0.0423758327960968,0.0214751288294792
"rs472920",-0.0160332545638084,0.0815974622964859,0.00410840008407831,-0.00771571416407824,0.00161009619478136,-0.0116448104381561,0.0114815747365355,0.0403345003724098,0.00914196763187647,0.0178707260638475,-0.00342325470410287,-0.0132124405354261,0.00625222595408559,0.0521780252456665,-0.0169884525239468
"cg16620382",0.471825063228607,-0.17958165705204,1.9159651856171e-05,0.109015643596649,0.00546589028090239,0.111642025411129,0.0133875831961632,-0.000582879700232297,-0.187659025192261,0.0449072048068047,-0.0078930426388979,-0.0036533810198307,0.100086554884911,0.0472740158438683,-0.0110561177134514
"rs1510189",-0.00357700861059129,0.000346647022524849,0.00584560306742787,-0.0341707319021225,-0.0127763273194432,-0.0185386054217815,0.00780166080221534,-0.00961015466600657,-0.0246488489210606,-0.0257843416184187,0.0186907406896353,-0.000638274301309139,-0.0294620487838984,-0.00514803826808929,0.0128941079601645
"cg11738485",0.115782536566257,0.0911889597773552,-0.0353551656007767,0.00632402068004012,0.00978186447173357,-0.0474408119916916,0.0515465773642063,-0.089726448059082,-0.0260524544864893,0.000769436941482127,0.00924278981983662,-0.0483084209263325,0.105882972478867,-0.0202067345380783,0.00940836779773235
"cg27363327",0.468576908111572,-0.181082159280777,-0.000180745584657416,0.113638296723366,0.0103153018280864,0.171567752957344,0.0313573814928532,-0.00309398886747658,-0.171939969062805,0.0814550668001175,0.00120115582831204,-0.00875274091959,0.0901418700814247,0.0378769710659981,-0.00444266572594643
"rs3936238",0.00413978612050414,-0.111733824014664,-0.000440419127698988,-0.0230170544236898,-0.00699027488008142,-0.00204850640147924,-0.0038399004843086,0.0258410107344389,0.000112838140921667,-0.0307852756232023,0.0532645583152771,0.0412706695497036,0.0333457812666893,0.0120650185272098,0.0356375612318516
"rs2857639",-0.0172845646739006,0.0654920414090157,-0.0044879992492497,-0.0520220994949341,0.00495823845267296,0.0169863142073154,0.000689271895680577,0.00712740747258067,0.0152227059006691,-0.0154640497639775,-0.0133241713047028,-0.0903885364532471,-0.0485844910144806,0.0276034139096737,0.026216009631753
"rs1484127",-0.0110563011839986,0.0777368992567062,-0.0117837684229016,0.0435463152825832,0.0276814326643944,-0.000578312785364687,0.0171804782003164,-0.0542010478675365,-0.00409854063764215,0.0216379631310701,-0.0578503273427486,-0.0948484167456627,0.055466003715992,0.0152308698743582,-0.0144260181114078
"rs2385226",-0.00798404775559902,0.0895825326442719,-0.0100896013900638,-0.00504266005009413,-0.00588436238467693,0.0109050180763006,0.0661929100751877,0.00104399444535375,0.00366560299880803,0.00644177757203579,-0.0328070521354675,-0.00421627564355731,-0.0047763530164957,0.0147821204736829,0.0189922507852316
"cg01682111",0.156807422637939,0.453350394964218,-0.00607820181176066,0.0832151994109154,0.0220471285283566,-0.164077058434486,0.0213249139487743,-0.0435111746191978,-0.194782227277756,-0.11931162327528,0.0704352706670761,-0.0103278085589409,0.406407594680786,-0.0354899689555168,-0.00906451232731342
"rs1495031",0.00705396663397551,-0.0564656816422939,0.010286221280694,-0.0772742182016373,-0.0158582627773285,-0.00970755331218243,-0.0140847656875849,-0.0120842959731817,-0.0401414930820465,-0.0438044145703316,-0.00746455835178494,0.0161678083240986,0.0259810909628868,0.00973235350102186,-0.0174360200762749
"rs5931272",-0.00638952339068055,0.0511668734252453,-0.0393577963113785,-0.0215425901114941,0.00115397688932717,-0.0195817109197378,0.066074825823307,0.00280924886465073,-0.0282848365604877,0.00390922371298075,0.00263361167162657,-0.0247656796127558,0.0325161665678024,0.00812821835279465,-0.0449330136179924
"rs6991394",-0.00492500141263008,-0.162039488554001,0.00433417689055204,-0.0366493090987206,-0.00452813506126404,0.015692338347435,-0.00891695823520422,0.0228487830609083,-0.0385666638612747,-0.058539267629385,0.082532100379467,0.127976149320602,0.00622854707762599,-0.0132564706727862,0.00693670706823468
"rs877309",-0.0226609520614147,0.0621320307254791,-0.0400689244270325,-0.00201864168047905,0.00934360548853874,-0.0596123561263084,-0.0502885840833187,-0.0129906078800559,-0.0363220013678074,-0.00127329281531274,-0.000572292658034712,-0.0307473037391901,-0.0252121444791555,0.0022093488369137,0.00146003207191825
"rs3818562",0.0213374868035316,-0.0668981298804283,0.00542296329513192,-0.014228705316782,0.00831328053027391,0.0293407943099737,-0.00490008434280753,-0.00990526471287012,-0.0247415583580732,-0.0745488479733467,0.0589968524873257,0.0350266993045807,0.0727993994951248,0.0136765250936151,0.00220387172885239
"rs6626309",0.0508018247783184,-0.0743347257375717,0.0013379828305915,-0.000135850714286789,-0.0011958620743826,0.015729732811451,-0.00368893938139081,0.001244823099114,0.037592351436615,0.057522926479578,0.00836722832173109,-0.00434319674968719,0.0175774563103914,-0.011296670883894,0.0160047207027674
"rs6546473",0.0439729727804661,-0.144264295697212,0.0119202360510826,-0.0246846657246351,-0.017192866653204,0.0726946443319321,0.0372257493436337,0.0908515751361847,0.0477921850979328,-0.0306961517781019,0.0796546339988708,0.139618426561356,-0.00888246949762106,0.0216091684997082,0.00234717573039234
"cg27260772",0.112811669707298,-0.449265092611313,0.00411349907517433,-0.0847420245409012,-0.0115031590685248,-0.00119409977924079,-0.332042783498764,0.261452674865723,0.0086952019482851,0.031170891597867,0.0445022620260715,-0.00214434508234262,-0.0437354221940041,-0.0243380218744278,-0.208618894219398
"rs939290",-0.0128776729106903,-0.0532941892743111,-0.0109114479273558,0.00378122250549495,-0.00359043083153665,-0.00252100126817822,-0.00681409053504467,0.0792036429047585,-0.00172696984373033,-0.0412600561976433,0.0310805626213551,0.0254849437624216,0.00617081485688686,-0.011338978074491,0.0165388509631157
"rs2804694",-0.0365042164921761,0.0229726433753967,-0.00353830098174512,0.0106382658705115,-0.016980953514576,-0.0459704510867596,0.0391340330243111,-0.0461538322269917,0.0637248679995537,-0.029468996450305,-0.064307302236557,-0.0142927970737219,0.0239451434463263,0.0012843175791204,-0.00146623188629746
"rs10774834",-0.0201302263885736,-0.0683570802211761,-0.0101501755416393,-0.00165605673100799,0.00397447869181633,-0.0259092953056097,-0.00151901436038315,-0.0415633656084538,0.0239789467304945,0.0504600964486599,0.0215500444173813,0.0136620784178376,0.00157836335711181,0.0439709350466728,0.0870903357863426
"rs1941955",0.010587434284389,0.0381183549761772,-0.00312924105674028,0.0243219267576933,0.00207964982837439,-0.0406177826225758,0.0199650358408689,0.0118104796856642,0.0551060363650322,-0.0436472184956074,-0.0613626502454281,-0.0694248676300049,-0.0149682490155101,-0.0140148643404245,-0.00661130156368017
"rs9292570",-0.00998774077743292,0.0518135987222195,-0.00185515952762216,-0.00244562234729528,-0.00448194984346628,0.00753129972144961,-0.0568953640758991,-0.0158691555261612,-0.0781082883477211,-0.0260590258985758,-0.00329962931573391,-0.030634755268693,-0.00922748260200024,-0.0102029284462333,0.0118053331971169
"cg17463633",-0.368920624256134,-0.228769987821579,0.00340100168250501,0.423960894346237,0.00136347103398293,0.0507572814822197,-0.120378658175468,-0.0451610833406448,0.128099709749222,-0.0309841651469469,0.00561858853325248,-0.0312177818268538,0.0397744961082935,0.00381371262483299,0.0804493725299835
"cg01893212",0.489728540182114,0.107635825872421,0.00200283527374268,0.0626898258924484,-0.00384651799686253,0.0726241692900658,0.07900270819664,-0.0677944645285606,-0.278235286474228,0.0338592566549778,0.00538479629904032,-0.0528119057416916,-0.0862555578351021,-0.0209903884679079,-0.0802791640162468
"rs7746156",-0.0126925902441144,0.0627083480358124,-0.0017553815850988,0.0328186601400375,0.00453121541067958,0.0411075577139854,0.0720541998744011,-0.0450829565525055,-0.0040173982270062,0.0260928925126791,-0.0292869191616774,0.00224739708937705,-0.0241637229919434,-0.0106578283011913,0.0383440442383289
"rs6426327",0.0294723566621542,-0.124698236584663,0.00579619826748967,-0.00191575952339917,-0.0249625835567713,0.0921838730573654,0.00132545630913228,0.070152148604393,0.0369796492159367,-0.023369736969471,0.0915513560175896,0.113734766840935,-0.00744719337671995,-0.0292162224650383,0.00959226675331593
"rs6982811",-0.026508167386055,-0.0549463219940662,-0.00992012396454811,-0.00171771971508861,-0.00887252483516932,-0.00357956858351827,-0.0261007994413376,-0.0248327851295471,0.0294674206525087,-0.0875039473176003,0.108073234558105,0.0448470897972584,0.0190513413399458,-0.0319801084697247,0.0105100562795997
"rs10457834",0.00227186176925898,0.093177817761898,-0.000973538670223206,-0.0058697029016912,-0.00260315579362214,-0.0358564220368862,0.085246354341507,0.0257753245532513,-0.0285266898572445,0.0291037019342184,-0.0285546500235796,-0.0198097042739391,-0.101222716271877,0.00539046106860042,-0.0192106664180756
"rs1510480",0.0293974615633488,-0.0506970174610615,-0.00581459421664476,0.00657498789951205,-0.0326516628265381,0.0474986657500267,0.0379502139985561,0.00603510579094291,-0.0901700258255005,-0.0938527882099152,0.0353035517036915,0.00937364250421524,0.0156060084700584,0.00431198300793767,0.019381657242775
"rs1019916",-0.0302331633865833,0.0501480214297771,0.0242200829088688,0.00608611619099975,-0.0337173826992512,-0.0334174931049347,-0.0492226481437683,-0.0230076126754284,-0.000791626400314271,-0.0115670002996922,-0.00148376042488962,0.0067779216915369,-0.00812169536948204,-0.00284749176353216,-0.0115595394745469
"rs11249206",0.0311728660017252,-0.00205166940577328,-0.0132980644702911,-0.0746278688311577,0.00249997735954821,-0.00449069170281291,0.000500607769936323,-0.00040442228782922,0.0429440960288048,-0.0784124881029129,0.0288541726768017,0.00763049768283963,-0.037405077368021,-0.0491263829171658,0.0183819923549891
"rs7660805",-0.0183831974864006,0.0182876605540514,-0.0132865104824305,-0.00985558703541756,-0.00943202059715986,-0.0744070783257484,0.013217618688941,-0.00500286277383566,0.0335802882909775,0.0139464531093836,-0.0507197491824627,-0.0535442307591438,-0.0105090001598001,0.0586179383099079,-0.0451964847743511
"cg22348992",-0.241524383425713,-0.053980115801096,-0.00734290620312095,0.505323588848114,-0.00213591544888914,0.119030185043812,0.101098209619522,-0.0166520848870277,0.108223617076874,0.233128428459167,-0.000231144847930409,-0.0191537290811539,0.040564451366663,0.130835443735123,-0.00352776632644236
"rs2468330",-0.00281574646942317,-0.0282197389751673,-0.0144263505935669,-0.0120932199060917,-0.00617084791883826,0.017280850559473,-0.0364925675094128,0.0140810878947377,0.00688651530072093,-0.0223975162953138,0.00806011725217104,0.0219798441976309,0.0218297559767962,-0.0210066195577383,-0.0170694291591644
"rs5936512",-0.00619814684614539,-0.0473612621426582,-0.000127577077364549,-0.0266454331576824,-0.0250002779066563,0.0071488288231194,-0.00360117689706385,0.0321011431515217,0.029773423448205,-0.0308502595871687,0.00631489558145404,0.00777606200426817,0.0330169014632702,-0.0443220548331738,-0.0225360319018364
"rs4742386",0.0360084474086761,-0.0432885959744453,0.00872449949383736,0.0192911326885223,0.00457934616133571,0.0161600690335035,-0.0289326217025518,0.0107412682846189,0.023708188906312,0.0275143552571535,0.00196570204570889,0.00555407954379916,0.0365903079509735,-0.0171041041612625,-0.0321975760161877
"rs739259",0.0215033423155546,-0.0645469576120377,0.0179320238530636,-0.003339022397995,0.00201031472533941,0.0120228184387088,-0.0200679507106543,0.0310801919549704,0.0542309433221817,-0.0224748514592648,0.0123481163755059,0.0230730194598436,0.00146225874777883,-0.0159244034439325,-0.054760605096817
"cg09094964",-0.214968711137772,0.0612803772091866,-0.0019068046240136,0.176396623253822,-0.00753967417404056,0.363999307155609,-0.336552113294601,0.119977682828903,-0.0402615107595921,-0.204137936234474,0.0129310945048928,0.00983352307230234,0.170811489224434,0.0903280824422836,-0.0170164816081524
"cg00211215",0.0731610655784607,-0.0349313169717789,0.00133529270533472,0.074696771800518,0.00980078708380461,0.0186839289963245,-0.0308998879045248,-0.0294974036514759,0.00292778597213328,-0.0253859777003527,-0.00255447719246149,0.00866284314543009,0.0369843617081642,0.00454501854255795,-0.011063908226788
"rs1945975",0.00655051926150918,-0.00186204782221466,0.0102953435853124,0.0306996498256922,0.00517793884500861,0.0179748423397541,0.0263690482825041,-0.0283090826123953,-0.107642725110054,-0.0516809336841106,0.00816188659518957,-0.0176437217742205,-0.0465011410415173,-0.0196227133274078,-0.00760703207924962
"rs951295",-0.0108069898560643,-0.042853519320488,0.0145587855949998,-0.00325162056833506,0.00749816326424479,-0.00732275145128369,-0.0498451925814152,-0.0249867793172598,0.0627379640936852,-0.0217522196471691,0.00813695322722197,0.0178841147571802,0.0138960499316454,-0.0423984006047249,-0.055430606007576
"rs348937",0.00443964125588536,0.0397516563534737,0.00191448454279453,0.0251874551177025,-0.00878081936389208,-0.0598349459469318,0.0155379753559828,-0.00447080982849002,-0.0431758277118206,-0.0106380814686418,-0.0131323104724288,-0.0504245050251484,-0.00857274793088436,-0.0427220314741135,-0.0266183465719223
"rs9363764",-0.00220064539462328,0.0451417975127697,-0.0474462695419788,0.0517523810267448,0.0104192066937685,-0.022284384816885,0.0265889409929514,-0.0264564324170351,0.00019257549138274,0.0299722235649824,-0.0484850034117699,-0.0892696231603622,-0.0173163898289204,-0.0118404300883412,0.0212602484971285
"rs10796216",-0.0187504589557648,0.028817854821682,0.0131114907562733,-0.00730295013636351,-0.00305679184384644,-0.0331754237413406,0.020314896479249,-0.0654778182506561,-0.0106593295931816,0.0891867354512215,-0.0388252586126328,0.00358970859088004,-0.0171049721539021,0.00089809758355841,0.0184007212519646
"rs2125573",-0.0174112226814032,-0.0321984775364399,0.0277778226882219,-0.0010565334232524,-0.00567116867750883,-0.0527303256094456,0.00157015491276979,0.0172364935278893,-0.00388557952828705,-0.0769163444638252,-0.00235198508016765,0.036818590015173,0.0178100392222404,-0.0233744513243437,0.0794429257512093
"cg17882374",-0.168836310505867,-0.202741071581841,0.010473414324224,0.0670490339398384,0.00799383036792278,0.1966812312603,-0.250664681196213,0.202491939067841,-0.128552183508873,0.105030313134193,0.00546267349272966,0.0120813902467489,0.184527188539505,0.17198146879673,0.0653043389320374
"cg09557387",0.410016179084778,0.0382782779633999,0.00036806843127124,0.00117221113760024,0.0155966728925705,0.140232115983963,-0.034030944108963,0.085786797106266,-0.219077527523041,0.187764599919319,-0.0666488930583,0.0592212788760662,0.0275839045643806,-0.03610435500741,-0.0108850114047527
"cg14715697",-0.241955354809761,-0.119715578854084,0.00228291982784867,0.542571544647217,-0.00936192367225885,0.122745454311371,0.105714038014412,-0.0273870453238487,0.0991317629814148,0.0942257419228554,0.0464267283678055,0.0375163368880749,0.0929828137159348,0.0813666135072708,0.0339677110314369
"rs10882854",-0.0473445802927017,0.128000929951668,-0.0199129097163677,0.0159240737557411,0.0119440006092191,-0.0242425259202719,0.0110053746029735,-0.0829861983656883,0.00184177106712013,0.0418445616960526,-0.0672814175486565,-0.109139032661915,-0.0483197271823883,-0.0141251040622592,-0.0223750378936529
"cg23179456",0.473823726177216,0.136234194040298,0.0355204120278358,-0.0443756356835365,-0.00177494529634714,0.101360842585564,0.108528234064579,-0.0605892390012741,0.2540083527565,-0.0888075903058052,0.0564047284424305,-0.0532331019639969,0.0794279724359512,0.0232488792389631,-0.0994310304522514
"cg24506221",0.0966293141245842,-0.148053735494614,-0.0159493628889322,-0.0377563796937466,-0.00778360525146127,-0.113836221396923,0.00887107383459806,-0.018375089392066,0.0743780061602592,0.0160692650824785,-0.0530354455113411,-0.0159330051392317,0.0387308672070503,-0.0325602330267429,0.00933959055691957
"rs1414097",0.0226344559341669,-0.0374692976474762,0.00804326683282852,-0.0243961550295353,-0.015859005972743,0.0349438302218914,-0.00396449584513903,-0.0198627542704344,0.00404592975974083,0.0422318056225777,0.0651018694043159,0.0717708021402359,-0.0321227572858334,0.0330463796854019,-0.00733169075101614
"rs2235751",0.0356641933321953,-0.0704424232244492,-9.96295784716494e-05,-0.00642981752753258,-0.0243483558297157,-0.0111370282247663,0.000885594869032502,0.00491495802998543,0.0489633083343506,0.00419289572164416,0.0558458492159843,0.0698938891291618,0.0504293628036976,-0.0174657367169857,0.0423158742487431
"cg27493151",0.321877241134644,0.0640505999326706,0.00252604694105685,0.0708914175629616,0.00793699361383915,-0.0742087289690971,0.0960888937115669,-0.116727061569691,0.0301269181072712,-0.00606354745104909,0.0265430435538292,0.0098491283133626,0.411369621753693,0.0682038813829422,0.0912397354841232
"rs4331560",0.0334296748042107,-0.00781187228858471,0.0202430114150047,-0.00972191244363785,-0.00395473837852478,0.00552614312618971,0.00183270196430385,0.0317855551838875,-0.0512931048870087,-0.00235560187138617,-0.0055405399762094,0.0314377918839455,0.0190879255533218,0.0581090971827507,-0.00447482243180275
"rs2521373",0.00319552468135953,0.0085445623844862,-0.0380621291697025,-0.00855655502527952,0.0159250386059284,0.0777646452188492,0.0589310042560101,-0.00902865082025528,-0.0544131062924862,-0.0101381074637175,0.0186936464160681,0.000141755779623054,0.067801721394062,-0.00218648160807788,0.0183351002633572
"cg20399616",0.473419517278671,-0.0424629896879196,-0.00145700015127659,0.0671864002943039,-0.0229835528880358,0.184011727571487,0.0409207046031952,0.00203120894730091,-0.147662997245789,0.100122846662998,-0.0403177291154861,-0.0179712940007448,-0.108482167124748,-0.0204344615340233,0.0583620332181454
"rs11034952",-0.0249799471348524,0.00139338651206344,-0.014575825072825,-0.0263603311032057,-0.00462495209649205,-0.0329139344394207,0.00366911035962403,-8.77364363986999e-05,-0.0771311298012733,-0.00283096171915531,0.0151380738243461,0.0255958251655102,-0.0511017218232155,0.0451802983880043,-0.0422986932098866
"cg07813142",0.411129206418991,-0.133462399244308,0.00449483934789896,0.00863293372094631,-0.00488437945023179,0.245767295360565,-0.0192835535854101,-0.0686743333935738,0.03404401242733,-0.0249408818781376,0.0583307072520256,0.0194977726787329,-0.0577054917812347,-0.0324229523539543,-0.0410605221986771
"cg23357130",0.142499178647995,-0.397173136472702,0.00470636878162622,-0.0021883009467274,0.0158299971371889,-0.0794662833213806,0.200365662574768,-0.0735612884163857,-0.0534239448606968,0.085504487156868,-0.00435604760423303,0.0161716025322676,0.251504719257355,-0.0573727190494537,-0.0221790801733732
"cg14193007",-0.134080305695534,-0.171688571572304,-0.0211589001119137,0.0045400089584291,-0.0140453958883882,0.165263548493385,-0.192690923810005,-0.0837291106581688,-0.143274456262589,-0.157431900501251,0.00614143908023834,-0.0297419354319572,0.231864362955093,0.044281680136919,0.00407185824587941
"cg20693607",0.35490283370018,0.151726007461548,-0.162318855524063,-0.127268612384796,-0.00178777717519552,0.379679054021835,-0.147160813212395,0.0907941460609436,0.209015771746635,0.0494288802146912,0.0300101712346077,-0.0181743744760752,0.0793831869959831,-0.0700648725032806,0.0127906193956733
"rs966367",0.0254469085484743,-0.0704953223466873,-0.016849722713232,-0.0061045871116221,0.000478170491987839,0.0181027241051197,-0.0351064093410969,-0.00620762165635824,0.00324940169230103,-0.00650548050180078,0.0438357666134834,0.101964265108109,0.0672394707798958,0.00597839616239071,-0.00510192988440394
"cg13251533",-0.254442393779755,-0.292384803295135,-0.00303672952577472,0.118632256984711,-0.00434913812205195,0.160917609930038,-0.0337564870715141,-0.169855684041977,-0.225311040878296,-0.111837238073349,0.017442686483264,-0.00305055920034647,0.15662607550621,0.0586233139038086,0.108917154371738
"cg02467990",0.468970358371735,0.101366430521011,0.00016364197654184,0.0513979233801365,-0.00225318968296051,0.0667514726519585,0.0781741142272949,-0.0653013810515404,-0.271454393863678,0.037087619304657,0.00443774368613958,-0.0370922237634659,-0.0976562201976776,-0.0235467534512281,-0.0768362432718277
"cg24751154",-0.249279573559761,-0.06300338357687,0.00657209660857916,0.647625386714935,0.00108404492493719,-0.107156470417976,-0.0434648245573044,-0.148384720087051,0.0192572921514511,-0.149403214454651,0.0194279365241528,0.0151849379763007,0.0364875681698322,-0.0376845486462116,-0.0364151075482368
"cg08435683",-0.280639588832855,-0.318600177764893,-0.1175656914711,0.0849514380097389,0.00035825974191539,0.108522988855839,0.00175811187364161,-0.0781127363443375,-0.231316611170769,-0.0508950240910053,0.00746942264959216,0.00157382502220571,0.111922688782215,0.0757312402129173,0.269732415676117
"rs1467387",0.00857826136052608,-0.0708943828940392,0.00125817523803562,-0.00605855928733945,-0.0137572214007378,0.0364914946258068,0.0154085736721754,0.0715416744351387,0.0292443260550499,-0.0437380708754063,0.024344889447093,0.120910294353962,0.00269034947268665,0.00173222192097455,0.0107842935249209
"cg08862890",0.466196626424789,-0.020065126940608,0.00479886401444674,0.134439781308174,0.00411188509315252,0.0591387115418911,-0.0220462791621685,-0.0742440447211266,-0.245328262448311,-0.0595184601843357,0.00126739451661706,-0.0425584204494953,-0.086786761879921,-0.0219986494630575,0.0335605852305889
"cg19980771",0.389449417591095,0.0484012104570866,1.40532520163106e-05,0.0818013772368431,-0.0378485545516014,0.159498423337936,0.101958982646465,0.0733373612165451,-0.0224223621189594,0.0057924622669816,-0.0147714531049132,8.54923055157997e-05,-0.00921794213354588,0.0483049713075161,-0.00934082269668579
"cg02027945",0.471828490495682,-0.0344337113201618,-0.00623429240658879,0.123245358467102,0.0206941813230515,-0.0426852516829967,0.0761005654931068,0.0633739307522774,-0.046497568488121,0.00900111068040133,0.00367236882448196,-0.0755633115768433,-0.106458254158497,0.0185660850256681,0.128216505050659
"cg11863717",0.436904937028885,0.115776032209396,-0.00146965112071484,0.0109110232442617,0.0267388876527548,0.0109580419957638,0.116953290998936,0.0712535306811333,0.224439606070518,0.00279227597638965,-0.0102935982868075,-0.0108013181015849,0.0379475206136703,-0.0680442005395889,0.00579325342550874
"cg08901662",0.452830284833908,0.0171982813626528,0.0327691696584225,0.135867983102798,-0.00232472061179578,0.141632661223412,0.0838389843702316,0.0238514132797718,0.0198542214930058,0.05591906234622,-0.00148828304372728,-0.0523743256926537,0.0111498702317476,-0.0265437494963408,0.0407090373337269
"cg27586797",0.007050396874547,0.104584604501724,0.00696807261556387,0.0678965076804161,0.00531083811074495,0.018455233424902,0.0027284543029964,-0.00372657715342939,-0.00504678394645452,0.034257847815752,-0.0591218955814838,-0.0608013719320297,-0.0501212105154991,0.0150453355163336,0.00157552666496485
"cg22784954",0.434574156999588,0.0474129505455494,0.0327222608029842,0.0237047355622053,0.0162124503403902,0.147834151983261,0.156326666474342,0.00669190054759383,-0.273704648017883,-0.00746277719736099,0.0105121098458767,-0.00982626434415579,-0.0177167877554893,-0.00499152578413486,-0.00729842158034444
"cg14262681",0.320385277271271,-0.269937753677368,-0.0671543702483177,0.335990369319916,-0.00258633145131171,-0.054019033908844,0.0352857485413551,0.00123266375157982,0.0402196235954762,0.122762627899647,-0.00467681931331754,-0.0111266393214464,-0.0820604488253593,-0.029262101277709,-0.00695401802659035
"cg03692651",0.271625608205795,-0.33944234251976,-0.00157839979510754,0.239025637507439,-0.00363556668162346,-0.104892812669277,0.0760501325130463,-0.0713956952095032,-0.092350922524929,-0.13702929019928,0.0185625739395618,-0.0682412385940552,-0.066796712577343,-0.0520013645291328,-0.0503668896853924
"cg00467244",0.31782203912735,-0.0216623358428478,0.160058706998825,0.159054324030876,-0.0128799248486757,0.0990941300988197,-0.0760681182146072,-0.195108592510223,0.164827942848206,0.0485442876815796,-0.0710964426398277,0.0796589180827141,0.213856518268585,0.0858433321118355,0.130327478051186
"cg13879483",0.484924167394638,-0.00952518358826637,-0.022185992449522,0.00114544888492674,-0.00950723513960838,-0.0282344631850719,0.084981732070446,0.0079037444666028,0.00256063463166356,-0.0516241528093815,0.0115770045667887,0.0275471769273281,-0.0697715505957603,0.0454198159277439,0.0337471179664135
"cg22473620",0.437598586082458,-0.0285554341971874,-0.00277742464095354,-0.0604224987328053,0.00323303788900375,0.128594651818275,0.0599511079490185,-0.0534962899982929,0.316911190748215,-0.12727764248848,-0.00674560992047191,0.00223286426626146,0.116520784795284,0.0726631954312325,0.0767126232385635
"rs845016",-0.0138181792572141,0.053736250847578,-0.00528155406937003,0.00556467054411769,-0.0022756417747587,-0.0363392531871796,-0.0487709008157253,0.0472940281033516,-0.000711104134097695,0.0320281609892845,-0.0353715792298317,-0.0154937766492367,0.0304043143987656,-0.0032315356656909,0.00744665786623955
"cg12036633",-0.0221278164535761,0.0360502526164055,-0.000348511966876686,-0.0154375853016973,0.00180597091093659,0.00593532202765346,0.00907287001609802,-0.0258774030953646,0.0234333164989948,-0.00795460026711226,-0.0373111143708229,-0.0379191488027573,-0.0363360568881035,0.0298949833959341,-0.0348725542426109
"cg21941030",0.438018172979355,0.216481164097786,0.00472631119191647,0.00639307731762528,-0.00487979780882597,-0.0237125325948,-0.0447942391037941,-0.0302957817912102,0.13819208741188,-0.149553924798965,0.0242894254624844,-0.0159607194364071,0.0120303258299828,-0.0217353887856007,-0.0592495128512383
"cg06404175",0.417615830898285,-0.210473358631134,0.00580863514915109,-0.00688702426850796,0.000414574256865308,0.268908530473709,-0.0302770119160414,0.0139890955761075,0.117657989263535,0.028244050219655,0.000172120853676461,0.0211698450148106,-0.0534731820225716,0.000145281795994379,-0.000129794483655132
"cg09695735",0.426645576953888,-0.0954679995775223,0.0227723401039839,-0.0239242296665907,-0.00509649468585849,0.164505690336227,-0.00877474341541529,-0.0773580968379974,0.0718990042805672,-0.072432316839695,-0.0160293318331242,-0.00284130405634642,0.0626961588859558,-0.0324464030563831,-0.0133838346228004
"rs715359",-0.014018771238625,0.0765816867351532,0.00041922542732209,-0.00144496199209243,0.00367340259253979,0.00979443732649088,-0.00148780201561749,-0.022600781172514,-0.0644783675670624,0.0205490775406361,-0.0143026765435934,-0.0181141756474972,-0.0376645363867283,9.32516850298271e-05,-0.0273673236370087
"cg22830113",0.428161829710007,-0.0185771808028221,0.0100993225350976,0.02982047945261,0.00248510693199933,0.0616980977356434,0.12243264913559,-0.0976699143648148,-0.275642186403275,0.0296234134584665,0.00434294436126947,-0.000216466723941267,0.0967964828014374,-0.027821684256196,3.48487446899526e-05
"cg14117138",0.453210026025772,0.103551648557186,0.0031708215828985,0.0508789978921413,0.0195633452385664,0.0472292304039001,0.0845891907811165,-0.0671248808503151,-0.0454160533845425,0.0639835521578789,0.00164481392130256,0.00961097702383995,0.18266935646534,0.016122268512845,0.00961155723780394
"rs1520670",0.0334157235920429,-0.0295450501143932,0.00510121276602149,-0.00364182377234101,-0.00138175708707422,-0.00164826994296163,-0.0197979137301445,-0.0358137488365173,-0.0359461009502411,0.013152671046555,0.00334700103849173,0.0598085485398769,-0.00385196786373854,0.00576580734923482,-0.029558751732111
"cg22831607",0.422932088375092,0.0124752158299088,-0.012596339918673,0.159058704972267,0.0113777406513691,0.0502092652022839,0.115069255232811,-0.0471890605986118,-0.0607790648937225,0.0989391356706619,0.0239291489124298,0.00227865413762629,0.0105743920430541,-0.00580030400305986,0.0553470402956009
"cg07519235",0.450105518102646,0.202952370047569,-0.00514455838128924,-0.054010171443224,-0.00233017210848629,0.0279300566762686,0.0272404868155718,0.122264012694359,0.150034323334694,-0.0648658350110054,0.0635244324803352,-0.0728855654597282,0.113316833972931,-0.0340559780597687,0.00282846740446985
"cg07570470",0.367113083600998,0.318830400705338,0.0789413750171661,0.0238494928926229,-0.00596243282780051,0.00765394233167171,-0.107050597667694,-0.042816661298275,0.018137140199542,-0.0432194471359253,0.0183721575886011,0.0412423312664032,0.155539140105247,0.00513933273032308,-0.0187637340277433
"cg08750951",0.428033143281937,0.197552651166916,0.00315078836865723,0.0551391988992691,0.00638246024027467,-0.0136066302657127,-0.0121503714472055,0.0112496754154563,-0.0866373777389526,0.0439551956951618,0.00123432383406907,0.000361825426807627,0.119252867996693,-0.0190237332135439,0.00251880614086986
"cg17721710",0.437675714492798,0.0807611718773842,-0.000621883664280176,0.0234255008399487,-0.0303303897380829,0.20571993291378,0.02796839363873,-0.0118055772036314,-0.379130423069,0.111532494425774,0.0131569020450115,-0.0128482105210423,-0.0377065278589725,-0.0408860743045807,-0.0264611132442951
"cg12680131",-0.188501179218292,0.0781466662883759,-0.00205422495491803,0.608394503593445,-9.04970293049701e-05,0.00134973565582186,-0.0298412088304758,-0.116127334535122,0.234083399176598,-0.0653599500656128,0.0141365332528949,0.0415667593479156,-0.0351987555623055,-0.0819973051548004,-0.0897966250777245
"cg27436995",0.239148914813995,0.0816752314567566,0.0658250600099564,0.0944594517350197,-0.0065294373780489,-0.11443692445755,0.0850208699703217,-0.0176873672753572,-0.0610173530876637,-0.00121216895058751,0.00445149699226022,0.0748408511281013,0.297014266252518,0.100968480110168,0.0181149505078793
"cg14866200",0.441566616296768,0.15560020506382,0.0109622394666076,0.0449518486857414,-0.00630588876083493,0.0515084154903889,-0.0529679618775845,-0.0284879822283983,-0.24543684720993,-0.0331137701869011,0.0317436568439007,-0.0276346877217293,-0.0947709530591965,-0.0505588315427303,0.0527880303561687
"cg10043865",0.436141401529312,0.0758775621652603,0.00276243314146996,0.0786022767424583,0.00856661144644022,0.0570793934166431,-0.102903306484222,0.0214729513972998,-0.108350202441216,0.00301401317119598,-0.000766656768973917,-0.00377031532116234,-0.0534395612776279,-0.0665125474333763,0.00201425678096712
"cg04194055",-0.123487249016762,-0.160921171307564,-0.00992014817893505,0.004013666883111,-0.0114393979310989,0.168953105807304,-0.184995293617249,-0.0812009647488594,-0.123115219175816,-0.148356273770332,0.00631328858435154,-0.0342892520129681,0.226045608520508,0.0446774959564209,-0.00382526172325015
"cg25267258",-0.27749565243721,-0.0355738289654255,-0.00828367564827204,0.551872074604034,-0.000368972308933735,0.0236969161778688,-0.091724768280983,0.00899238418787718,0.0749796181917191,-0.0425273589789867,-0.00433727027848363,0.0055781276896596,0.034255176782608,0.106973320245743,-0.0758957043290138
"cg10342963",-0.230172097682953,-0.259364366531372,0.0576492547988892,0.00204715016297996,0.0260526351630688,0.187837675213814,0.127335399389267,-0.163058459758759,-0.162833482027054,-0.0109339915215969,-0.0461923182010651,-0.00256045325659215,0.225101798772812,0.0167771801352501,0.0742847174406052
"rs13369115",-0.002557672560215,0.0499223135411739,-0.0116340462118387,0.025544460862875,0.00710545107722282,0.0200833138078451,0.0209002904593945,0.000583465851377696,-0.0928450748324394,0.0221405755728483,-0.00848972611129284,-0.0279977880418301,0.0716396272182465,0.0197984259575605,0.0054473765194416
"cg15690342",0.422946840524673,0.251008361577988,0.057257529348135,0.0840625017881393,0.00990318413823843,-0.0344134941697121,-0.00927933491766453,0.0263015795499086,-0.156584322452545,0.0491036996245384,0.00924613233655691,-0.0242315474897623,0.00346064125187695,-0.0672669485211372,0.0760975629091263
"rs9839873",0.00356095097959042,0.115177802741528,0.00082639540778473,0.0246496088802814,0.0064094290137291,-0.0457993261516094,0.0344778336584568,-0.00997683964669704,0.0189212989062071,0.0675580650568008,-0.0808118432760239,-0.130622982978821,0.02343974635005,0.00696860859170556,-0.00758108869194984
"cg01878345",0.42944148182869,0.0769127905368805,0.0179622992873192,-0.023015471175313,0.0112891979515553,0.0562856420874596,0.0126556260511279,0.00215867627412081,-0.229569524526596,-0.00479799183085561,0.0175603926181793,0.0517085269093513,-0.0976824909448624,-0.012631113640964,-0.0218879282474518
"cg05527869",0.437686264514923,0.0978286638855934,0.00337779987603426,0.0692816004157066,0.0176605898886919,0.0231670700013638,-0.0980486571788788,0.00168036972172558,-0.121064007282257,-0.0039150258526206,-0.00133357557933778,-0.00445119803771377,-0.0425567664206028,-0.0658082067966461,-0.00162562716286629
"cg25737323",0.413689464330673,0.0431824624538422,-0.00956327095627785,0.0456610023975372,-0.00318762799724936,0.101251915097237,0.0527634471654892,0.0695131048560143,-0.0808642208576202,0.17267270386219,0.0478918105363846,-0.0310631673783064,0.135646522045135,0.0314500704407692,-0.0928331837058067
"cg13782274",-0.310919374227524,-0.0540353842079639,0.00578890834003687,0.518473327159882,0.00262606679461896,0.121998928487301,-0.0654056668281555,-0.0364096388220787,0.0155892316251993,0.0501767285168171,0.00158834317699075,0.0382399223744869,0.0240603443235159,0.0476786382496357,-0.0515016056597233
"cg21885317",-0.100342787802219,-0.221031799912453,-0.0525814816355705,0.0127889979630709,0.0034575923345983,0.161454513669014,0.0980344489216805,0.0172393452376127,-0.209994003176689,-0.0382435955107212,0.00134311732836068,0.075442336499691,0.238841712474823,0.010860875248909,0.147639840841293
"cg20776829",0.418398559093475,0.0510455965995789,-0.00754796760156751,0.00398434139788151,-0.0291605517268181,0.0992415249347687,0.0203281231224537,-0.0741812437772751,-0.228550091385841,0.0744208768010139,0.015197710134089,0.0433977693319321,-0.0483645275235176,0.00168062536977232,-0.0631884709000587
"cg25830696",0.44046214222908,0.0702821314334869,0.00384380272589624,-0.000928674999158829,0.00174962659366429,0.134449064731598,-0.0818656012415886,-0.0727400556206703,0.0630896091461182,-0.114571459591389,0.0425065271556377,-0.00205450667999685,0.024439824745059,-0.0195858553051949,0.00127849553246051
"cg12356890",0.390854865312576,-0.0419103689491749,-0.000719527539331466,-0.0139555735513568,-0.0164793115109205,0.238176226615906,-0.0765911862254143,-0.00475902855396271,-0.290052622556686,-0.00248893839307129,0.0159454494714737,0.0280041880905628,-0.199519604444504,0.00713780894875526,0.0203333795070648
"cg06741896",-0.163700386881828,-0.0763261690735817,-0.000740595627576113,0.066628985106945,-0.00231472472660244,0.316317737102509,-0.0355272181332111,-0.137271866202354,-0.178847655653954,-0.0142102902755141,0.0181831009685993,-0.00637015560641885,0.216464847326279,-0.0892584472894669,-0.0672908127307892
"cg18924324",0.374060332775116,-0.13842761516571,-0.00471101561561227,0.232048407196999,0.00474014692008495,-0.191700726747513,0.00903566088527441,0.0987205058336258,-0.15502093732357,0.0252381134778261,-0.0150414444506168,-0.0286415778100491,-0.0943974256515503,-0.00849059224128723,-0.00430109724402428
"cg14780632",0.291385143995285,-0.475579023361206,0.00642842939123511,-0.0030352002941072,-0.00321578327566385,0.110643543303013,0.0602756179869175,0.00684503512457013,0.125644832849503,-0.0908457264304161,0.00354055687785149,-0.0197835434228182,0.0145067200064659,0.0491874180734158,-0.0136239966377616
"rs10936224",-0.00750382011756301,-0.010652900673449,0.00338403903879225,-0.00192418077494949,-0.0132995434105396,-0.0136220594868064,0.00229135085828602,0.0271558593958616,0.0737596526741982,0.032697070389986,-0.048295620828867,-0.0283354800194502,0.00084568012971431,-0.0096903033554554,-0.000379739649360999
"cg21189438",0.317399859428406,-0.054272897541523,0.0935799926519394,0.0601030141115189,0.00895948894321918,0.0634013116359711,0.138716042041779,-0.0951321348547935,0.0149656450375915,0.0338821448385715,-0.0444926172494888,-0.00809035636484623,0.179572924971581,-0.0826007053256035,-0.00331581942737103
"cg07834955",0.351964116096497,-0.0455864705145359,-0.0166237838566303,0.203378081321716,-0.00454039173200727,-0.00226059346459806,0.131245732307434,-0.0589133575558662,0.0672548115253448,0.123300313949585,0.0405352525413036,0.0295352898538113,-0.0180364605039358,0.0167872421443462,0.0829011648893356
"cg10400707",0.28629794716835,0.138541653752327,-0.147284552454948,0.000513444363605231,-0.0289341434836388,0.226990222930908,0.163843065500259,0.278108805418015,0.0255328938364983,-0.100503206253052,0.00641547422856092,0.0544527992606163,0.191776126623154,0.109137579798698,0.084246464073658
"cg04131969",0.011133068241179,-0.0296108666807413,4.82981449749786e-05,0.0533517934381962,0.0181934554129839,0.00627756770700216,-0.00226088962517679,0.0283884406089783,0.00504289567470551,-0.00771679263561964,0.056283961981535,-0.0139013268053532,-0.033568762242794,-0.0183764789253473,0.0305192340165377
"cg18456523",0.381509333848953,0.00166333944071084,0.0903667062520981,-0.00300542847253382,-0.00445615546777844,-0.0370055176317692,0.0727787986397743,-0.0472707077860832,0.0300414375960827,0.0520289689302444,-0.00910495221614838,0.00607982743531466,0.161888688802719,-0.0145044326782227,-0.00628721946850419
"cg14416311",0.404910087585449,0.135823547840118,0.00891318824142218,0.00903997663408518,0.00548571581020951,0.070922888815403,0.133096590638161,-0.0150213679298759,-0.288829326629639,0.0289650000631809,-0.00644909730181098,-0.00598324742168188,-0.0668196529150009,-0.0881549343466759,-0.0596400015056133
"cg12415687",-0.0940911397337914,0.268819093704224,0.00348576693795621,0.56606513261795,0.0202333182096481,0.0551779568195343,-0.147675722837448,0.217000782489777,0.0397569350898266,0.179322227835655,-0.0468166097998619,0.138553470373154,-0.0819750055670738,0.0487862899899483,-0.272012650966644
"cg01252526",0.00760177988559008,0.0302174873650074,0.0182693228125572,0.11699715256691,-0.000899139908142388,-0.194769859313965,0.0808100700378418,-0.117062717676163,-0.177620202302933,-0.053073238581419,-0.00448692450299859,-0.0162279661744833,0.268166422843933,-0.0382589139044285,0.0990244746208191
"cg14859874",0.0322645492851734,0.0524683259427547,0.00806536618620157,-0.000430410640547052,0.00280017498880625,-0.0291370805352926,-0.0413641110062599,-0.00674558104947209,0.0321929529309273,0.0110508957877755,-0.0028120162896812,-0.0678833201527596,-0.0527658574283123,-0.0043509746901691,0.0204101651906967
"cg20415486",-0.367935657501221,-0.303244113922119,0.103769212961197,0.0902086794376373,-0.00947765540331602,0.133015811443329,0.0859050527215004,0.0520748496055603,-0.116572342813015,0.125960052013397,-0.0556282065808773,0.0104058338329196,0.1821578592062,-0.0015531973913312,0.0125382728874683
"cg06463958",0.392976373434067,-0.190464690327644,-3.65185405826196e-05,0.213229566812515,0.00855537503957748,-0.241869375109673,-0.0091848336160183,0.00973414164036512,-0.0709493830800056,0.0576613917946815,0.0142616257071495,-0.0142719550058246,-0.116927780210972,0.00765632698312402,0.0910224393010139
"cg05306745",0.422813415527344,0.158008709549904,0.0198373831808567,-0.05030158162117,0.000164334735018201,-0.0556926056742668,0.0915317609906197,0.0202986430376768,-0.0146932322531939,0.0195201728492975,0.00859864894300699,-0.0104693761095405,0.190327003598213,0.0899489670991898,0.00653295777738094
"cg22511877",-0.279397279024124,0.0175625812262297,-0.00217834510840476,0.262686610221863,0.00734331831336021,0.195797488093376,-0.102481730282307,0.00641964701935649,0.0140998587012291,0.0162288192659616,-0.0100249005481601,0.00903057772666216,0.0722318738698959,0.055627066642046,0.00126171333249658
"cg02435495",0.452953785657883,-0.0305412262678146,0.0195818897336721,0.0910278931260109,0.00106631917878985,0.015328255482018,-0.0832706391811371,0.0211339332163334,-0.065751701593399,0.0952207073569298,0.0390624701976776,-0.0218424052000046,-0.0515719912946224,-0.029203038662672,0.0412638708949089
"cg19486070",0.0252995043992996,0.262489259243011,-0.0912673100829124,0.268934518098831,0.0192483402788639,0.278060406446457,-0.0979598686099052,0.106287948787212,-0.245741188526154,0.0234387069940567,0.0790086984634399,-0.000265252689132467,0.188300549983978,0.0772549286484718,0.00938734132796526
"rs2032088",-0.00303886947222054,0.0245384071022272,0.00761417811736465,0.0178466644138098,-0.0067300726659596,-0.0299627706408501,0.0420186594128609,0.00254098838195205,0.0167029034346342,0.000285273301415145,-0.020542910322547,-0.0101821757853031,-0.00349710532464087,0.00559276482090354,-0.0379105508327484
"cg16729415",0.380930751562119,0.0065222829580307,0.0075735286809504,0.3298100233078,0.0131640434265137,-0.0338783673942089,0.0794560313224792,-0.00414239848032594,-0.216297924518585,-0.00900890305638313,-0.0170531254261732,-0.0145817352458835,-0.172072425484657,-0.00293076643720269,0.0969227626919746
"cg14000361",0.428295463323593,-0.212493762373924,0.00236209062859416,0.0476146377623081,0.0153783299028873,0.124586783349514,0.0116590848192573,0.0559450425207615,0.0720531120896339,0.157596707344055,-0.00407939497381449,-0.00981915183365345,0.0686024278402328,-0.000185981931281276,0.00381994806230068
"cg00773902",0.393592357635498,0.0324112810194492,-0.000703193189110607,0.0829840302467346,0.00670651532709599,0.200259849429131,0.0959956496953964,0.0244654528796673,-0.0890772640705109,0.00138490251265466,0.0212333332747221,-0.0124364215880632,0.086901530623436,0.0110005857422948,0.0163897499442101
"cg12666727",0.370105385780334,0.179466336965561,-0.00372859160415828,-0.0822892636060715,-0.0170436557382345,0.163496360182762,-0.0831640362739563,0.0717797130346298,0.176828786730766,-0.114848338067532,-0.0203593950718641,0.104649037122726,0.117263093590736,-0.03020229190588,-0.0145614063367248
"cg10069493",0.364803910255432,0.0279550794512033,-0.00704292813315988,-0.000473922991659492,-0.00600457563996315,0.175840452313423,0.0632345229387283,-0.0743544027209282,0.280377417802811,-0.0130333676934242,0.00911206845194101,-0.00902297254651785,0.0284562520682812,0.000183871045010164,0.00102677918039262
"cg05302386",0.373303771018982,-0.220704406499863,-0.00443970505148172,0.211056962609291,-0.00543249258771539,0.128807947039604,-0.0238349866122007,-0.0244728121906519,-0.0622861422598362,0.0493615344166756,0.00268620788119733,-0.0104984836652875,-0.220683202147484,-0.0305940397083759,0.136418253183365
"cg26479667",-0.29341983795166,-0.131417855620384,0.0629683658480644,0.404876053333282,-0.000971708388533443,0.0989999696612358,-0.112102717161179,-0.13676655292511,0.00352824130095541,-0.0507571883499622,-0.0373985543847084,0.0271408464759588,0.0943134427070618,-0.0345516614615917,0.0125839291140437
"cg17520909",-0.227303683757782,-0.00545453140512109,-0.00311511452309787,0.497154355049133,0.00419490924105048,0.0781616568565369,-0.0809068232774734,-0.0728196054697037,0.195316582918167,-0.00305305677466094,-0.0128145478665829,-0.00183212361298501,0.0535674244165421,0.074196457862854,0.0756163075566292
"rs6471533",0.00894483085721731,0.0777416825294495,-1.52597738178883e-06,0.021126925945282,0.0217423047870398,-0.0287429392337799,0.000401298049837351,0.0763131380081177,-0.00368906906805933,0.0262810401618481,-0.0156169217079878,-0.0815217718482018,-0.0027964801993221,0.0207947716116905,-0.0455910004675388
"cg03199564",0.464103847742081,0.119380563497543,0.0276718959212303,0.0743579789996147,0.00598142109811306,-0.0366815291345119,0.0366582795977592,-0.0739031136035919,0.165514305233955,-0.190575867891312,0.0257219169288874,-0.0725121945142746,0.0390078313648701,0.00643340637907386,0.0306810159236193
"cg18249580",0.172475159168243,-0.405574113130569,-0.0039786584675312,0.362360060214996,-0.0130910640582442,-0.234467789530754,-0.148327067494392,-0.0951206237077713,-0.0588976070284843,-0.0480126850306988,-0.00772996852174401,-0.0330860167741776,-0.0219741724431515,-0.0382161922752857,0.00056585023412481
"cg01811882",-0.17968812584877,-0.102823011577129,0.000867479713633657,0.528469860553741,0.00853614415973425,-0.0883678272366524,-0.121636673808098,-0.0236754678189754,0.223878666758537,-0.151471585035324,0.000235422048717737,-0.0469592250883579,-0.0825459808111191,0.0174027588218451,0.0777586698532104
"cg26841013",0.396045386791229,-0.103054329752922,0.00184436968993396,0.0945282354950905,0.00743953604251146,0.153237655758858,0.100295588374138,-0.00281951064243913,0.0203981474041939,-0.021938843652606,-0.0332361534237862,0.093963049352169,0.0371954776346684,-0.0152546409517527,-0.0694898217916489
"cg03596016",0.157906085252762,-0.414854824542999,-0.00778422690927982,-0.0708978250622749,0.00335508305579424,0.122972533106804,-0.0761042609810829,0.0251133162528276,0.191162705421448,0.0532117262482643,-0.00845202151685953,0.0018558707088232,0.181346967816353,0.0418293550610542,-0.0085992319509387
"cg27011480",0.431387573480606,0.0539576075971127,0.00743752531707287,0.00427973316982388,-0.0270885471254587,0.10454460978508,0.0563744716346264,-0.0279751494526863,-0.0126000056043267,-0.0451586693525314,-0.0206279549747705,0.00680983811616898,0.110963739454746,0.000195290849660523,-0.0456729643046856
"cg19513834",0.453133940696716,0.025070384144783,0.00219953223131597,0.0806674435734749,0.00400915369391441,-0.111989498138428,-0.0171629749238491,-0.0291856918483973,-0.133972883224487,0.0091975936666131,0.00680185342207551,0.00595180271193385,-0.0579658038914204,0.00656399084255099,0.0380822196602821
"cg09068128",-0.0784555673599243,-0.267139762639999,-0.223388135433197,0.494223952293396,0.0561929009854794,0.0429738536477089,0.136760577559471,-0.00221123825758696,0.22010001540184,-0.0722853392362595,0.0371503196656704,-0.0201009716838598,0.00783460400998592,-0.0371021628379822,-0.0332471691071987
"cg08539872",0.352349162101746,0.173846229910851,0.119995884597301,0.00583735248073936,0.00671784346923232,0.0126287480816245,-0.0847582221031189,-0.0195441786199808,0.155590802431107,-0.161322355270386,0.00892339274287224,0.0062247272580862,0.134128049015999,0.0444301590323448,0.00441855890676379
"cg10210594",0.353868782520294,-0.0469085797667503,0.0353573374450207,-0.04163608700037,0.0100980727002025,0.367275416851044,-0.167401656508446,0.104605577886105,0.160991132259369,-0.0881420522928238,-0.0343724489212036,-0.0184262357652187,0.131471559405327,-0.0344417281448841,-0.0404528602957726
"cg13092806",0.367426633834839,-0.029405914247036,0.0029030148871243,-0.00112252600956708,0.0068934359587729,0.14196141064167,-0.0442210137844086,-0.0104138096794486,-0.0344131551682949,-0.0660647377371788,-0.00467371474951506,-0.0231200680136681,-0.0467552952468395,-0.0212773196399212,0.0692442432045937
"cg07333231",-0.164676368236542,0.166704684495926,-0.00383887276984751,0.667962849140167,0.00229180604219437,0.00804048031568527,0.0310064349323511,-0.134267121553421,-0.028244549408555,0.0376028083264828,0.0034915825817734,0.0478253699839115,0.00867095310240984,0.0299437940120697,-0.117904156446457
"cg04008888",0.455940067768097,0.0364558063447475,0.000260074302786961,-0.00332668027840555,0.00187551532872021,0.161321312189102,0.143489614129066,-0.0968351811170578,0.193552762269974,-0.0529175139963627,0.0107757709920406,0.041936419904232,-0.0666356831789017,0.0317673422396183,-0.0211788788437843
"cg15673034",0.107048213481903,-0.302489131689072,0.0185837224125862,-0.0883092433214188,-0.00531415361911058,-0.00491686118766665,-0.0708197355270386,-0.00681377435103059,0.0205040853470564,0.0122830383479595,-0.00317524536512792,-0.0253762733191252,0.179558604955673,0.0341418460011482,-0.0324656739830971
"cg14802502",-0.181677356362343,0.170870319008827,-0.0151733718812466,0.635049819946289,-0.00446069333702326,-0.123956181108952,0.000808711512945592,-0.0307929217815399,0.0247126631438732,0.0264767445623875,-0.0065847379155457,0.0683155432343483,0.0642040148377419,0.0526005104184151,0.00952211394906044
"cg01934626",0.369444400072098,0.158772125840187,0.00372506910935044,-0.016924224793911,-0.00725788064301014,0.147159770131111,-0.00859198067337275,-0.0637694001197815,0.253613084554672,-0.122028075158596,0.0523359775543213,0.00245058676227927,0.115075416862965,-0.0336496867239475,-0.0170817840844393
"cg00100121",0.431051909923553,-0.180462002754211,0.00264929980039597,-0.0199337396770716,0.0228461287915707,-0.137984573841095,0.0581684112548828,-0.109552040696144,0.0352443642914295,0.0141444718465209,0.000874196528457105,-0.0424366220831871,0.0730357319116592,-0.066898800432682,-0.0516902953386307
"cg16252110",-0.0161125753074884,0.292651981115341,-0.0100781507790089,0.514576435089111,0.0165836438536644,0.0976212695240974,0.147349372506142,-0.187493935227394,0.0143912304192781,-0.165696442127228,-0.000570305273868144,-0.052455298602581,-0.00789785850793123,-0.0647352561354637,0.0275640096515417
"cg23855505",0.41355636715889,0.150110200047493,0.0508977361023426,0.0976481512188911,0.0252887476235628,-0.140429750084877,0.0458737425506115,0.0738563537597656,0.142986118793488,0.105857610702515,0.0154694030061364,-0.0694252401590347,0.0153890056535602,-0.0892226099967957,0.0898211374878883
"rs1040870",-0.0161077212542295,0.0106314662843943,0.00151820399332792,0.000472083978820592,-0.00692453095689416,-0.0165892858058214,0.024369303137064,0.107468463480473,0.0226647257804871,0.017579386010766,-0.0274139139801264,-0.00494518550112844,-0.00989978946745396,-0.0153645183891058,0.0288729686290026
"cg10732215",0.39242023229599,0.0727115646004677,0.00468407245352864,0.00188114622142166,0.00703169824555516,0.162182047963142,-0.00866329483687878,0.0336215011775494,-0.219943538308144,0.0827902033925056,0.0035291297826916,0.0529549494385719,0.0131737925112247,-0.124831132590771,-0.0182211622595787
"cg03306374",0.449301511049271,0.0508676767349243,0.0447388887405396,0.0696941018104553,0.00564996851608157,-0.0436358451843262,0.0874679610133171,-0.0487289912998676,-0.171489953994751,-0.0424231626093388,-0.00034964139922522,-0.0375974588096142,-0.0647710785269737,-0.0208553168922663,0.0600985288619995
"cg20443254",0.358906358480453,-0.16093336045742,-0.00892521440982819,0.00692553818225861,0.00151868839748204,0.0341911315917969,-0.10743298381567,0.138407960534096,-0.241872519254684,0.115171402692795,-0.0168581381440163,0.011491128243506,0.0100378440693021,-0.0110767614096403,0.0180566031485796
"cg01163842",0.39343649148941,-0.00756135117262602,0.0349314995110035,0.0887435525655746,-0.018689027056098,0.298077434301376,-0.00894790422171354,-0.00169181579258293,0.0133711779490113,0.130637109279633,0.00896100234240294,0.0173977892845869,0.021695027127862,-0.0479656867682934,-0.00857349298894405
"cg02003183",0.062445405870676,-0.157048180699348,-0.0117217749357224,0.0140181621536613,0.0102541698142886,0.251931607723236,-0.48368963599205,-0.0173084940761328,0.0844838544726372,-0.166176527738571,0.148068398237228,-0.0388376973569393,-0.0804601088166237,0.0337738282978535,0.0144112128764391
"cg25218716",0.276906043291092,-0.172155916690826,-0.000818969565443695,0.10310634970665,-0.0165098421275616,0.0533269084990025,-0.117634199559689,0.0516188703477383,-0.412514984607697,-0.0497873984277248,0.0137369967997074,-0.00640561245381832,-0.115583881735802,0.0883273482322693,0.137925878167152
"cg18888655",0.308903276920319,0.322804838418961,0.00836708769202232,0.00145400827750564,-0.0115108052268624,-0.044253759086132,-0.0340935997664928,-0.0495815947651863,0.0438230521976948,0.0155295431613922,0.0490410625934601,0.056122187525034,0.174190551042557,-0.00177932647056878,-0.0701595172286034
"cg12539796",0.302536606788635,-0.0309017486870289,-0.0116449827328324,-0.0870257467031479,-0.00762061215937138,0.25073429942131,0.0585502833127975,-0.167485594749451,0.0825958400964737,-0.00812652055174112,-0.0118910353630781,0.0600195750594139,0.211074650287628,0.00150929065421224,0.0401533767580986
"cg18991611",0.390008121728897,-0.0216202102601528,-6.45871332380921e-05,0.295443296432495,0.0049963085912168,-0.0358515568077564,0.135145142674446,-0.0193493403494358,0.0162847675383091,-0.00110187160316855,0.00549570750445127,-0.0744467601180077,-0.161099836230278,-0.0160699374973774,0.13002946972847
"cg07113199",0.363642811775208,-0.162845298647881,0.00464187050238252,0.114532098174095,0.00354516552761197,0.197277620434761,-0.0610082820057869,0.0433112159371376,0.359572529792786,0.0758685246109962,-0.026287030428648,-0.00295134983025491,-0.0345025025308132,-0.0525314025580883,0.0931184589862823
"cg13755070",0.444277554750443,0.0762091726064682,-0.00136278779245913,0.0788705050945282,0.00344551331363618,0.00162867060862482,0.0417279712855816,-0.0488258525729179,-0.098382256925106,-0.0106962928548455,0.00433201575651765,-0.0288064368069172,-0.185757517814636,0.000778169778641313,0.0690164268016815
"cg08599635",0.00391466310247779,0.289392471313477,-0.000134018453536555,0.134589642286301,0.0112733840942383,0.369341135025024,-0.129507303237915,-0.0131748775020242,0.0409959144890308,-0.183997437357903,-0.0210006833076477,-0.0332416146993637,0.176844790577888,-0.00272089475765824,0.161256819963455
"cg17264670",0.423711180686951,0.179005026817322,0.00125268357805908,-0.0554670095443726,-0.0221003443002701,0.00505420612171292,0.198800384998322,-0.0232313107699156,-0.132840394973755,-0.0114229926839471,0.0375259481370449,0.0211254023015499,0.0441875234246254,0.0169535279273987,-0.0638916343450546
"cg00817367",0.413920134305954,-0.146955862641335,-0.000210842496016994,-0.0567203313112259,0.00059295998653397,0.0733218789100647,0.085591696202755,-0.0649287104606628,0.0236892383545637,0.0419996716082096,0.00597856845706701,-0.00142456474713981,0.0953502133488655,0.0724160373210907,-0.0089476415887475
"cg26388816",0.169690325856209,0.0246590729802847,0.142173200845718,0.0788733214139938,-0.070449598133564,0.229545652866364,0.0255471263080835,-0.160646244883537,0.220247372984886,-0.0206250380724669,0.0295070577412844,0.0117787132039666,0.0359441637992859,0.0925984382629395,0.0641734078526497
"cg17219660",-0.200262859463692,-0.449362874031067,0.00632966589182615,0.0705461502075195,-0.0107874982059002,-0.0189802050590515,0.164668440818787,0.134230449795723,-0.0893131047487259,-0.118807189166546,-0.0214836522936821,0.00518170604482293,0.150053843855858,-0.0324982553720474,-0.0213726442307234
"cg22260952",0.417906701564789,0.121462240815163,0.0335193686187267,0.106113903224468,0.0312512628734112,-0.131104364991188,0.0145358620211482,0.0733160823583603,0.135825723409653,0.108351677656174,0.0143300853669643,-0.0737561509013176,0.025554496794939,-0.0682022646069527,0.0792086198925972
"cg01324372",0.324064701795578,-0.268543243408203,-0.00315361330285668,-0.0782176777720451,0.00434588082134724,-0.00627310108393431,-0.1307532787323,-0.0367484427988529,-0.0215543452650309,-0.0674182623624802,0.045240618288517,-0.0284636560827494,0.326831072568893,-0.0174416825175285,-0.0596968345344067
"cg04187185",0.10805632174015,-0.226226955652237,0.0218952186405659,0.0278650280088186,0.0118772853165865,-0.223808765411377,-0.234300062060356,0.00714391097426414,-0.0644115209579468,-0.0437481105327606,-0.00462250038981438,-0.00544509664177895,0.187474250793457,-0.0211734641343355,-0.0944692045450211
"cg04518342",0.296994268894196,-0.109645143151283,0.00419966131448746,-0.032116711139679,-0.000494932290166616,0.264100253582001,0.00260626990348101,0.114095471799374,0.199699908494949,-0.0334243401885033,0.0146820228546858,0.0107800457626581,0.211937084794044,0.0747177824378014,-0.084859773516655
"cg14416371",0.451479494571686,-0.0648056268692017,0.00366962049156427,0.0467583201825619,0.0342923663556576,-0.0692069455981255,0.0296147186309099,-0.00908397976309061,-0.219894886016846,0.0051567661575973,0.00084548705490306,0.0178184192627668,-0.0949485376477242,0.0176204312592745,0.0476540774106979
"cg22455914",0.441288977861404,-0.00700314110144973,0.0495653115212917,0.0855606198310852,0.0188401211053133,0.128951236605644,0.0212564133107662,-0.0434746108949184,-0.176252096891403,-0.0491195507347584,0.00228759669698775,0.00541666429489851,-0.222583130002022,0.0224520117044449,0.0716735050082207
"cg14861089",0.400265038013458,-0.158060476183891,0.0300121828913689,0.0725386068224907,0.0511512272059917,-0.107044696807861,0.130458235740662,0.0899615660309792,0.110591180622578,0.13623209297657,0.0119028501212597,0.0186931286007166,0.0247646868228912,-0.0467407256364822,0.0413357429206371
"cg10327440",0.0150808831676841,0.0349851809442043,-0.00501014897599816,0.00464598601683974,-0.02683518640697,-0.0333132147789001,-0.0830758437514305,0.00289161852560937,0.00644760765135288,0.0462185181677341,0.0145492777228355,-0.0329533629119396,0.039792887866497,0.0108837634325027,0.0505862981081009
"cg04037038",0.379507422447205,-0.0228083580732346,0.000953274953644723,0.00343683431856334,0.00221628579311073,0.114095151424408,0.0922906920313835,-0.0205424074083567,-0.0788053348660469,-0.0508167929947376,0.00267892424017191,-0.0463327914476395,0.0163177382200956,-0.00532862497493625,-0.0992069467902184
"cg03686593",0.179237484931946,-0.315855920314789,-0.000105604092823341,0.0874859169125557,-0.00539109297096729,0.102200850844383,0.0627209767699242,-0.0356507934629917,-0.0931208804249763,0.00604572426527739,0.00722718331962824,-0.00543999625369906,-0.107311226427555,0.00498433643952012,-0.0764289572834969
"cg17935217",0.0697250962257385,-0.451200395822525,-0.00286329793743789,0.00393324485048652,-0.0141043374314904,-0.102813549339771,-0.0313375480473042,-0.0907137170433998,0.0217248573899269,0.182337254285812,0.040989201515913,0.0824021771550179,0.117073819041252,-0.054266557097435,-0.0928093940019608
"cg18096251",-0.151730537414551,0.000706281862221658,-0.071753554046154,0.509410619735718,0.0189213249832392,-0.110534407198429,0.0548074096441269,-0.111712425947189,0.0599924102425575,0.0893560871481895,-0.0539468713104725,0.0383229926228523,0.0560836717486382,0.0459787100553513,-0.00132655492052436
"cg17526573",0.405753254890442,-0.033218827098608,-0.0062406538054347,0.0865618884563446,-0.00285004312172532,0.139279037714005,0.00135963561479002,0.106320567429066,-0.264815419912338,0.0799276828765869,-0.0087590841576457,-0.00478776777163148,-0.0697512552142143,-0.00114547705743462,-0.00853945035487413
"rs264581",0.0139122372493148,-0.0704640746116638,-0.000417596427723765,-0.0349356308579445,-0.00810114853084087,-0.0242422465234995,-0.0298914555460215,0.0300883427262306,-0.00382089032791555,0.0325930193066597,0.0105931833386421,0.0436389185488224,-0.0105100562795997,-0.0123041048645973,0.0102357910946012
"cg08234308",0.430707275867462,-0.013657876290381,6.39760546619073e-05,-0.018042117357254,-0.00119035050738603,0.247819051146507,0.0900716334581375,-0.0032036944758147,-0.0539859905838966,0.0146659640595317,0.00621084030717611,-0.00420766044408083,-0.0394559875130653,0.0640000775456429,-0.0573383420705795
"rs5926356",-0.0218293555080891,-0.0486790128052235,-0.00206527858972549,-0.000855040154419839,-0.0126618472859263,-0.031744085252285,0.00749346381053329,0.00556219136342406,-0.055265199393034,-0.046111986041069,0.0473537556827068,0.130050301551819,0.037332009524107,0.0249518230557442,0.0305659547448158
"cg16647921",0.298979550600052,-0.176862776279449,-0.0203498248010874,0.224420383572578,-0.00599159393459558,0.020732294768095,-0.163858905434608,0.138991966843605,-0.0894398763775826,0.00214486243203282,-0.0324973538517952,0.00444191042333841,0.0113281859084964,0.00149791815783828,0.0111235063523054
"cg12468774",0.364643782377243,-0.283330708742142,-0.00287862191908062,0.0468523018062115,0.00710513116791844,0.00167011236771941,0.0793293938040733,0.0843773484230042,0.00755508244037628,-0.246751114726067,-0.0887017622590065,0.0325196832418442,0.0130738113075495,0.0584222935140133,0.0173389557749033
"cg01565320",0.428082525730133,0.133789002895355,0.0291751194745302,0.0375524312257767,-0.00252680294215679,0.0725164636969566,-0.0540174730122089,-0.0351521596312523,-0.24156542122364,-0.0296837873756886,0.0337816141545773,-0.0285867787897587,-0.0981478318572044,-0.0493262261152267,0.0509488098323345
"cg00103771",-0.0295053422451019,0.0432850196957588,-0.00299822678789496,0.137509658932686,0.000241656904108822,-0.0118379732593894,0.0548999384045601,0.0361592173576355,0.0428930856287479,-0.0415781140327454,0.0111230807378888,-0.00499332835897803,0.00925135519355536,-0.0221902299672365,0.0262290500104427
"cg14118515",0.237148329615593,-0.139544904232025,0.00211898656561971,0.219001993536949,-0.0201546847820282,-0.234311357140541,-0.0836031660437584,0.0100247319787741,-0.254994958639145,-0.00184218236245215,0.0113293537870049,-0.000853242818266153,0.110335722565651,-0.0645188987255096,0.0849380791187286
"cg07795766",0.233984738588333,-0.157165795564651,0.0190924182534218,-0.015076344832778,0.0235684085637331,0.230979263782501,0.298287987709045,0.136983960866928,0.0822505131363869,-0.210515841841698,-0.0990161821246147,0.0830737501382828,0.0531523264944553,-0.0313206575810909,-0.125236511230469
"cg02622647",0.115885138511658,-0.113494403660297,-0.0177994463592768,0.0755010843276978,0.00314217852428555,0.0486554391682148,-0.0298396646976471,-0.00886746495962143,-0.0241410508751869,-0.0171830132603645,0.0101599553599954,0.0805126652121544,0.0736941769719124,-0.0346945747733116,-0.0425652638077736
"cg07790615",0.418867111206055,-0.0636608451604843,0.0216046459972858,0.00538943521678448,0.0252460315823555,-0.215372756123543,0.0680565163493156,-0.0130131496116519,-0.174240782856941,-0.0104297725483775,-0.000826239644084126,-0.0182956140488386,-0.0701728686690331,-0.0574166402220726,0.037610188126564
"cg07703462",0.389038920402527,-0.103359758853912,0.0255929362028837,-0.0775347948074341,0.00911068730056286,0.0667603462934494,0.0706399083137512,-0.0767272561788559,0.190405115485191,-0.0162614956498146,0.0162832513451576,0.0817930325865746,0.147483855485916,-0.0840567424893379,-0.0045866877771914
"cg10249637",-0.087436281144619,0.235089763998985,0.00589798437431455,0.547881186008453,0.0229358896613121,0.0634971186518669,-0.102911174297333,0.244852036237717,0.0133950589224696,0.203153267502785,-0.0547121874988079,0.129280686378479,-0.0564970150589943,0.0327148027718067,-0.222718104720116
"cg22761670",0.301701128482819,0.0219226256012917,-0.0096592903137207,-0.0230209045112133,-0.0210512429475784,0.119671992957592,-0.00205540633760393,-0.134835928678513,0.158421590924263,-0.102458789944649,0.0161253698170185,0.00663317646831274,0.207257360219955,0.0176440645009279,0.108642585575581
"cg14862207",0.367639511823654,0.197404727339745,-0.0036437357775867,0.00249729235656559,0.000394125410821289,-0.23282553255558,-0.0933105200529099,-0.147133335471153,-0.00913957040756941,-0.0807993412017822,0.00666697835549712,0.0187586937099695,0.187952473759651,0.0978984236717224,-0.0801000073552132
"cg02526522",0.44431933760643,0.084473691880703,0.00155825039837509,0.06167371571064,0.010309349745512,0.00344055681489408,0.0366649813950062,-0.0490787662565708,-0.109860301017761,-0.0128677999600768,0.00291074742563069,-0.0436476059257984,-0.190733313560486,-0.00575754046440125,0.0438356585800648
"cg08578734",0.414733111858368,0.0259294975548983,-4.45508776465431e-05,0.121048904955387,-0.00752431713044643,0.0581551194190979,-0.0231800060719252,0.0119830351322889,0.212387055158615,-0.158503010869026,-0.0439694002270699,-0.0682338550686836,-0.03547103703022,-0.0193231385201216,0.00345439929515123
"cg17101450",0.438497245311737,0.0145044084638357,-0.0608886331319809,-0.00103940756525844,0.0126271368935704,0.00594458589330316,0.0963831469416618,0.0683263465762138,0.142049878835678,0.147965908050537,0.0376506969332695,-0.00232991483062506,0.0724598616361618,-0.0191695969551802,-0.0196031238883734
"cg27085741",0.379392743110657,0.00851763505488634,-0.00265168584883213,-0.00167070201132447,-0.00321715697646141,0.201554790139198,0.0297215674072504,-0.0108925346285105,0.0732692033052444,0.00859415251761675,0.0163570865988731,-0.022215997800231,0.18976217508316,-0.00876235216856003,0.0233412049710751
"cg20172627",0.156244471669197,-0.398024916648865,0.00179734663106501,0.0123616838827729,0.00760569563135505,0.00981389917433262,0.0357699654996395,-0.0443990603089333,-0.003748674178496,0.0781864672899246,0.002865917282179,0.060206975787878,0.157022058963776,-0.00546888168901205,-0.0442012622952461
"cg17402060",0.327049136161804,0.0592492707073689,-0.0120280049741268,-0.00517053296789527,-0.0130906971171498,-0.00567941414192319,-0.212162390351295,0.0926303938031197,0.0364346504211426,0.0072160791605711,0.00685562426224351,-0.0393562540411949,0.159779325127602,-0.0498776286840439,0.0155242839828134
"cg03044249",0.395172297954559,-0.0257722195237875,0.029767258092761,0.142005398869514,0.0200349185615778,-0.122925564646721,-0.0191675778478384,-0.0222266502678394,-0.132252484560013,-0.110510103404522,0.013697387650609,0.00639052223414183,-0.144707024097443,-0.0244280751794577,0.0280119068920612
"cg04522310",0.373595386743546,-0.00887808762490749,-0.077573224902153,-0.00548766320571303,-0.0234950445592403,0.127602130174637,-0.12565053999424,-0.0680566132068634,0.246412709355354,-0.0846179723739624,-0.000914393342100084,-0.00551195163279772,0.163625612854958,0.0279000140726566,-0.150208696722984
"cg26107890",0.0598919875919819,-0.374288618564606,0.0355658829212189,-0.0821618512272835,0.00281137158162892,-0.179415166378021,0.0767657309770584,-0.0832638740539551,-0.072062224149704,0.138291418552399,-0.0419387519359589,0.0648775771260262,0.237600386142731,0.0754676088690758,-0.0939463153481483
"cg20183619",0.30064982175827,-0.315333634614944,-0.00656518479809165,0.302264720201492,-0.00173409539274871,-0.078240841627121,0.016690481454134,-0.116222091019154,-0.132676914334297,0.011513389647007,0.00452111149206758,-0.00860612001270056,-0.115000672638416,-0.0324542932212353,0.0755400732159615
"cg22498143",0.379410237073898,0.10081972181797,-0.0202133357524872,0.0828476101160049,0.00186315504834056,-0.177505448460579,-0.0787897109985352,0.0341993868350983,-0.0386071167886257,0.0578262731432915,-0.00926327798515558,0.0804928913712502,0.258306711912155,-0.0322903245687485,0.0666406750679016
"cg26296488",0.297635585069656,-0.254204899072647,0.0452792160212994,0.339035362005234,-0.00165909028146416,0.025726517662406,0.125006034970284,0.0279777515679598,-0.0991597324609756,0.0445265732705593,-0.00619526300579309,0.0349709987640381,-0.0675789788365364,-0.0347263962030411,0.148147210478783
"cg04204831",0.384535670280457,-0.107635118067265,0.0141792725771666,0.149631515145302,0.00776452803984284,0.153887435793877,0.11799031496048,-0.0960754379630089,-0.020326554775238,-0.0057448917068541,-0.0133381299674511,0.0188412126153708,0.0145915597677231,-0.0206117667257786,0.0382816717028618
"cg16126280",0.411117494106293,0.050161175429821,0.00262804399244487,-0.0181952491402626,0.000164185330504552,0.0154826147481799,-0.0140856942161918,-0.0562742874026299,-0.313173413276672,-0.00919655710458755,0.00138899229932576,-0.0133543992415071,0.00368673633784056,-0.0128131955862045,-0.000712118344381452
"cg09885502",0.0350679159164429,-0.0175448022782803,0.00569229386746883,0.00536689767614007,0.0043433248065412,0.0462646819651127,-0.013018068857491,-0.0097532095387578,0.060740914195776,0.0708631053566933,0.00745148258283734,0.033265795558691,-0.0258945021778345,-0.0284258108586073,-0.0852399989962578
"cg11213574",0.411081314086914,0.0810171291232109,0.0531706511974335,-0.0737544447183609,-0.0233079735189676,0.0708434581756592,0.085520327091217,-0.0539392456412315,0.194602102041245,-0.0496907941997051,-0.0503761880099773,-0.0268526040017605,0.134899660944939,0.0099978931248188,-0.0237092617899179
"cg02090762",0.311482608318329,0.0592325329780579,0.0185788590461016,0.0605645440518856,-0.0180107522755861,0.0836011543869972,-0.0698777437210083,0.0982805490493774,-0.00267441640608013,0.112904757261276,0.049333356320858,0.0573688223958015,0.142487317323685,0.065703496336937,0.0385203398764133
"cg08481075",0.440018892288208,0.185340911149979,-0.00338239036500454,0.0196634754538536,-0.00751962466165423,-0.0460426062345505,0.183193027973175,0.127196222543716,-0.0375898256897926,-0.087651863694191,0.00505832443013787,0.00824021548032761,0.163223043084145,0.0890804380178452,-0.0106029864400625
"cg05297854",0.406211644411087,0.0418722294270992,0.0190062578767538,-0.0690741240978241,-0.0319826640188694,0.121535912156105,0.0636127591133118,-0.0398410260677338,0.205226570367813,-0.0488009862601757,-0.0299261808395386,-0.0332092829048634,0.117055356502533,0.0229978542774916,-0.0348316580057144
"cg17331296",0.403566509485245,0.0527909733355045,-0.000193145373486914,0.0971206203103065,0.00540300598368049,0.134545177221298,0.0403323844075203,-0.12055342644453,-0.212274894118309,-0.103421613574028,0.00694743962958455,0.0436292290687561,-0.147273018956184,0.0119042573496699,0.00582700641825795
"cg10356613",0.419325083494186,0.12342531234026,0.0141627108678222,0.0528145171701908,0.00934368371963501,0.0126633383333683,-0.0673025846481323,0.0115509601309896,-0.121392942965031,-0.0215900633484125,-0.00228970381431282,-0.00354896625503898,-0.0287318211048841,-0.079254537820816,0.00466958060860634
"cg14315558",0.319393575191498,0.0386868417263031,-0.0044981986284256,-0.0697264298796654,0.000773263745941222,0.283437788486481,0.0854438841342926,-0.0399655811488628,0.106308400630951,0.0102950455620885,0.00476341554895043,0.0125612411648035,0.144129261374474,0.0300182662904263,-0.0263803452253342
"cg27555582",0.441823154687881,-0.0160260554403067,-0.00545278564095497,0.012193763628602,0.0103376572951674,-0.148517608642578,-0.0112193683162332,0.00668891239911318,0.0038338580634445,0.000904200773220509,0.000836922146845609,-0.00924667902290821,0.00741357961669564,0.00928949471563101,-0.00507504353299737
"cg18391209",0.0347343757748604,0.0313341841101646,-0.0291417390108109,0.0105832563713193,0.0052603711374104,0.0214395746588707,-0.0500454902648926,0.00700236251577735,-0.0394742488861084,0.00316201848909259,-0.00543428072705865,-0.0178524758666754,-0.0528653226792812,-0.038901399821043,-0.0659112855792046
"cg09000583",0.263238072395325,-0.351043045520782,-0.000782536342740059,0.194627448916435,0.00257645919919014,0.0918025225400925,0.0871564149856567,0.0361895374953747,0.227515771985054,0.190231204032898,0.0693226754665375,0.00705665303394198,-0.0446270145475864,-0.0506417937576771,-0.000847532763145864
"cg07486474",0.0104792602360249,0.347686111927032,-0.00533095747232437,0.437095463275909,0.0318189412355423,0.071889616549015,0.113444559276104,0.0182194914668798,-0.037497166544199,0.0363553911447525,0.0154327349737287,-0.0272899400442839,-0.0414755120873451,0.0138955907896161,0.0766126662492752
"cg19053239",0.401787459850311,-0.100921638309956,-0.00462249619886279,0.0677748173475266,0.000792502891272306,-0.0280874390155077,-0.0723720788955688,-0.0483936406672001,0.0992668867111206,-0.0577137693762779,-0.0417187921702862,-0.0426648557186127,0.106941975653172,0.0103432675823569,0.0239571724087
"cg01567173",-0.148927107453346,-0.175453811883926,-0.00121686386410147,0.551391959190369,-0.0184655990451574,-0.0464297458529472,-0.0553697682917118,-0.0521975085139275,-0.0705717951059341,-0.0362279713153839,0.0343177132308483,-0.00220494391396642,0.0146857891231775,0.00656531052663922,-0.140797391533852
"cg23428985",0.389623403549194,0.0172644350677729,-0.01970149949193,0.0479287728667259,-0.00527487555518746,0.135971412062645,0.0338578596711159,0.0579570308327675,-0.105709187686443,0.179560750722885,0.0368126034736633,-0.0198220238089561,0.126212984323502,0.0513781979680061,-0.110287614166737
"cg09130077",0.30389928817749,-0.331308931112289,-0.00175077083986253,0.184541791677475,0.00457472214475274,0.122203968465328,0.0812062621116638,0.00819462817162275,0.241699323058128,0.24620333313942,0.00988477095961571,0.00463407346978784,-0.0958320200443268,-0.041061595082283,-0.00523852044716477
"cg13356896",0.301858216524124,-0.303667843341827,-8.66784466779791e-05,-0.000985412974841893,-0.00408652750775218,0.169212594628334,-0.00109403545502573,-0.0531612411141396,-0.026445560157299,0.0173275265842676,0.000454346620244905,0.0369363985955715,-0.0384724922478199,-0.0144515195861459,0.00288435444235802
"cg00582971",0.409929126501083,-0.0163472648710012,0.0422722958028316,0.198178887367249,0.00530697032809258,-0.0105304531753063,0.119347214698792,-0.00254319328814745,-0.164672166109085,-0.018254017457366,-0.0058107515797019,-0.019448971375823,-0.105768240988255,-0.0308377798646688,0.0991119369864464
"cg21158163",-0.0359130650758743,-0.0792989656329155,0.0340798050165176,0.56793749332428,-0.0286613516509533,-0.237731263041496,0.00572817912325263,-0.052403662353754,-0.140045255422592,-0.150527626276016,0.00136887223925442,-0.0217611603438854,-0.0442893989384174,-0.0061426074244082,-0.179631069302559
"cg25459558",0.413374483585358,0.174852803349495,-0.0521511510014534,0.0448374859988689,-0.0174107681959867,-0.0317367017269135,0.0677387118339539,0.103250481188297,-0.0993533059954643,-0.0172876678407192,0.00151618325617164,0.0469468496739864,0.229916155338287,0.0989281088113785,-0.0188444424420595
"cg05905176",0.428782343864441,-0.00144020980224013,-0.0039449199102819,0.000692090718075633,0.00083296443335712,-0.0283854659646749,-0.0354224219918251,0.00273685227148235,0.135187759995461,0.0461484156548977,0.0226850528270006,-0.0191782806068659,0.132285878062248,0.0538974702358246,-0.0236988160759211
"cg06204735",0.400420695543289,0.0752621591091156,-0.00191887782420963,0.059215672314167,-0.00476653035730124,0.0257078781723976,-0.0536122880876064,0.0144026344642043,-0.309341222047806,-0.0129707641899586,-0.00723240850493312,-0.0337779596447945,0.0105604669079185,0.0151531249284744,-0.0441750511527061
"cg21523564",0.357504516839981,-0.158185750246048,0.0531264506280422,-0.0884386152029037,0.0354064404964447,-0.196886867284775,-0.0780471637845039,-0.120362177491188,0.134224429726601,-0.152926072478294,0.00393701391294599,-0.0160997752100229,0.187350764870644,0.0190138965845108,-0.0050129285082221
"cg25950625",0.254517316818237,-0.132168918848038,-0.00557567831128836,0.333600580692291,-0.0118005312979221,-0.290069788694382,-0.00654288427904248,0.0430881939828396,-0.106014102697372,-0.0139369936659932,-0.00547813251614571,-0.0392643362283707,0.00900360196828842,-0.0266698878258467,0.0282719694077969
"cg11843238",0.291256040334702,-0.166161552071571,-0.00145668792538345,-0.0529346838593483,-0.00633841194212437,0.278890758752823,-0.0249777492135763,0.0978083461523056,0.233167871832848,0.0020801960490644,0.00681638205423951,0.00619482016190886,0.17387518286705,0.0760108903050423,-0.087425671517849
"cg14732324",0.389208644628525,-0.0887143313884735,0.00118680181913078,0.0564287975430489,0.00136824569199234,0.0375092178583145,-0.147691756486893,0.00573472725227475,-0.241794854402542,-0.0093791214749217,0.0211225003004074,0.0190907008945942,-0.0286881383508444,0.0847130864858627,0.0306628458201885
"cg17736443",0.266902387142181,-0.277385920286179,0.00293268798850477,-0.0816424861550331,0.0222420655190945,-0.069608174264431,-0.136255338788033,-0.0474406257271767,0.0218149907886982,-0.0860713869333267,-0.0188826769590378,0.00425353925675154,0.14383952319622,-0.0522111356258392,0.00877250544726849
"cg05583676",-0.228044971823692,0.105204693973064,-0.00341868423856795,0.633608400821686,-0.0251205824315548,0.076936848461628,0.0594695881009102,-0.0803679898381233,-0.0151828657835722,-0.0213756579905748,0.00357994553633034,0.0320022664964199,-0.0156280733644962,0.0608356073498726,-0.118488311767578
"cg11355215",0.414594650268555,-0.0144398733973503,-0.0034962291829288,0.0961000919342041,0.00994010176509619,-0.00404345616698265,-0.0248771701008081,0.0956817790865898,0.222710818052292,0.0556087382137775,0.0908802971243858,-0.0376241989433765,-0.0388984456658363,0.0461434610188007,0.0131904846057296
"cg12934884",0.0741861537098885,-0.128025069832802,0.0599380210042,0.46075239777565,-0.0682526901364326,-0.203319266438484,-0.133751109242439,-0.055595874786377,0.0807951539754868,0.0580150596797466,-0.00563162611797452,-2.30673254009162e-06,0.0117618208751082,0.0148338843137026,-0.122010104358196
"cg16493071",-0.0471711046993732,-0.0650909692049026,-0.0221539624035358,0.306552052497864,0.00680364854633808,0.348200380802155,-0.0586136505007744,0.0593666285276413,0.237746626138687,-0.00233489670790732,0.00346873933449388,0.0244132932275534,-0.16493034362793,0.0301919765770435,0.0112185552716255
"cg12542255",-0.25400248169899,-0.24705658853054,0.014241449534893,0.0765967592597008,0.0437415167689323,0.00509620644152164,0.0997490882873535,-0.0977658331394196,-0.172259226441383,0.207950934767723,-0.00211756094358861,-0.0309165436774492,0.252370297908783,-0.0394545458257198,-0.106398113071918
"cg02256631",0.251517236232758,-0.0228818356990814,0.00330644217319787,0.00124145729932934,0.0164888799190521,-0.0604511126875877,0.305159747600555,-0.113712593913078,-0.196090593934059,0.0894927084445953,-0.000259790569543839,-0.0398864820599556,0.127469971776009,0.0222783647477627,0.0229321494698524
"cg16364121",0.42404305934906,-0.0174802411347628,0.00240839365869761,0.0945426374673843,-0.00564406672492623,0.0323014408349991,0.0391819402575493,0.00112659414298832,-0.164991676807404,0.0515536777675152,-0.0210885237902403,-0.0162667762488127,0.00604170374572277,0.00338744325563312,0.0363738052546978
"cg06445348",0.435584753751755,-0.00712533248588443,0.004605483263731,0.166066125035286,0.0251247808337212,0.118496216833591,0.036699440330267,0.0643476843833923,-0.163315668702126,0.0238881409168243,0.00279214954935014,-0.0714229121804237,-0.00668302131816745,0.00997395813465118,-0.00277963606640697
"cg00907288",0.294401943683624,-0.259877890348434,0.00925316382199526,-0.0654908046126366,0.000680209952406585,0.102844633162022,0.0531913191080093,0.109889298677444,0.04289460927248,0.0225553438067436,-0.00989326275885105,0.015336531214416,0.263211667537689,0.0262102782726288,-0.0446519404649734
"cg26864714",-0.161248773336411,0.141407027840614,0.0211799591779709,0.654424250125885,-0.00434034364297986,0.0690818056464195,0.0369636118412018,-0.0977485403418541,-0.050823450088501,-0.0948697254061699,0.00985699705779552,0.00952074863016605,-0.0303698405623436,0.0667174831032753,-0.105607978999615
"cg19595750",0.403252422809601,0.0646510347723961,0.00101043411996216,-0.00222777435556054,-0.0123487273231149,0.226972490549088,0.0137090142816305,-0.0244535952806473,0.0919650197029114,0.00797323975712061,0.0145267881453037,-0.00151748186908662,0.0690521225333214,0.0121092954650521,-0.023335587233305
"cg06045337",0.267126142978668,-0.0367087051272392,-0.0518404208123684,-0.00749168638139963,-0.0143852205947042,0.0357936099171638,0.00859292969107628,-0.18039707839489,0.0111619951203465,-0.171183004975319,-0.0560130290687084,0.00836512353271246,0.0192982275038958,0.0856456086039543,0.0807827487587929
"cg16206460",0.436468690633774,0.0359760448336601,0.0264328215271235,0.0102659668773413,0.00732103735208511,-0.0420524962246418,0.128271743655205,-0.0169362910091877,0.136137738823891,-0.152628883719444,0.0110553950071335,0.00571733899414539,0.0261292308568954,0.0379966907203197,-0.00483471900224686
"cg10541864",0.435199201107025,0.0350432433187962,0.00284046120941639,0.0675067231059074,-0.000400496326619759,0.144524276256561,0.0607148408889771,-0.00930189527571201,-0.138766527175903,-0.0221514459699392,0.00585055723786354,-0.00166448159143329,-0.163787573575974,-0.0161652602255344,0.0641011670231819
"cg16328106",0.272274792194366,-0.0716893449425697,0.00960477720946074,-0.00588905345648527,0.0209448132663965,0.0106816096231341,-0.137458339333534,-0.092457078397274,0.0843253284692764,-0.150600031018257,-0.0382337868213654,0.014961427077651,-0.0687789469957352,0.00578089151531458,-0.000433390232501552
"cg13422275",-0.248203963041306,0.0148097313940525,0.000167806603712961,0.575868427753448,-0.0126888742670417,0.0362190008163452,-0.00197475450113416,-0.127171158790588,0.0207090135663748,-0.0477859228849411,0.00526392972096801,0.00770607264712453,-0.0178450755774975,0.0914551690220833,-0.135744616389275
"cg12747584",-0.220674276351929,-0.163544327020645,0.0523022040724754,0.475276112556458,-0.00516102742403746,-0.0522725954651833,0.113700203597546,-0.174816742539406,0.168329730629921,-0.064536027610302,-0.0731659829616547,-0.0455440878868103,0.00121329945977777,-0.0420572832226753,0.0322967767715454
"cg10754395",-0.0849620252847672,0.214579299092293,0.0207316428422928,0.537968516349792,0.0182153396308422,0.0984020456671715,-0.0904666930437088,0.20449310541153,-0.000514103972818702,0.200742214918137,-0.0515538863837719,0.129578694701195,-0.0668342709541321,0.0279236827045679,-0.246351972222328
"cg14904662",0.411258697509766,0.0395563691854477,0.0227950885891914,0.08655896037817,0.0269702989608049,0.10224187374115,0.0410632751882076,0.0716799721121788,0.240296378731728,0.00124939635861665,-0.0237254500389099,0.00411877129226923,0.00833700969815254,-0.0409441888332367,0.0892807468771935
"cg09265054",0.213339552283287,0.0605588108301163,-0.157970771193504,0.0133269662037492,-0.0107666198164225,0.278425335884094,-0.0223274510353804,0.135424479842186,0.152868524193764,-0.202307015657425,0.07925034314394,-0.0995824038982391,0.0364567637443542,-0.0455784276127815,-0.184672981500626
"cg06644655",-0.176493152976036,0.0754436179995537,-0.00624962616711855,0.647650897502899,-0.011285244487226,-0.069116085767746,0.011548881419003,-0.0812007114291191,-0.0612923689186573,-0.00929139275103807,0.0201718807220459,0.00048495308146812,-0.034221176058054,0.00493682594969869,-0.127543807029724
"cg09798888",0.129259705543518,-0.102457121014595,0.153394177556038,0.161912441253662,-0.0462506785988808,0.122208595275879,-0.193772658705711,0.159292876720428,-0.134173348546028,0.0650080963969231,-0.0263022594153881,0.0383883342146873,0.180966272950172,-0.0658375471830368,-0.00384463020600379
"cg27104173",-0.10392002761364,0.279498904943466,0.0149256270378828,0.522435128688812,0.0353614203631878,0.0428489446640015,-0.076894722878933,0.226656332612038,-0.0360072441399097,0.107919335365295,-0.0425153374671936,0.0891625881195068,-0.0163220204412937,0.0414624065160751,-0.205138117074966
"cg09705457",0.34118115901947,0.0343995951116085,-0.00440810853615403,-0.0413213036954403,-0.00558642763644457,0.13003072142601,0.00842513982206583,-0.0375375188887119,0.154463246464729,-0.00305572641082108,-0.0040892749093473,-0.037516500800848,0.0950193181633949,0.00414633471518755,-0.0368467383086681
"cg24761507",0.418038815259933,0.0971067398786545,0.00516312569379807,0.00215004361234605,0.00779273035004735,0.0143493581563234,-0.0603758133947849,-0.00820958148688078,-0.109378896653652,-0.0403794124722481,0.00758417602628469,-0.0127253197133541,-0.047051478177309,-0.0405252054333687,-0.0571892820298672
"cg18249634",0.386167764663696,-0.198050320148468,0.00351794296875596,0.104809768497944,0.00210220483131707,0.102747671306133,0.00873340480029583,0.0913948863744736,-0.0705346688628197,0.00525629613548517,-0.0104542328044772,-0.00158314127475023,-0.0260678939521313,-0.00626177759841084,0.00478433072566986
"cg12247222",0.300167143344879,0.266515463590622,0.00137822423130274,-0.00634776847437024,-0.0022411672398448,-0.0136733800172806,0.000906936591491103,-0.04290422052145,0.0536557920277119,-0.012135336175561,0.0263023767620325,0.05857889726758,0.173203647136688,-0.0263406559824944,-0.0752935111522675
"cg21634602",0.284881860017776,0.00417651375755668,0.0155533170327544,-0.0130975041538477,0.0196034908294678,0.153512328863144,0.144694492220879,-0.0846031382679939,0.0841801092028618,0.0300867054611444,-0.0308506693691015,-0.00629155756905675,0.205506041646004,-0.0174651611596346,-0.0626425892114639
"cg07976064",0.436812996864319,0.143811196088791,9.98098621494137e-05,0.000297777820378542,0.000959663011599332,0.0384073592722416,0.147427245974541,-0.0476476550102234,0.142865598201752,-0.0838565528392792,0.0675624385476112,-0.0304594468325377,0.034766424447298,0.0105879800394177,0.0161859840154648
"cg15732851",0.0423951111733913,-0.0284326151013374,0.191457062959671,-0.0201733037829399,-0.00692168064415455,0.120611436665058,0.0481664538383484,-0.149642735719681,-0.00525206048041582,0.222294047474861,-0.0790125876665115,0.0141450632363558,0.219334065914154,-0.0170656498521566,0.00589695852249861
"cg06546677",-0.0222361534833908,-0.328897148370743,0.000717440096195787,-0.00706112617626786,-0.00368544645607471,-0.0745660066604614,0.21875761449337,-0.00546729611232877,-0.0375214666128159,-0.0966691225767136,-0.0443801917135715,0.0343933887779713,0.118824936449528,-0.00016161183884833,-0.027868714183569
"cg18261069",0.296470493078232,0.299415558576584,0.0336747951805592,0.00683042081072927,0.0135964099317789,-0.154684334993362,-0.0508801937103271,-0.126227855682373,-0.0687006637454033,-0.204331576824188,0.00918555539101362,-0.0589250177145004,0.202231720089912,-0.0475791990756989,-0.0126496665179729
"cg13401703",0.27824878692627,-0.0401791445910931,0.00456202263012528,-0.0688025653362274,-0.0162205304950476,0.153335332870483,-0.0532876215875149,0.226627141237259,0.231244012713432,-0.145773187279701,-0.00602313969284296,-0.00792045705020428,-0.113058142364025,0.0450026467442513,-0.0529842860996723
"cg07016276",0.353965193033218,0.0956616699695587,0.111226752400398,0.00629461230710149,0.00857909210026264,-0.0338278114795685,-0.00979172624647617,-0.285397887229919,0.00656821113079786,-0.0801076665520668,-0.00381850870326161,0.0229134913533926,0.162986397743225,-0.0319318398833275,-0.0980473458766937
"cg15613420",0.409517288208008,-0.0541667714715004,0.00266968086361885,-0.021031204611063,0.0184419844299555,-0.0502372309565544,0.0847322344779968,0.0195750333368778,0.0995439514517784,-0.0526210106909275,0.0173164531588554,-0.0184175223112106,0.125847294926643,-0.020917197689414,-0.0599694773554802
"cg26001902",0.348702192306519,-0.151312306523323,0.00268384092487395,0.145782500505447,-0.000803999661002308,-0.0357499942183495,0.0119566451758146,-0.0340644046664238,-0.175486549735069,-0.00193126208614558,-0.0461595728993416,0.0170455537736416,-0.0524955354630947,-0.000885990331880748,-0.040294174104929
"cg16755500",0.380103945732117,0.165003031492233,0.0253986809402704,-0.000284305977402255,-0.00839949399232864,0.119261592626572,0.12604732811451,-0.0235786121338606,0.145489603281021,-0.112184837460518,0.0370573624968529,-0.0658352971076965,0.17380103468895,-0.0285696350038052,-0.0629383251070976
"cg02534163",0.422467350959778,-0.0720226094126701,-0.0127848582342267,-0.00211353320628405,0.00950535014271736,-0.180475294589996,0.0143734393641353,-0.0210880264639854,0.142087906599045,-0.187757208943367,-0.0787375569343567,-0.0371400341391563,0.125790044665337,0.000539139902684838,-0.0391123965382576
"cg13800209",0.415569216012955,-0.0851411446928978,0.0859263837337494,0.00262734945863485,0.0310568418353796,-0.00688555836677551,0.097429521381855,-0.0774846971035004,-0.0355200730264187,0.00808840058743954,0.0155310910195112,0.0595621727406979,0.0286347791552544,0.0450660772621632,-0.0549565516412258
"cg09994356",0.354654490947723,-0.0630035921931267,0.0727229043841362,0.0706409960985184,-0.00283543299883604,0.0348842032253742,0.158233866095543,-0.137470453977585,0.0790134966373444,-0.0233183838427067,0.00366641487926245,-0.0388353690505028,0.0518324561417103,0.00759096490219235,0.00396191840991378
"cg16215203",0.448316693305969,0.106633350253105,0.00153225264512002,-0.0555856674909592,-0.00410054018720984,0.0553907379508018,0.0421153977513313,-0.0449271611869335,0.229169443249702,-0.0723233744502068,0.0465938933193684,-0.0356681048870087,0.0636476278305054,0.0571556985378265,-0.084409274160862
"cg23255835",0.386540323495865,0.0183878242969513,-0.00979766622185707,0.0122237745672464,-0.00502189667895436,0.153593197464943,0.0468791797757149,0.054455790668726,-0.109739646315575,0.169488489627838,0.0222565252333879,-0.0110072689130902,0.113424219191074,0.0450346767902374,-0.105877593159676
"cg02048922",-0.0765455663204193,0.0358308851718903,0.0856699645519257,0.428547233343124,-0.0104500874876976,0.0534712821245193,-0.142156675457954,-0.0559056177735329,0.151431262493134,0.329444766044617,0.0329601131379604,-0.00219036592170596,0.121321581304073,-0.0117168556898832,0.113306447863579
"cg03646916",0.355207532644272,-0.0660398453474045,-0.00146146561019123,0.0945773795247078,0.0277831219136715,-0.0596558786928654,0.00301050115376711,0.0137273389846087,0.00418773014098406,-0.0624841451644897,-0.00639827270060778,-0.00313380337320268,0.0266808960586786,0.0272707603871822,-0.0624532364308834
"cg14500486",0.250925689935684,-0.123249046504498,-0.123931363224983,0.236401945352554,0.0526448898017406,0.0535315498709679,0.11008670181036,-0.0111951576545835,-0.0143421189859509,-0.107848301529884,0.0438091494143009,-0.106326878070831,-0.0374397076666355,-0.0692517980933189,0.0804920122027397
"cg15031661",0.332117468118668,-0.224474892020226,-0.00173812138382345,0.325437366962433,0.0022093947045505,-0.205042749643326,0.0439530611038208,-0.052349753677845,-0.115187183022499,-0.0814875066280365,-0.0113213947042823,-0.0420765429735184,-0.141961723566055,0.0240817051380873,0.00470921630039811
"cg07676361",0.268441766500473,0.131737306714058,-0.0068396688438952,0.0844847932457924,-0.00228182855062187,0.189598381519318,-0.0801102221012115,0.217561781406403,0.0125722233206034,-0.126772284507751,0.0178135056048632,-0.0205396469682455,0.139769569039345,-0.0117474356666207,0.0166580472141504
"cg05173913",0.299081325531006,0.0752001106739044,-0.0019987637642771,0.0108874598518014,0.0140803372487426,0.0242016203701496,-0.0143984332680702,-0.0989104807376862,-0.0901971906423569,0.0272818021476269,0.0326860547065735,-0.0257662404328585,0.269639641046524,-0.0250226464122534,-0.114427372813225
"cg24158594",0.4056136906147,-0.0789218172430992,-0.0408681556582451,0.110459730029106,-0.0106539446860552,0.0750171095132828,-0.0110767614096403,-0.0824581235647202,-0.132464602589607,0.0362139120697975,-0.0329137295484543,-0.0104988710954785,-0.179791152477264,0.0545773804187775,0.000550893659237772
"cg03616722",-0.146127730607986,-0.00866307690739632,-0.04282021895051,0.540829360485077,0.000149077124660835,-0.0272053964436054,0.0697386115789413,-0.027358727529645,-0.108238868415356,-0.128539949655533,0.00597448786720634,0.00465782266110182,-0.0758852139115334,-0.0133236264809966,-0.18228417634964
"cg18438793",0.362116873264313,-0.307772368192673,-0.000286847673123702,0.0977370068430901,0.0129351262003183,-0.106783956289291,0.02260847017169,-0.0306855738162994,0.138366281986237,0.0468484275043011,0.015704894438386,0.0143705299124122,0.0512712299823761,-0.0732660219073296,0.0422949977219105
"cg06060135",0.40372359752655,-0.00909510068595409,-0.000167828562553041,0.172761872410774,0.00873476080596447,0.0841363742947578,0.104304783046246,-0.0739719793200493,-0.019633200019598,-0.00704777147620916,-0.00159364403225482,-0.0293693318963051,-0.178251832723618,-0.0346157103776932,-0.0083308145403862
"cg24384244",0.255041122436523,-0.151167869567871,0.00916007999330759,-0.0577037073671818,0.0099744638428092,0.097336158156395,0.0667277574539185,0.0185523107647896,0.0952765047550201,0.131463900208473,-0.00640241894870996,-0.00509791076183319,0.12816596031189,-0.0227967742830515,-0.0175239834934473
"cg24215159",-0.182569548487663,0.0628487914800644,0.00402570515871048,0.631709635257721,0.00912251509726048,-0.0568887554109097,0.00273524760268629,-0.0925075933337212,0.00688941171392798,-0.0909636989235878,-0.0261981151998043,-0.0084682609885931,0.043268758803606,0.0116047421470284,-0.0960448533296585
"cg20740157",0.378942579030991,0.0204537268728018,0.000279011554084718,0.00600129924714565,-0.000167931648320518,0.237775519490242,-0.106966935098171,0.0215712375938892,0.158622875809669,-0.0250956267118454,-0.0101733999326825,-0.138290569186211,0.0615821816027164,0.0371626392006874,-0.0156268570572138
"cg14249876",0.34273299574852,-0.124542392790318,-0.00188473355956376,0.0734085440635681,-0.000351493508787826,0.250461786985397,0.0717178508639336,-0.0631755217909813,-0.0281857643276453,0.0831987634301186,0.00643007177859545,0.0037968079559505,0.0494177304208279,0.0942774936556816,0.0295204557478428
"cg15994026",0.454766452312469,0.00807674508541822,0.00481745740398765,0.0175653714686632,0.0122752636671066,0.109094373881817,0.0554226525127888,-0.0143360393121839,-0.00789180584251881,0.0515468083322048,-0.00782954599708319,-0.042293906211853,-0.0543545037508011,-0.0108917597681284,0.065198540687561
"cg09799983",0.383359789848328,-0.0124880997464061,0.0942076593637466,0.00210457877255976,-0.00860557332634926,0.0597541555762291,-0.155380368232727,-0.00229455134831369,0.0235285740345716,0.00587651925161481,0.00456195836886764,0.000326082663377747,-0.0364538878202438,-0.141562893986702,-0.0044953883625567
"cg03065447",0.365310817956924,0.109636291861534,0.00319661921821535,0.223715603351593,0.0144345983862877,-0.243707224726677,0.0379345826804638,0.0177702065557241,-0.00397301325574517,0.0347137935459614,0.0296747293323278,-0.0157223772257566,0.00323873921297491,0.0552974157035351,0.0626022592186928
"cg16786640",0.187315568327904,0.0733716413378716,-0.162084743380547,0.00649007828906178,0.0108417915180326,0.202402248978615,-0.0143128680065274,0.302224576473236,0.0460092686116695,-0.0637652948498726,0.00787867698818445,0.0125102745369077,0.206219866871834,-0.00620220135897398,-0.192642629146576
"cg08856842",-0.209826707839966,0.112852975726128,0.00963339954614639,0.622378885746002,-0.0331541635096073,0.0324746966362,0.0703076422214508,-0.0858262926340103,-0.0487092025578022,-0.0733471885323524,0.020494632422924,0.0103902909904718,-0.0224465597420931,0.00835022702813148,-0.132525250315666
"cg00857907",0.263046532869339,0.0255736783146858,-0.0275375321507454,-0.0113497152924538,0.00231643696315587,0.177962616086006,-0.055729441344738,0.356756210327148,0.161594405770302,-0.0686735883355141,0.0046397102996707,-0.0391637608408928,0.13965468108654,0.117074280977249,-0.0102709755301476
"cg10762626",0.417415589094162,0.0877847522497177,-0.00139447941910475,0.0699778273701668,0.0131420083343983,0.0548758171498775,-0.0601018629968166,0.075885146856308,-0.0994627252221107,0.0171297639608383,0.0318927802145481,-0.00509253097698092,0.00966976210474968,0.0162498187273741,-0.0547107718884945
"cg27097992",-0.189903318881989,-0.143495574593544,0.0347266905009747,0.560573399066925,-0.0587709508836269,0.0986683145165443,0.0178287122398615,0.0735024809837341,0.108246840536594,-0.0196910221129656,-0.00384206627495587,0.0709602236747742,0.0373552106320858,0.0803936645388603,-0.0879428908228874
"cg14169333",0.423034906387329,0.0689526870846748,-0.00866824202239513,-0.000119411728519481,-0.0372739471495152,0.0700764656066895,-0.0751990452408791,-0.00183914671652019,-0.0967953950166702,0.0283083394169807,-0.00317289703525603,0.0154591128230095,-0.0319175682961941,-0.000837654864881188,-0.013967165723443
"cg12174804",0.352302193641663,0.0871246308088303,0.00705171329900622,-0.00219810428097844,0.00708640273660421,-0.0948540642857552,0.0256441738456488,-0.0143755227327347,0.0476185008883476,-0.116861641407013,0.00666777230799198,0.00871054641902447,0.162719562649727,-0.0908202081918716,-0.0156468935310841
"cg20100745",0.186088144779205,0.171303659677505,0.0343801826238632,0.0976173579692841,-0.00604076730087399,0.107034981250763,0.0807461813092232,0.139239475131035,-0.0972814932465553,-0.0506237223744392,-0.050598468631506,-0.0703064575791359,0.193388029932976,-0.132465273141861,0.0817411094903946
"cg26864905",-0.198244795203209,-0.132832989096642,-0.0588158667087555,0.120338514447212,0.0131915528327227,0.29743492603302,-0.0758589282631874,0.0519554652273655,-0.067780502140522,-0.0990276336669922,0.00413549831137061,-0.00547774881124496,0.131332293152809,-0.194194123148918,0.0189043618738651
"cg13028819",-0.272064626216888,-0.109948523342609,0.0202449094504118,0.391122311353683,0.00162186357192695,0.186755359172821,-0.0825716033577919,-0.0970290005207062,0.0861043855547905,-0.0135615086182952,-0.0225555207580328,0.0507536455988884,0.00814762618392706,0.0888746455311775,0.0300821475684643
"cg06502570",-0.203928276896477,0.0472942739725113,0.011375262401998,0.617886960506439,-0.0122104939073324,-0.00254583125934005,-0.00754868471994996,-0.0747772306203842,-0.0900357738137245,-0.0165921859443188,0.00912094488739967,-0.0653646439313889,-0.0258509553968906,0.00896272994577885,-0.105171017348766
"cg11837293",-0.0393550843000412,0.141260132193565,0.0559171475470066,0.0203540995717049,-0.00186909013427794,0.19440969824791,-0.168864235281944,-0.14847694337368,0.00666315667331219,0.00120665691792965,-0.00508685084059834,-0.0727185532450676,0.232037201523781,-0.0676997303962708,0.0184080321341753
"cg12783819",0.353569269180298,0.120973266661167,0.00441647320985794,-0.0630303099751472,0.0401866361498833,-0.00766753405332565,0.13044773042202,-0.0855677574872971,-0.109067618846893,-0.00521472562104464,-0.0141925867646933,-0.0355452746152878,0.185508519411087,0.00486139953136444,-0.0118107069283724
"cg02253760",0.210671275854111,-0.304927498102188,0.000922498991712928,0.284947991371155,-0.00262122508138418,-0.259561240673065,-0.203453108668327,0.0225850306451321,-0.0346372537314892,0.0760886818170547,-0.0227620154619217,-0.0544032566249371,-0.0374152101576328,-0.0719579383730888,0.0452120043337345
"cg15079315",0.374746054410934,0.143019691109657,-0.000273095938609913,-0.00327434414066374,0.014438733458519,-0.0885332673788071,0.147235870361328,0.0200545415282249,-0.0479155294597149,0.0283813085407019,0.0163963045924902,-0.0729236528277397,0.220905289053917,-0.047211617231369,-0.0333276316523552
"cg19236675",0.00800161901861429,-0.0147033855319023,-0.0055397474206984,0.0140768447890878,-0.00652385177090764,-0.0674993470311165,0.063388504087925,0.0348025783896446,-0.00119611260015517,-0.0151421586051583,0.0073402039706707,-0.0271898228675127,-0.0330373607575893,0.000591855496168137,-0.0408994182944298
"cg24208826",0.114846706390381,0.329320043325424,0.049795962870121,-0.000649621186312288,-0.0464394390583038,0.017811955884099,-0.221889138221741,0.0172391962260008,-0.0153572577983141,0.102898567914963,0.0497324839234352,-0.057286698371172,0.210894495248795,0.0959635898470879,-0.00930986925959587
"rs10033147",-0.0259350668638945,-0.000941884296480566,-0.0125727960839868,0.00282622897066176,-0.000267306255409494,-0.00785292964428663,-0.00625947769731283,0.0149187948554754,0.0335856899619102,-0.00582293607294559,-0.0210935547947884,-0.0629551559686661,-0.0399824380874634,0.00054202281171456,-0.0288508255034685
"cg00063471",0.438100665807724,0.0168471615761518,-0.00661982968449593,-0.00743162399157882,0.0241311080753803,-0.0113090900704265,-0.0666368678212166,-0.0102509884163737,0.161277338862419,0.0104068694636226,0.0155376400798559,-0.0427774451673031,0.144212394952774,0.0624698325991631,-0.0500643625855446
"cg26483229",0.304364800453186,-0.16908623278141,-0.0099823409691453,0.0119079696014524,-0.00436808029189706,0.118966527283192,-0.0478335320949554,0.0109876990318298,0.0743248164653778,-0.0082230968400836,-0.0153572484850883,0.0143959075212479,0.0527504421770573,0.0331261307001114,0.0100732306018472
"cg23194912",-0.193176254630089,-0.0588513128459454,-0.00157922459766269,0.559951066970825,0.000572094926610589,0.00421335455030203,0.0322950221598148,-0.0900001600384712,0.143972128629684,-0.0331493206322193,-0.0703105553984642,-0.00418417900800705,0.0211268048733473,0.00423425994813442,-0.102391242980957
"cg14602220",-0.271178066730499,0.00942547433078289,0.0014829330611974,0.489815354347229,-0.0136373722925782,0.0610816180706024,0.126345634460449,-0.0039659645408392,0.0160178393125534,0.118868552148342,-0.00643475772812963,0.011156196705997,0.105442717671394,0.0345587320625782,0.0556276701390743
"cg25225379",-0.177773684263229,-0.034971084445715,-0.00212279404513538,0.469527721405029,0.00904166046530008,0.252393931150436,0.0753535330295563,0.0444423034787178,0.0991392880678177,0.165254607796669,0.0184786878526211,-0.0377519465982914,0.0339347459375858,0.0270913597196341,0.00735650444403291
"cg13294849",0.365574508905411,-0.272389858961105,0.000612661999184638,0.0583108961582184,-0.00302844238467515,-0.225842714309692,-0.0143436593934894,0.0400320366024971,0.0240694768726826,0.0217420868575573,-0.00216033542528749,-0.00916824676096439,-0.0665465220808983,-0.0794501751661301,-0.00104523950722069
"cg03257575",0.332456439733505,-0.399450331926346,0.00203084177337587,0.0582151971757412,0.0161635540425777,0.0304284058511257,-0.106942787766457,-0.0081555237993598,0.10034292191267,0.099887803196907,0.00210622604936361,-0.00650552939623594,0.119726784527302,-0.0064664208330214,-0.000818670087028295
"cg04399751",0.43581223487854,0.18338680267334,0.00464599672704935,0.0723985880613327,0.0223512314260006,-0.0286333281546831,0.14673875272274,-0.00337269552983344,0.0385210923850536,-0.041376531124115,0.00468141213059425,-0.0466208197176456,-0.0597311444580555,0.0364375934004784,0.0372300632297993
"cg09229918",0.37230971455574,0.0522542893886566,0.00159917376004159,0.0147261954843998,0.000349377514794469,0.0324103273451328,-0.130285248160362,0.138213336467743,-0.00297118281014264,0.0210277736186981,0.0171193722635508,-0.00852646678686142,0.0434325188398361,0.0268022697418928,-0.0375694744288921
"cg13498757",0.328540831804276,0.0997147560119629,0.00963668152689934,-0.043706651777029,0.00210103439167142,0.0395704805850983,0.0481638014316559,0.00350954686291516,-0.169131860136986,0.0321594588458538,0.00183925998862833,-0.028952969238162,0.00642361911013722,0.00266903289593756,-0.0823126956820488
"cg24626659",0.0133534511551261,0.34830629825592,0.0729527845978737,0.399834305047989,0.0109909260645509,-0.133893623948097,-0.0546561703085899,-0.207952305674553,-0.00861326977610588,0.016499288380146,0.00309628457762301,0.0219103544950485,0.0828309431672096,-0.0534357689321041,0.108504980802536
"cg25570913",0.204063251614571,-0.386282831430435,0.00346026103943586,0.319163233041763,0.0130310701206326,-0.193979248404503,-0.08827755600214,-0.0515856370329857,-0.0861022546887398,-0.0791242644190788,-0.000688025320414454,-0.011526096612215,-0.138391241431236,0.0431233644485474,-0.0594105273485184
"cg08763705",0.133379310369492,0.017295503988862,0.218362256884575,-0.00147455278784037,-0.0123348785564303,0.214372009038925,-0.0602285005152225,-0.188048094511032,-0.041678287088871,0.163837656378746,-0.0585432536900043,0.0846311822533607,0.253660798072815,-0.000877627520821989,-0.00250604632310569
"cg02119792",0.393138438463211,-0.0739775747060776,0.0177062451839447,0.0101649574935436,0.00529769342392683,-0.0453965999186039,0.0129151539877057,-0.0176319666206837,-0.153260365128517,-0.0298680514097214,-0.00201252289116383,0.0134171564131975,-0.0526026710867882,0.00239390041679144,-0.0531197860836983
"cg03441279",-0.397569239139557,-0.310585469007492,-0.00142488069832325,0.0601811818778515,0.000251162884524092,0.24504566192627,-0.0561057850718498,-0.0165027640759945,-0.0461764670908451,-0.00461917975917459,0.0282556246966124,-0.0450187288224697,0.0963757634162903,-0.024685975164175,0.00998738966882229
"cg11472279",0.367545336484909,-0.0515501573681831,-0.00205797213129699,0.00329319550655782,-0.0105311134830117,0.205080270767212,-0.0909806340932846,-0.0141144460067153,-0.275132894515991,0.00274109444580972,0.00951373111456633,0.00763132283464074,-0.207179084420204,0.0196914300322533,0.00839305203408003
"cg10909185",0.140302702784538,-0.18340440094471,0.0156044438481331,-0.0547895506024361,-0.00964941270649433,-0.0907715186476707,-0.0942805707454681,0.00719608413055539,-0.00646126735955477,-0.0409918129444122,-0.0114596923813224,0.00296741886995733,0.121995538473129,-0.0059760850854218,-0.0139936674386263
"cg09714458",0.327212482690811,-0.0302416328340769,0.0155598055571318,-0.00296706077642739,-8.01297865109518e-05,0.269844621419907,-0.0496149323880672,0.000227155716856942,0.23899345099926,-0.0256840828806162,0.0104060536250472,0.0213353540748358,0.128060147166252,-0.0414586514234543,-0.0168206579983234
"cg19859290",0.438266158103943,0.0108865480870008,-0.0106128575280309,0.159192368388176,-0.0038817198947072,0.0663109868764877,-0.0681401565670967,0.0111586516723037,-0.215471208095551,0.0728093907237053,-0.0306275170296431,-0.0729993134737015,-0.0693290233612061,0.0037976480089128,0.0547667145729065
"cg10932018",0.367508709430695,0.00632106373086572,0.0484477132558823,-0.0123586663976312,-0.0120368413627148,-0.0244196932762861,0.0234192200005054,-0.0599899105727673,0.0402720794081688,0.0202062372118235,-0.0187721773982048,0.00692559313029051,0.16513580083847,-0.00533185945823789,-0.0355811826884747
"cg18235050",0.348418056964874,-0.041115939617157,-0.000616179429925978,0.310196191072464,-0.0136711494997144,-0.0966863259673119,0.0929152518510818,0.055801160633564,-0.179248929023743,-0.126313880085945,-0.01493005361408,-0.0204490087926388,-0.111091315746307,-0.0658707246184349,-0.00227405992336571
"cg26345613",-0.0473711229860783,0.13463793694973,-0.0940164253115654,0.536720097064972,0.00154644576832652,0.110405042767525,0.105599224567413,0.00768409809097648,0.143049895763397,0.0477664545178413,-0.00358728016726673,0.00715106958523393,0.0368089079856873,-0.0200531873852015,0.0501694567501545
"cg02527669",0.38586550951004,0.054597582668066,-0.00521031115204096,0.014934940263629,0.0067904694005847,0.0676218941807747,0.0259041301906109,-0.0590741746127605,-0.225559592247009,0.0596290454268456,-0.00419293949380517,0.017595399171114,0.0744407027959824,-0.0370411537587643,-0.0636467114090919
"cg16560389",-0.1928641051054,0.0991052389144897,-0.00569736771285534,0.61714243888855,-0.0136185800656676,0.0758602768182755,0.0849902555346489,-0.0420857779681683,-0.0690777227282524,-0.0611188672482967,0.0535924881696701,-0.0115156630054116,-0.00910127442330122,0.0506403148174286,-0.0731630027294159
"cg24595510",0.347466170787811,-0.246104717254639,-0.0044178431853652,0.193584203720093,0.00560674350708723,-0.0037214900366962,0.0317161418497562,0.00347908516414464,0.0665403977036476,0.123633421957493,0.00213399855419993,0.0209993105381727,-0.116392984986305,-0.00392812769860029,0.0622985400259495
"cg16601494",0.0402229279279709,-0.451603472232819,0.0240617822855711,-0.079414889216423,-0.00317055056802928,0.0646755918860435,0.103502027690411,-0.104917429387569,0.0395291596651077,0.0524420477449894,0.0110097397118807,0.0856916084885597,0.0763068497180939,0.111710801720619,0.00727776484563947
"cg01566592",0.322818726301193,0.00671477895230055,0.00469814660027623,-0.00293848826549947,0.00318605941720307,0.139764964580536,0.0037560136988759,-0.205649375915527,-0.277183681726456,-0.0535148680210114,0.00354080367833376,0.0634124428033829,-0.0555353760719299,-0.0722519680857658,-0.116770371794701
"cg08154437",0.177579417824745,-0.33918759226799,0.0804485157132149,0.000724551209714264,-0.00212470069527626,-0.11435828357935,-0.10081309825182,0.0302367005497217,-0.0444846712052822,0.0882869735360146,-0.00282193906605244,-0.00244696997106075,0.110410898923874,0.0292658861726522,-0.108732223510742
"cg03826594",0.328338652849197,-0.212297141551971,0.0708898156881332,-0.0110196247696877,-0.000867392809595913,-0.105404332280159,-0.039033692330122,-0.113908052444458,0.233247354626656,-0.0560596361756325,-0.0236062277108431,0.0449498258531094,0.0551941730082035,-0.0182480216026306,-0.0710594579577446
"cg07393736",0.312574654817581,-0.356946498155594,-0.00264101196080446,0.0746427029371262,0.0234666746109724,0.0810664296150208,-0.12899574637413,0.0127146178856492,-0.087202750146389,0.00618228130042553,-0.00301772635430098,-0.000487989309476689,-0.0618614219129086,0.0582048073410988,-0.00380604551173747
"cg08847173",0.350842982530594,0.107903748750687,-0.00594258029013872,0.00303563219495118,0.012791664339602,-0.019012775272131,-0.012621664442122,-0.103597328066826,0.090021163225174,-0.183957621455193,-0.0144805405288935,0.0231277104467154,0.101861372590065,-0.0273406580090523,0.00980542879551649
"cg00002719",0.419720590114594,-0.122973680496216,-0.000514324638061225,-0.0497385077178478,0.0346401259303093,-0.209548711776733,0.0132826846092939,-0.0906687378883362,0.0398325435817242,0.00924459751695395,0.00896484404802322,-0.00760609935969114,0.109423242509365,-0.0384523421525955,-0.0494762919843197
"cg11986813",0.310064941644669,-0.298420459032059,0.00366863701492548,0.0683097317814827,-0.00283073401078582,0.169152915477753,-0.0220967121422291,-0.0150897093117237,0.17522794008255,0.140734806656837,-0.0324349589645863,0.0184488091617823,0.089113250374794,-0.0603541135787964,-0.0725739821791649
"cg24530250",0.390105783939362,-0.254763305187225,-0.00221281894482672,0.0590520165860653,0.00815430656075478,0.101752765476704,0.0396906472742558,0.0184799954295158,0.0212143827229738,0.0951603949069977,-0.00115737959276885,-0.00254977331496775,0.0478689894080162,-0.00320564606226981,0.0113540589809418
"cg00177787",0.0592561140656471,0.520646512508392,-0.00348518416285515,0.163215979933739,0.0164468064904213,0.140755817294121,-0.196168959140778,0.119397215545177,-0.159873098134995,-0.0865376591682434,0.042381539940834,-0.0310712996870279,0.144147410988808,-0.0365277081727982,0.117934502661228
"cg11017065",0.345051288604736,-0.100492082536221,-0.00402697268873453,0.318972289562225,-0.000556139857508242,-0.0575818531215191,0.106954418122768,-0.10634671151638,-0.169942244887352,0.015059707686305,-0.0116284918040037,-0.01386075373739,-0.160794526338577,0.0352171957492828,0.00953206047415733
"cg24833737",-0.308564871549606,-0.0327359773218632,0.0571368113160133,0.356236547231674,-0.00122509628999978,0.242009371519089,0.0842287316918373,0.00177028041798621,0.0400761924684048,0.134806588292122,0.0177339743822813,-0.00621903082355857,0.0578024052083492,-0.00280567444860935,0.00545224407687783
"cg24150623",0.28720223903656,-0.131752148270607,-0.0118214506655931,0.267853498458862,0.0104376235976815,-0.330917119979858,-0.0366570241749287,-0.0320238620042801,-0.100490964949131,-0.128147482872009,-0.00294231646694243,-0.044273030012846,-0.0415179692208767,0.0538236759603024,-0.01235456392169
"cg04294888",0.355906903743744,-0.0489885546267033,-0.0157018974423409,-0.0364103838801384,0.0157865863293409,0.0400926545262337,0.0140782818198204,0.0589853264391422,0.042855579406023,0.0609528087079525,-0.02492880448699,-0.0152086243033409,0.0618016347289085,-0.0591275952756405,-0.0983219817280769
"cg22474464",0.357131510972977,-0.245407089591026,0.00443243468180299,-0.0007031035493128,-0.001139129512012,0.0912069827318192,-0.121767304837704,0.000123609570437111,-0.226948887109756,0.0131337875500321,0.00422472599893808,0.0114023052155972,-0.126984983682632,-0.000574339763261378,-0.000400424643885344
"cg13634242",0.24484021961689,-0.267422944307327,0.00401643663644791,0.00155500741675496,0.000575390993617475,-0.00016239273827523,0.0186265204101801,-0.164122447371483,0.118076868355274,-0.0218157898634672,-0.0561244562268257,0.00750049157068133,0.158142417669296,-0.0728872939944267,-0.0697788298130035
"cg23279522",0.344885736703873,0.0412059053778648,-0.00388005701825023,0.00670606829226017,0.0206727106124163,0.0573745034635067,-0.0415025092661381,0.0106209861114621,0.0189853627234697,0.0666254237294197,0.0490189604461193,-0.0164680108428001,0.154303818941116,0.0304378475993872,-0.0220340583473444
"cg08387538",-0.242240697145462,0.0385239794850349,0.00518588675186038,0.520926594734192,-0.0114816185086966,0.159693330526352,-0.0125592304393649,-0.0646482110023499,0.0755105391144753,-0.0390048213303089,0.0338455438613892,0.0702730342745781,-0.0385035425424576,0.0360124185681343,-0.14952552318573
"cg13759674",0.397192806005478,-0.150842532515526,0.0141369197517633,0.0283289663493633,0.0066998116672039,0.0613964907824993,0.00428998144343495,-0.0144547587260604,-0.0691609010100365,0.0198093932121992,0.043995276093483,0.00879831146448851,0.016304662451148,0.0186710394918919,-0.00424717320129275
"cg04115680",0.353606671094894,-0.136496171355247,-0.00597442174330354,0.0784335061907768,0.0103501658886671,0.146998628973961,0.0341190546751022,0.0431136228144169,-0.191555455327034,0.0305299367755651,-0.0244132075458765,0.00749139208346605,0.112977214157581,0.0792319402098656,0.00266059464775026
"cg22747076",0.292625725269318,-0.218373343348503,-0.00286528491415083,-0.0494568571448326,0.0106533262878656,0.0342627055943012,0.0668406635522842,-0.202733561396599,0.149923160672188,0.074859082698822,0.0120061682537198,0.00983479619026184,-0.0429441146552563,-0.0324040912091732,-0.000116221635835245
"cg18805164",0.0784576386213303,0.0529397577047348,0.0151264853775501,0.0924408361315727,-0.00331345456652343,0.123468704521656,-0.0575667284429073,0.114690862596035,-0.141743823885918,-0.0995107293128967,-0.00103257072623819,0.0397201739251614,0.131047055125237,-5.04505551361945e-05,-0.0186781566590071
"cg19537719",0.272139757871628,0.00869353394955397,-0.00845078006386757,0.248229086399078,0.0178867522627115,0.141800761222839,-0.00624729925766587,0.195338681340218,0.11342241615057,0.144608959555626,0.00170123775023967,0.0506993010640144,0.0477075353264809,-0.0980000272393227,0.227780446410179
"cg23935616",-0.233695179224014,-0.0196708776056767,-0.000760480877943337,0.556785821914673,-0.0335492379963398,0.110418595373631,0.0732580348849297,-0.115916863083839,0.0493700951337814,-0.0877631604671478,0.0103423809632659,0.0382791198790073,-0.0517500825226307,0.00217006751336157,-0.162557423114777
"cg02300154",0.387571483850479,-0.0548200160264969,0.0535641498863697,0.144551783800125,0.0326584950089455,-0.0881809145212173,-0.0454526990652084,-0.0602759420871735,-0.139823630452156,-0.0900991410017014,0.0143486587330699,0.00796757359057665,-0.164004951715469,-0.0132451374083757,0.015532162040472
"cg08781140",0.381425827741623,0.00702021224424243,0.082039512693882,-0.00161229306831956,-0.0171034820377827,-0.109224915504456,-0.0530598498880863,0.0374264940619469,0.0462109781801701,0.0442945286631584,0.0684342533349991,0.00391157297417521,0.150008827447891,0.00176129140891135,-0.0296757332980633
"cg06315390",0.400068521499634,0.123823322355747,-0.0955535471439362,0.00174293434247375,0.0107008963823318,-0.0182907320559025,-0.00208558072336018,-0.0995920598506927,0.139949649572372,-0.0944510027766228,0.00163379998411983,-0.0563070215284824,0.146264404058456,0.0575113706290722,-0.084629237651825
"cg20449590",0.376816540956497,-0.156130403280258,-0.000416277442127466,0.0684233009815216,0.0148243373259902,-0.141390815377235,0.0297293048352003,0.0646800100803375,-0.0629901587963104,0.0584039799869061,-0.00109034602064639,0.00704236421734095,0.0326788760721684,0.00329596060328186,0.0675659030675888
"cg21773872",0.38139221072197,-0.138921901583672,-0.00473096547648311,0.235323742032051,-0.000237249550991692,0.0324623547494411,0.0710572898387909,-0.0343127399682999,0.0896705612540245,0.0622823648154736,0.00338271469809115,-0.00385442259721458,-0.0064470311626792,0.0664294809103012,0.0076937205158174
"cg05951576",0.309984236955643,0.11638655513525,0.00111082196235657,-0.00413363473489881,-0.0321334414184093,0.162051126360893,0.102012634277344,-0.171765834093094,0.192361563444138,-0.0037313646171242,0.0296469647437334,0.037296362221241,0.170773297548294,-0.129061937332153,0.00355751207098365
"cg02143877",0.390189409255981,-0.0440773591399193,-0.00100597878918052,0.0304137393832207,-0.00377159472554922,0.182313665747643,0.166351929306984,-0.0580751821398735,-0.0678935125470161,0.0827955529093742,0.00465635303407907,-0.0351781919598579,-0.108400404453278,0.01364382263273,-0.00487622199580073
"cg02085507",0.300197064876556,0.224383547902107,-0.00475362548604608,0.0530410893261433,-0.00140965858008713,-0.116018362343311,-0.00467519229277968,0.132049560546875,-0.142957016825676,-0.205089583992958,-0.0183518156409264,-0.0187718160450459,0.25444757938385,-0.0598867759108543,-0.0945742875337601
"cg24884444",0.0154038993641734,-0.254496276378632,-0.292295962572098,0.459983199834824,0.0509455129504204,-0.235771581530571,0.179472476243973,-0.0107972174882889,0.0222737714648247,-0.0555179640650749,0.0269595570862293,-0.070492684841156,-0.0125789642333984,-0.0870152115821838,0.0589335523545742
"cg20302133",0.385902106761932,-0.0944676622748375,-0.00104043632745743,0.0122880795970559,-0.00284663657657802,0.228391826152802,-0.0638471841812134,0.0549767725169659,-0.308673292398453,0.0497486926615238,0.00218160287477076,0.0264811310917139,-0.118297182023525,0.00597416888922453,-0.00325493444688618
"cg09106903",0.423973679542542,-0.0218842756003141,0.000701307784765959,0.00475195841863751,0.0109059568494558,-0.0703838616609573,0.00580372335389256,0.0114253805950284,0.0134494630619884,0.0978968143463135,-0.0249662771821022,-0.0488157346844673,0.16490826010704,-0.0405233837664127,-0.0879878476262093
"cg05528899",0.0498249977827072,-0.0441385544836521,-0.00426639057695866,-0.000274218735285103,-0.00548257678747177,0.0641287714242935,-0.00687912618741393,0.0211186893284321,0.01051673758775,0.00889666844159365,-0.000858459039591253,-0.0392687246203423,0.035473208874464,0.00661347899585962,0.0104280654340982
"cg22212414",0.319417387247086,0.106029637157917,0.00508641311898828,0.0057575493119657,0.00235088937915862,0.138367980718613,-0.1648830473423,0.190665647387505,0.142185851931572,-0.0631155520677567,0.00957728829234838,-0.0265659149736166,0.21687813103199,0.0188682023435831,-0.0260363332927227
"cg24634471",0.0957639068365097,0.16929566860199,0.044914361089468,-0.00280320062302053,0.00391935650259256,0.0441698506474495,-0.048822320997715,0.024955565109849,-0.0470220036804676,-0.0380921550095081,-0.00460933428257704,-0.0448185764253139,0.040199838578701,0.00156648794654757,0.0382155664265156
"cg07902387",-0.318165153264999,-0.180399194359779,0.000107649240817409,0.40150448679924,-0.00253587402403355,0.0252201147377491,-0.0961826294660568,-0.0233039166778326,0.105247966945171,-0.0194131657481194,-0.000461703515611589,-0.0566304512321949,0.0186830591410398,0.00133109104353935,0.0611485280096531
"cg13267264",0.375092357397079,-0.218623355031013,0.000381881167413667,0.132785648107529,0.00785414036363363,0.0289165861904621,-0.0174065958708525,-0.0440597124397755,-0.133294329047203,-0.00377062731422484,-0.025832936167717,0.0116807864978909,-0.123309291899204,-0.00760816456750035,0.0744206085801125
"cg24504927",0.301534533500671,-0.298987507820129,-0.0058626220561564,0.239852637052536,0.00982912350445986,-0.193656995892525,-0.152727857232094,0.0220038872212172,-0.00638090772554278,0.0496078953146935,-0.046143501996994,-0.00852730311453342,-0.0805150046944618,0.00815206207334995,0.0557380132377148
"cg16964348",0.368261277675629,-0.00071816990384832,-0.044757641851902,0.325239986181259,-0.0117413708940148,-0.106864057481289,0.073976032435894,-0.117308668792248,-0.115244060754776,-0.0344158820807934,-0.000847634568344802,-0.00808244198560715,-0.166297137737274,0.0209426134824753,0.0166199170053005
"cg01207684",0.257367759943008,0.286702632904053,-0.14648163318634,0.000582096283324063,0.017747551202774,0.291061460971832,0.00104953849222511,0.0829192250967026,0.0874661654233932,-0.215654224157333,0.0754704102873802,-0.146395996212959,0.0949342474341393,-0.10097137093544,0.00490739103406668
"cg20446334",-0.0836792811751366,0.11121541261673,0.000746479548979551,0.0971900373697281,0.0114960847422481,0.269461393356323,0.0345937795937061,0.0408659540116787,-0.168135657906532,-0.167295306921005,-0.0157240722328424,0.0116939935833216,0.18953762948513,-0.0801529213786125,0.00192817347124219
"cg18091469",0.272246807813644,0.0845742300152779,0.0010818523587659,0.000400682212784886,-0.0463484525680542,-0.026796592399478,-0.0507140643894672,-0.156447187066078,0.150402918457985,0.0190310496836901,0.00258536916226149,-0.00143932981882244,0.148103892803192,-0.0615653097629547,-0.00100108573678881
"cg21101720",0.125319480895996,-0.318739116191864,0.0653533488512039,0.00118274637497962,0.00414936570450664,0.00360074220225215,-0.108382694423199,-0.0490507148206234,-0.0480837672948837,-0.00706038950011134,-0.0753104239702225,0.00855518504977226,0.152849674224854,0.0201078243553638,0.0557491891086102
"cg24416513",0.284316718578339,0.0431809052824974,0.00903062708675861,0.000971592264249921,0.00787922739982605,0.00923689268529415,-0.0296086482703686,0.0255894921720028,-0.189851462841034,0.0112123861908913,0.000626314140390605,0.091021753847599,0.0644143968820572,0.0154741397127509,0.00658496329560876
"cg10034890",0.434454023838043,0.0835471153259277,0.000684414873830974,0.0606115758419037,0.0378898493945599,-0.0176884941756725,0.00401726691052318,-0.0215694475919008,-0.185220181941986,0.00312968180514872,0.00300525035709143,-0.0282128620892763,-0.0913246348500252,-0.0150899952277541,-0.0443189106881618
"cg16642284",0.148405656218529,-0.102442860603333,0.220521435141563,0.198766306042671,-0.0259005483239889,0.141301810741425,-0.0903990641236305,-0.132643535733223,-0.135475248098373,0.177440345287323,-0.0569795295596123,0.0733119323849678,0.0352394469082355,-0.068851538002491,0.0142219038680196
"cg00428457",-0.369702726602554,-0.374485641717911,0.0761419385671616,0.0719796046614647,0.00863452162593603,0.0988220274448395,-0.115258872509003,0.0313883200287819,-0.0935409441590309,-0.0696868523955345,0.0371560268104076,-0.0013702065916732,0.0929090902209282,-0.050455916672945,-0.00615015439689159
"cg16781647",0.407276898622513,-0.0204122811555862,0.00282203685492277,0.0173446927219629,0.00104934221599251,0.184705436229706,0.0841652452945709,-0.000381242512958124,0.0337422676384449,0.0331327728927135,0.010834064334631,-0.00336176808923483,-0.0118898097425699,-0.0215969607234001,-0.0167005397379398
"cg20844851",0.402257591485977,-0.063748300075531,-0.0124546876177192,0.128780245780945,-0.00589619902893901,0.0658925250172615,0.046180322766304,0.0236445534974337,-0.211475849151611,0.0919853895902634,-0.0184745471924543,6.07368638156913e-05,-0.180009484291077,0.0310540646314621,-0.0128189483657479
"cg17794299",0.217275053262711,-0.154590621590614,-0.00203309417702258,0.0129579342901707,-0.00995641574263573,0.268539994955063,0.196242302656174,-0.104855336248875,0.0206950102001429,0.0188984256237745,-0.0231692958623171,0.0208141561597586,0.0961825922131538,0.0902394279837608,-0.00489466311410069
"cg17395064",0.400956034660339,-0.0956879258155823,-0.0121799167245626,-0.042917538434267,0.00399559317156672,0.0127474442124367,-0.0434083491563797,-0.0889052972197533,0.0950870141386986,0.0230703223496675,-0.0170505419373512,0.041147518903017,0.0601123534142971,-0.0325004495680332,-0.0572856590151787
"cg16814680",-0.0777475610375404,-0.0130736874416471,-0.026785247027874,0.171288773417473,0.00107504357583821,-0.034626442939043,0.0196276288479567,-0.0184589792042971,-0.0921989753842354,0.0430534891784191,0.00631308136507869,-0.0807579755783081,0.0334638543426991,0.0174851734191179,0.129780620336533
"cg02893180",0.40050733089447,0.0761560276150703,0.0937356129288673,0.0364757739007473,-0.00498775346204638,0.0203460492193699,-0.0938351601362228,-0.0600255392491817,-0.00098554918076843,-0.00997196510434151,-0.00587826920673251,0.0622290223836899,0.143525451421738,0.0599700324237347,0.0372614599764347
"cg09489306",0.357451409101486,-0.209187999367714,0.00322870863601565,-0.0725840926170349,0.0320147797465324,0.113432161509991,0.118277087807655,0.0676704794168472,0.102157421410084,0.0443430691957474,0.0164609868079424,-0.0426498614251614,0.100857578217983,-0.0737745091319084,-0.0586715489625931
"cg25556905",0.425763547420502,0.113181345164776,0.00666497368365526,-0.0247687622904778,-0.00217190012335777,0.0482208095490932,0.0550916716456413,-0.0451815277338028,0.234409406781197,-0.0756622776389122,0.0537092201411724,-0.0403799749910831,0.0926307663321495,0.0449160113930702,-0.102559797465801
"cg01020475",-0.305891305208206,-0.156001418828964,0.00300561520271003,0.105330407619476,-0.014735740609467,0.334942817687988,0.0387194119393826,-0.00547392293810844,-0.131385803222656,0.0512837804853916,-0.0365818776190281,-0.000106794206658378,0.181591987609863,-0.0347906686365604,0.0528827309608459
"cg03667968",0.291142493486404,-0.0205980185419321,0.00402119662612677,-0.0784210339188576,0.0198126751929522,0.16883359849453,0.121823839843273,-0.0992535501718521,0.0689208880066872,0.0485131032764912,-0.0635712444782257,0.000373077054973692,0.152943179011345,-0.0136074787005782,-0.0374602675437927
"cg10512745",0.385486841201782,-0.12536047399044,-0.00840757042169571,0.0937847793102264,0.00232803146354854,0.185802906751633,-0.040674414485693,0.00592440646141768,-0.0878743827342987,0.103442311286926,0.00534540368244052,0.00271968427114189,-0.104006744921207,-0.00171653088182211,0.0534412264823914
"cg05369857",0.364154636859894,-0.253848731517792,0.0018709379946813,0.0714603513479233,-0.0114373322576284,-0.0871265381574631,-0.138906806707382,-0.0512843802571297,0.0242022946476936,-0.0130751254037023,0.0531678721308708,-0.0212694089859724,-0.0259073171764612,-0.00954105611890554,0.0583087280392647
"cg23253309",-0.316811919212341,-0.162453725934029,0.00892599672079086,0.321723133325577,-0.00611988082528114,0.205758139491081,-0.0606819242238998,-0.0166783835738897,0.126946702599525,0.0770248919725418,0.017250657081604,0.00107817887328565,0.0612507909536362,-0.0049546929076314,0.000705076730810106
"cg06728252",0.234640181064606,0.128049537539482,-0.0151195013895631,0.118790909647942,0.0205086823552847,0.0314582251012325,0.0484800413250923,0.157181948423386,-0.251510500907898,-0.170857831835747,-0.0150049217045307,0.0342286564409733,0.105477251112461,0.0239805113524199,-0.000963814556598663
"cg20527270",0.404860407114029,0.0523796752095222,-0.00103664584457874,0.225727915763855,0.0150097804144025,-0.165200605988503,0.138254657387733,0.00169276830274612,-7.13632653059904e-06,-0.0746813639998436,0.0367471463978291,-0.0615972876548767,-0.0869855880737305,-0.0072447843849659,0.0916736051440239
"cg12387154",0.219724968075752,-0.298086643218994,-0.00117645773570985,-0.0118616977706552,-0.00577490264549851,-0.172367408871651,0.0779860839247704,-0.162295415997505,0.0377553291618824,-0.0695571899414062,0.0199514422565699,0.000893410411663353,0.245999336242676,0.0185864623636007,-0.0985182523727417
"cg11560280",0.377189755439758,-0.17066091299057,-0.000147562474012375,0.00684900628402829,-0.011507204733789,-0.0729630365967751,-0.104837730526924,-0.0781637355685234,0.0996389463543892,0.159623518586159,-0.0122560495510697,0.013565618544817,0.156633034348488,-0.0491673573851585,-0.128442212939262
"cg13248778",0.328194141387939,-0.308164328336716,-0.00583441043272614,-0.0530039705336094,0.00760614452883601,-0.0392322912812233,-0.0116211576387286,-0.102515131235123,0.101050950586796,-0.00319678732194006,-0.0239783860743046,0.00599027564749122,0.125167474150658,0.0181431192904711,-0.0514218211174011
"cg01963134",0.374283224344254,-0.0107201719656587,-0.000354113290086389,0.0894952714443207,-0.00610614102333784,0.124880835413933,-0.0460982993245125,-0.0181019213050604,0.0466501638293266,-0.0375036559998989,-0.0353326089680195,0.00232835533097386,-0.0860298350453377,-0.0213003624230623,-0.00806011632084846
"cg10903903",0.297536283731461,-0.362908601760864,-0.0136836273595691,0.0850196853280067,-0.00653247721493244,-0.291031271219254,-0.0590504035353661,0.0180249288678169,0.0504974015057087,0.00677991146221757,0.00846613477915525,0.0480534099042416,-0.0803433880209923,0.00806492753326893,-0.0296664610505104
"cg21039708",0.376315027475357,-0.10899993032217,0.00288194394670427,0.115120939910412,-0.0327521786093712,-0.171057656407356,0.0120346182957292,0.0609253346920013,-0.0878700315952301,0.0240463856607676,0.00162168126553297,-0.0452201366424561,-0.0167978964745998,-0.0670805275440216,-0.0383653081953526
"cg26751972",0.353485018014908,0.0796332880854607,0.0861793458461761,0.00940766278654337,0.0158991049975157,-0.0770415365695953,-0.0398358032107353,-0.289133071899414,0.0086291991174221,-0.0675073862075806,-0.00585245899856091,0.0189784560352564,0.173071473836899,-0.00771187245845795,-0.0993146896362305
"cg19809499",0.389177471399307,-0.0742126926779747,-0.00381886237300932,0.0751035585999489,-0.0152014968916774,0.159370750188828,-0.0795144885778427,-0.0343619361519814,-0.151187136769295,-0.0271799005568027,0.00716201821342111,0.0490455590188503,-0.00695882178843021,0.07017582654953,0.00635500065982342
"cg12845520",0.435484528541565,0.0001467255060561,0.00780259445309639,0.0472172051668167,-0.0162896644324064,0.260347813367844,-0.0505958870053291,-0.0294406041502953,-0.0204560067504644,-0.00319335795938969,-0.00646883482113481,-0.0427037551999092,-0.105194166302681,0.0810345113277435,0.00211911136284471
"cg27189087",0.254773646593094,-0.370885819196701,-0.00118231400847435,0.217317536473274,0.0138054648414254,-0.097330816090107,-0.0778055042028427,-0.00568403070792556,-0.0517646372318268,0.0453672222793102,-0.00360218924470246,-0.000730691477656364,-0.152732610702515,0.00802233722060919,-0.0456603392958641
"cg24659037",-0.293815016746521,-0.312213569879532,0.00220700376667082,0.0824173986911774,0.0256312526762486,0.320420622825623,0.0142619181424379,-0.0324349217116833,-0.0297677386552095,-0.0454058237373829,-0.0479178056120872,-0.0345305167138577,0.125147223472595,-0.0854639336466789,0.117393374443054
"cg19414598",0.199285462498665,-0.141285881400108,0.0194845460355282,-0.00153274880722165,-0.00916685909032822,0.0717268437147141,-0.0267739575356245,-0.000671131419949234,0.14176581799984,0.0032280720770359,-0.013004232198,-0.00735542504116893,0.169985517859459,-0.0379775278270245,0.0492360927164555
"cg15684724",0.436114937067032,0.0240228679031134,0.0134196076542139,0.0913185849785805,0.00114453479181975,0.202799513936043,-0.0756502524018288,0.0196622386574745,-0.063140869140625,-0.00023639686696697,-0.0126401018351316,0.000802992435637861,-0.0597626119852066,-0.0587223619222641,0.0729333087801933
"cg05651243",0.0884891673922539,0.204610526561737,-0.102479591965675,0.162446260452271,0.0274888817220926,0.182814076542854,-0.0486744418740273,0.142419025301933,-0.166256576776505,-0.225401505827904,0.0189733691513538,-0.0269906148314476,0.0152829447761178,-0.020271448418498,0.084278829395771
"cg17231999",0.328183591365814,-0.337827324867249,-0.0108057670295238,0.144537046551704,0.00200563739053905,-0.145187869668007,0.00122830714099109,-0.0216327849775553,0.00470431847497821,0.0737632587552071,-0.00235524983145297,0.0120073528960347,0.0112324394285679,-0.0891288742423058,0.0959289744496346
"cg23285459",0.305530697107315,-0.0377691462635994,0.0494190193712711,-0.0465293899178505,-0.00497395638376474,0.172014340758324,0.0847276002168655,0.0970363169908524,0.167629942297935,-0.34585577249527,-0.0510577894747257,-0.0192071422934532,0.0745484158396721,0.00389086198993027,0.000739411567337811
"cg01685242",0.226667955517769,0.136057794094086,0.0283721033483744,0.0457635335624218,0.0222760811448097,-0.101918794214725,0.271998077630997,-0.187811240553856,-0.043824627995491,0.00121021282393485,-0.0313124917447567,-0.0147952660918236,0.224021464586258,-0.0944566652178764,-0.0169177390635014
"cg04407470",0.275638431310654,-0.341632276773453,0.000610061106272042,0.071025013923645,-0.00610188068822026,0.130941540002823,0.0138616831973195,0.0255210008472204,-0.021032152697444,0.21925413608551,6.26810360699892e-05,0.00698049645870924,0.0342940352857113,-0.0638726204633713,0.00471195299178362
"cg03126946",0.269874811172485,-0.00940985418856144,-0.0169035568833351,-0.0150579195469618,-0.0112476674839854,0.0731397569179535,0.186868742108345,-0.0346797257661819,0.0563750900328159,-0.104289010167122,0.00153721449896693,0.0113593088462949,0.240981921553612,0.0283626168966293,-0.067378394305706
"cg26210445",0.392694801092148,-0.150576621294022,-0.00408855080604553,-0.019762983545661,-0.00643507856875658,-0.0893264263868332,-0.00171988864894956,-0.0252323299646378,-0.0687799677252769,0.0351899340748787,-0.00120536598842591,-0.0294680017977953,0.0164705403149128,-0.0215946398675442,-0.029935710132122
"cg16283362",0.338677942752838,-0.250426113605499,0.0768904760479927,0.118170343339443,-0.00045198091538623,-0.0318553671240807,-0.0108927432447672,-0.0498212575912476,-0.00393223809078336,0.119222588837147,0.00828083883970976,0.0778736472129822,-0.000624659354798496,0.000459413015050814,-0.0279971268028021
"cg06546806",0.373045742511749,-0.127062827348709,-0.035530224442482,0.136880919337273,-0.00829771719872952,0.091462753713131,-0.00155901932157576,-0.0104135600849986,-0.148983493447304,0.17971770465374,0.021780539304018,0.00572375627234578,-0.0279419124126434,0.00643598381429911,0.0500898733735085
"cg14192291",0.318380862474442,-0.0747107416391373,0.00895982980728149,0.086167499423027,0.000585055793635547,0.176131159067154,-0.094596303999424,0.0271317847073078,-0.185599938035011,0.00874291453510523,0.0359051525592804,0.00999188888818026,0.119275011122227,0.0869557932019234,-0.0872653052210808
"cg20634967",0.377986669540405,-0.0328072346746922,-0.0141486395150423,0.00637383246794343,-0.00695129809901118,0.0331511832773685,-0.108178518712521,-0.0450893454253674,-0.178996622562408,0.0616320818662643,-0.0149934059008956,0.0453548282384872,-0.0254203472286463,-0.0365894846618176,-0.0725129842758179
"cg19551589",0.195164516568184,-0.23915684223175,0.00248846458271146,0.00921579543501139,-0.0127851739525795,0.0498185157775879,-0.0333387963473797,-0.102490447461605,-0.11321934312582,-0.0944324433803558,0.023216163739562,0.0417445711791515,0.274672627449036,0.0805019214749336,0.0819982811808586
"cg05970721",-0.243285536766052,0.0561062544584274,0.011439498513937,0.54698258638382,-0.0105076907202601,0.105698332190514,-0.0686067342758179,-0.00338330771774054,0.0128774074837565,-0.0221856795251369,-0.0448254272341728,0.0880048871040344,-0.011402097530663,0.114116616547108,-0.102514997124672
"cg23440816",-0.281823188066483,-0.442256420850754,-0.0786157846450806,0.0660253688693047,-0.0250757597386837,0.0943674370646477,0.102423429489136,0.019247705116868,-0.164889425039291,-0.0320520773530006,0.0355379171669483,-0.0140647431835532,0.162059009075165,0.118071034550667,0.0498869344592094
"cg21049501",0.183641567826271,0.247207090258598,-0.159004107117653,-0.0507949888706207,0.00288831279613078,0.235526621341705,0.0213029365986586,0.0208162888884544,0.169510945677757,-0.143266722559929,0.064563050866127,-0.0542120821774006,-0.0189796220511198,0.0731731951236725,0.00874940212816
"cg12451631",0.239079117774963,-0.210714355111122,-0.00677392119541764,-0.0136000150814652,-0.00402585044503212,-0.230572402477264,0.0256226751953363,-0.193337485194206,0.036259651184082,0.081860326230526,-0.0173174049705267,0.111079022288322,0.194436520338058,-0.0210211202502251,-0.0859638899564743
"cg14991984",0.384628057479858,0.0535620078444481,0.00123046326916665,-0.00188072363380343,-0.00206569186411798,0.101764097809792,0.00977368745952845,-0.0123225254938006,-0.297020047903061,0.0878750756382942,0.047462347894907,0.00150981557089835,-0.0153349284082651,0.012986158952117,-0.135023936629295
"cg13699355",0.151145756244659,-0.404747068881989,0.0468573682010174,0.380417823791504,-0.0100269485265017,-0.209777444601059,-0.0388833843171597,-0.0675607696175575,-0.100314721465111,-0.0563491135835648,-0.00213784235529602,-0.0408331789076328,-0.0887597352266312,0.00122026226017624,-0.0690224319696426
"cg13945749",-0.0962090790271759,0.210707768797874,-0.00126059714239091,0.534376382827759,-0.000841840344946831,0.0126636605709791,0.0978897288441658,-0.202798679471016,0.0323441475629807,-0.146205961704254,-0.0116353677585721,-0.0038767356891185,-0.0149140162393451,0.00751359667629004,0.0761433318257332
"cg08141395",0.307409644126892,0.195502251386642,-0.109624944627285,0.152835637331009,0.023235309869051,-0.0887727290391922,0.107093952596188,-0.110333926975727,0.185399278998375,0.0613493397831917,0.0678830742835999,-0.109343484044075,-0.00309425429441035,0.0363830700516701,0.104592345654964
"cg15070677",-0.026393435895443,-0.304375201463699,-0.0385666862130165,0.0725718960165977,0.000992896151728928,0.196319371461868,0.168216422200203,-0.119930066168308,-0.00770355761051178,-0.142215460538864,0.00153698842041194,0.0150508834049106,0.0164344869554043,-0.0129651539027691,-0.103541426360607
"cg18350739",0.429823309183121,0.167661100625992,-0.0348329916596413,-0.0473529845476151,-0.00327707407996058,-0.0787416696548462,0.0688518360257149,-0.00457333354279399,0.113779135048389,-0.00302029680460691,-0.000532850623130798,0.0202177613973618,0.0133915254846215,0.106273911893368,-0.00409914692863822
"cg14223646",-0.237972378730774,0.0301496163010597,-0.00146104383748025,0.625317573547363,-0.029098654165864,0.00325578497722745,-0.037958662956953,-0.0138812251389027,0.0652646124362946,-0.0192870609462261,0.0168753582984209,0.0541270896792412,-0.00998712703585625,0.0917839482426643,-0.0610535219311714
"cg16389901",0.215773940086365,-0.0808862522244453,0.0766751244664192,0.0830844715237617,-0.0264839380979538,0.161800488829613,-0.183111637830734,0.0299173854291439,0.0685591995716095,-0.0249722190201283,0.0186189673841,0.00158252601977438,0.172935992479324,0.0603088587522507,0.00746858445927501
"cg05663341",0.407458633184433,0.0228748507797718,0.000104422950244043,0.152303248643875,0.00561304995790124,0.048159547150135,0.0351979583501816,-0.0609822049736977,-0.157249704003334,0.00060791103169322,-0.030456006526947,-0.054386917501688,-0.132696509361267,0.0329531505703926,7.15454007149674e-05
"cg15313956",-0.133414968848228,-0.252971440553665,-0.0808628723025322,0.0497152917087078,0.00399019476026297,0.236806467175484,0.0131997289136052,-0.0611422136425972,-0.0873104929924011,-0.132811307907104,0.0164129808545113,-0.0406655073165894,0.119160622358322,0.0769553035497665,0.0639942437410355
"cg11930554",0.404263556003571,0.0155103830620646,-0.00467243883758783,0.0905199721455574,0.00354454154148698,-0.0307944975793362,-0.106541581451893,0.0326615124940872,-0.00996203068643808,-0.00301099196076393,-0.0156523156911135,-0.0205328166484833,0.0171849336475134,-0.0100325178354979,0.0394632369279861
"cg14736058",0.390345722436905,0.129117339849472,0.00219959276728332,-0.054904393851757,-0.00517108198255301,0.176405876874924,-0.0613059960305691,0.149836003780365,0.057555016130209,0.0877484828233719,0.0501520670950413,-0.0489659495651722,0.131717100739479,-0.055836409330368,-0.0686162486672401
"cg09671258",0.353055119514465,-0.14353708922863,0.000623020925559103,0.242143109440804,-0.00597787136211991,-0.124629005789757,0.0495763644576073,0.0608922466635704,-0.181236386299133,0.0692767649888992,0.0116729717701674,-0.0386758483946323,-0.0330821201205254,-0.0359643511474133,0.0314017534255981
"cg19954537",0.304819971323013,-0.00981229543685913,-0.0155345425009727,-0.0707567930221558,-0.0139889735728502,0.235718816518784,0.0784126296639442,0.00664129899814725,0.270391017198563,-0.000505502219311893,0.04110287129879,-0.0708323046565056,-0.0103818373754621,0.0230050068348646,0.0193407461047173
"cg15173134",0.37979456782341,-0.10927352309227,0.00875358935445547,0.221854954957962,0.00528616830706596,0.17472679913044,0.075425922870636,-0.0409078113734722,-0.151126176118851,0.0337523929774761,0.00109363498631865,-0.0134012093767524,-0.127306386828423,0.0234760753810406,0.0435974970459938
"cg10530883",0.379357159137726,0.0648781508207321,0.0133127244189382,-0.0873401835560799,-0.00398960616439581,0.154624745249748,0.0864329487085342,0.159049138426781,-0.14132533967495,-0.0127339093014598,-0.00337201869115233,0.00887715443968773,-0.109513156116009,0.0690559521317482,-0.0536572150886059
"cg11376305",0.0771850794553757,-0.352789133787155,-0.00315101607702672,-0.0715823769569397,-0.00580912316218019,-0.0389898158609867,0.202162593603134,-0.170025527477264,0.0170190669596195,0.00688732927665114,0.00490757636725903,0.0336045809090137,0.127183973789215,0.0125590367242694,0.049504604190588
"cg01963754",-0.0560979917645454,0.0715639665722847,-0.062457587569952,0.446871101856232,-0.0057775522582233,-0.0831703245639801,0.10468178242445,-0.00159651727881283,-0.140826269984245,0.000990155152976513,0.026619853451848,0.00564605835825205,0.0704204216599464,0.00238138902932405,0.0128479413688183
"cg10842339",-0.192104518413544,-0.100030094385147,-0.00677802646532655,0.583572804927826,-0.0118315489962697,-0.156208679080009,-0.074619859457016,-0.0799668431282043,0.0189702790230513,-0.071427159011364,0.0234349332749844,-0.0443469919264317,-0.09492077678442,0.0348658338189125,0.00649847462773323
"cg04927931",0.337615311145782,-0.133368134498596,-0.00211531226523221,0.123943515121937,-0.00900083687156439,-0.106210082769394,0.0912357196211815,-0.029239809140563,0.0210508462041616,0.152917250990868,-0.00306479912251234,-0.00191288720816374,-0.117170237004757,-0.0409906096756458,-0.00164938170928508
"cg08231710",0.285423249006271,-0.17629562318325,-0.00307397497817874,0.00178930279798806,-0.0122469663619995,0.194239735603333,0.00472467998042703,0.0883493721485138,0.00938783120363951,-0.00978919398039579,0.0115278149023652,0.0678219497203827,0.136892750859261,0.0675630867481232,0.0478351339697838
"cg05835105",0.410658150911331,0.0846526622772217,0.0301609169691801,0.00376032735221088,0.00379761937074363,-0.0929252803325653,0.0631418153643608,0.0370989106595516,-0.0992010533809662,-0.0810452848672867,0.00264577474445105,0.000199391099158674,-0.0478722937405109,0.00300202728249133,0.000488184450659901
"cg13631572",0.437440991401672,0.0961284935474396,0.00183022802229971,-0.0584626756608486,-0.00611313013359904,0.0658675879240036,0.0234683323651552,-0.0505732148885727,0.220950424671173,-0.0776105001568794,0.0456083826720715,-0.0482225939631462,0.0571076907217503,0.0517812743782997,-0.0940696373581886
"cg00931644",0.196915447711945,-0.10026353597641,-0.00168952241074294,0.0266738850623369,-0.00574209960177541,0.205110445618629,0.32049560546875,0.268240839242935,-0.112675070762634,-0.00446980632841587,-0.0190043542534113,-0.00232735415920615,0.216569751501083,-0.0445091016590595,0.0289306379854679
"cg04787024",0.409496456384659,0.0341711454093456,0.10020399838686,-0.0108713274821639,-0.0276529919356108,0.116120532155037,-0.0323063060641289,-0.145672664046288,0.20132802426815,-0.0116098411381245,-0.0228851363062859,0.0142346862703562,0.093534953892231,-0.00767477741464972,-0.0227202642709017
"cg04701034",0.419430166482925,0.0219546686857939,0.0495004281401634,0.048920102417469,0.00915363058447838,0.031384602189064,0.0842435956001282,0.0343682430684566,-0.125877529382706,0.0171186719089746,0.0024086395278573,-0.0063835927285254,-0.0743495300412178,-0.00803394615650177,0.0485008917748928
"cg14250833",0.358749598264694,-0.236576363444328,-0.00206737988628447,0.0339393876492977,0.0234229005873203,0.208005622029305,0.00383983459323645,0.0151863163337111,0.0576422289013863,0.13801971077919,-0.00243641738779843,0.0339998491108418,-0.036264818161726,0.0720127895474434,-0.000227291020564735
"cg16171281",0.291770458221436,-0.100479960441589,0.0106069575995207,0.237885683774948,-0.000381268211640418,0.0420219376683235,0.00320124696008861,0.136627793312073,-0.131857514381409,-0.00960719119757414,0.00121556466910988,-0.0424067303538322,0.0939379036426544,-0.00455105304718018,-0.0117321433499455
"cg01760475",0.331394821405411,-0.132701516151428,-0.00217133574187756,-0.0456597395241261,0.00289888377301395,0.0500326007604599,0.0725331678986549,-0.0392186939716339,0.0758228674530983,0.0762613192200661,0.00943758245557547,0.0248258374631405,0.104232460260391,0.00818890798836946,-0.00584909087046981
"cg08786003",-0.231249302625656,0.0577831082046032,0.011590956710279,0.33567813038826,0.0133317448198795,-0.0712774693965912,0.00339999818243086,-0.0632518082857132,0.176349386572838,0.237187698483467,-0.0636522397398949,-0.0751429498195648,0.067670151591301,-0.0108925038948655,0.0875580981373787
"cg22388634",0.282221496105194,-0.139115557074547,0.0562903098762035,-0.0703586786985397,0.0330595523118973,0.181402266025543,0.0193174798041582,0.113533839583397,0.0746249407529831,0.220280528068542,-0.0446405373513699,-0.037027258425951,0.158472970128059,-0.0488034300506115,-0.215843617916107
"cg13247663",0.33814063668251,0.0313614048063755,0.0394380763173103,-0.00328284059651196,-0.0147206531837583,0.209805324673653,0.149174898862839,-0.138157248497009,0.245560303330421,-0.153684660792351,-0.0176216568797827,-0.0127096362411976,0.0390452295541763,0.00649061892181635,0.0134874684736133
"cg11108115",-0.246500745415688,-0.157979160547256,-0.149493977427483,0.103607133030891,0.00799387693405151,0.202371940016747,0.0165626108646393,-0.112973444163799,-0.261799812316895,0.000561638036742806,-0.00401402963325381,0.0844275280833244,0.229284480214119,0.00308843003585935,0.171269774436951
"cg09461420",-0.170580267906189,0.0712941884994507,-0.00739349843934178,0.642570912837982,0.00804484076797962,-0.0961194634437561,-0.0202778950333595,-0.0211361739784479,0.0739703774452209,-0.0205850787460804,0.00316747976467013,0.105869330465794,-0.0215223859995604,0.0986551865935326,-0.0256630629301071
"cg16917193",0.295111000537872,-0.133338570594788,0.00481532514095306,-0.00011665812053252,-0.00772377476096153,0.0213281251490116,-0.0319236442446709,-0.0208834856748581,0.0757974833250046,0.143479436635971,0.00153309060260653,0.0388675071299076,0.112769067287445,-0.0206008944660425,-0.130958303809166
"cg22859061",0.343547224998474,0.150142386555672,0.00308345840312541,-0.00609882129356265,-0.00550164887681603,0.131860926747322,0.00342167285270989,-0.0580841302871704,0.244094803929329,-0.114492408931255,0.0472755469381809,0.00942317023873329,0.110475666821003,-0.0427317060530186,-0.0192092750221491
"cg06733794",0.244189366698265,-0.111668720841408,0.0557292923331261,-0.0777017399668694,-0.00228085205890238,0.0513000972568989,0.183970764279366,-0.151838198304176,0.0142722744494677,-0.0407967939972878,0.0265069250017405,0.00598077615723014,0.18644592165947,0.0281318891793489,-0.0533091202378273
"cg12749863",0.305044233798981,0.046014666557312,-0.000839674728922546,-0.0699634552001953,0.00213782535865903,0.270757108926773,0.0880417972803116,-0.0360576920211315,0.099775917828083,0.00549509935081005,0.00606237724423409,0.0131556838750839,0.134533032774925,0.0307645555585623,-0.0308284182101488
"cg01636650",0.23833204805851,-0.0273274071514606,-0.00355370319448411,0.0119508840143681,-0.0218358263373375,0.0993349924683571,-0.0303153041750193,-0.0481735840439796,0.120220363140106,-0.052172526717186,0.0034663591068238,0.0333338975906372,0.0904935002326965,0.00716339750215411,-0.0302051734179258
"cg12086936",0.3743676841259,0.104619309306145,-0.00132078921888024,-0.0150384102016687,-0.0116327563300729,0.0439535826444626,-0.163460299372673,-0.0636374726891518,-0.0503938384354115,-0.0988786816596985,-0.00225560134276748,-0.0024528440553695,0.00376390875317156,-0.0393208563327789,0.040932510048151
"cg13488570",0.407853275537491,0.300131887197495,0.0276703629642725,-0.0485319010913372,-0.00440949806943536,-0.167099803686142,0.0796274095773697,0.00155456853099167,0.105450257658958,0.00169137609191239,-0.00710685504600406,0.072796531021595,0.0144812632352114,0.0919557362794876,0.00192956649698317
"cg12222949",0.240934267640114,-0.0579270385205746,-0.00329097360372543,0.155079618096352,0.0196816027164459,0.0289390105754137,-0.0019929613918066,0.197252377867699,-0.124378055334091,0.0702613070607185,-0.00480154668912292,-0.0889176577329636,0.286964476108551,-0.0457654111087322,0.0884899348020554
"cg14145801",0.407278090715408,0.068517230451107,-0.00242155836895108,0.0647424384951591,0.00321301235817373,0.0411355197429657,-0.100017480552197,-0.000887279224116355,0.0708333700895309,0.0111674210056663,-0.0298299435526133,-0.139037370681763,0.12012293189764,-0.00816318858414888,0.0243669562041759
"cg20341504",0.325998425483704,0.1469756513834,-0.000975497125182301,0.0128325568512082,-0.0117468796670437,0.118021234869957,-0.228727251291275,0.00211339630186558,0.117648512125015,-0.236849531531334,-0.00357244699262083,-0.00179955246858299,0.138099670410156,-0.0190132167190313,0.0715617313981056
"cg17840719",0.376490533351898,0.159625470638275,0.0167002398520708,0.144678711891174,0.0176467001438141,-0.144868522882462,0.222527861595154,0.096627801656723,-0.0528237409889698,-0.134383887052536,0.0254289358854294,0.0207660496234894,-0.0970250889658928,-0.00997028592973948,0.0417443476617336
"cg26238975",-0.113300420343876,0.0594208464026451,0.0603226199746132,0.487777769565582,0.00899986084550619,0.170491278171539,0.0992936417460442,-0.111462660133839,0.181810960173607,0.022562189027667,-0.04005266726017,-0.0633624419569969,0.0465965196490288,-0.084439143538475,0.176193505525589
"cg17064051",0.340008050203323,-0.144990414381027,-0.000756456982344389,0.0299464296549559,0.00332950032316148,0.330865979194641,-0.0805655941367149,0.0841120034456253,0.155967220664024,0.0486705675721169,-0.0132812112569809,-0.00706152012571692,0.0521768666803837,0.089806467294693,-0.0436589457094669
"cg14156405",0.373370826244354,0.0652132257819176,0.0536829195916653,0.0847200453281403,-0.00534344557672739,0.0464557334780693,0.0899992883205414,-0.0691297352313995,-0.203822821378708,-0.0681035816669464,0.0120869651436806,-0.0115347541868687,-0.125984132289886,-0.0504884831607342,0.00586693082004786
"cg11528328",-0.0344120487570763,-0.238846153020859,0.181539803743362,0.00343775399960577,-0.0255440138280392,-0.0474219843745232,-0.0940419584512711,-0.0161366537213326,-0.00687645049765706,0.259308278560638,0.00862693414092064,0.100868456065655,0.116952940821648,-0.0769262462854385,-0.015991447493434
"cg22714290",-0.320670545101166,-0.186110094189644,0.117590740323067,0.074334129691124,0.0444023571908474,0.273730784654617,0.041465125977993,-0.0365148223936558,-0.0464062392711639,-0.0762720629572868,-0.0711741670966148,0.0571939237415791,0.0975566282868385,-0.0436268821358681,-0.00500127719715238
"cg03582419",-0.333704620599747,-0.115094609558582,0.113265320658684,0.112895138561726,0.0646382197737694,0.232159659266472,0.00830842647701502,0.0234575290232897,-0.107411779463291,-0.0568623915314674,-0.0594095438718796,0.00955288484692574,0.124548457562923,-0.0267960391938686,2.86663871520432e-05
"cg27504802",0.434312850236893,0.0942773371934891,0.00738090556114912,0.105278119444847,0.00687803933396935,0.0624526776373386,0.0465584769845009,-0.0318433679640293,-0.253030002117157,-0.0188276935368776,-0.027774803340435,-0.0477415770292282,-0.0903788208961487,-0.0329626426100731,0.0148744052276015
"cg08253651",0.346491932868958,0.150275602936745,-0.00264068599790335,0.0745654031634331,0.0276725180447102,0.0691066682338715,-0.0625833198428154,0.0333491750061512,-0.0377132818102837,-0.0719991624355316,0.0433043092489243,-0.0856139361858368,0.298365354537964,-0.069656677544117,0.0224466342478991
"cg12079322",0.373214513063431,0.0421116687357426,0.000115161121357232,0.0176672264933586,-0.0033978212159127,0.0832320973277092,0.0272073857486248,-0.0448258928954601,-0.0990725457668304,-0.0640372484922409,0.0630190074443817,0.00962394662201405,-0.139807388186455,0.0217020735144615,-0.0763494819402695
"cg00674365",0.270879089832306,0.0545389391481876,0.00498252222314477,0.0397230349481106,0.0019082356011495,0.0971613824367523,-0.0230648946017027,0.164566278457642,-0.0793972015380859,-0.0380337871611118,0.0172369796782732,-0.00843533873558044,-0.100595965981483,-0.0237503312528133,-0.0197233520448208
"cg12500879",0.299521744251251,-0.311221688985825,0.00106036895886064,0.139054670929909,-0.00629762187600136,-0.0826768651604652,-0.022346930578351,0.0176609046757221,-0.0346156992018223,0.0751955881714821,0.00361676304601133,-0.0206953715533018,-0.0119806481525302,0.0104311648756266,0.00900804530829191
"cg20098471",0.34685418009758,0.066100962460041,0.00368162035010755,-0.000806167954578996,-0.0305167641490698,0.0874156728386879,-0.00118218327406794,0.00696137268096209,0.151842549443245,-0.14054274559021,0.0358967818319798,-0.0223362017422915,-0.0112940398976207,0.00774133857339621,0.174943253397942
"cg25479916",0.332159370183945,-0.0503275543451309,0.000720625044777989,-0.0369340516626835,0.00766289653256536,0.114413820207119,-0.154046818614006,0.0148503147065639,0.213820278644562,-0.0365794785320759,0.00225151842460036,-0.00601866748183966,0.0907377079129219,-0.0577347204089165,-0.0270497817546129
"cg23244022",0.22121973335743,-0.108709707856178,0.0492708198726177,0.0744862109422684,0.00185242248699069,0.168482095003128,-0.158071547746658,-0.121619902551174,0.126921251416206,-0.0389769859611988,0.0352806821465492,-0.00116754451300949,0.251337140798569,-0.0358108468353748,0.1344123929739
"cg23782616",0.229739174246788,-0.268085539340973,-0.0070684882812202,0.0926048755645752,-0.00649864412844181,0.00942288618534803,-0.0436610579490662,-0.0916470363736153,-0.061873659491539,0.113341614603996,-0.0227848924696445,0.0181179251521826,0.102909117937088,-0.0847735777497292,0.00912463292479515
"cg27663938",0.342366129159927,-0.110902763903141,-0.00374750467017293,0.189920216798782,0.00154679547995329,-0.133688762784004,-0.0911199524998665,0.182331502437592,0.0803135260939598,-0.136233881115913,-0.0519930236041546,-0.00908550154417753,-0.0671025440096855,0.00488382903859019,0.0573893338441849
"cg17509039",0.273961693048477,-0.0676189586520195,-0.0977869033813477,0.261049538850784,0.027885252609849,0.0360792875289917,0.0667819902300835,0.266464084386826,-0.230989187955856,-0.0812789797782898,-0.00965946167707443,-0.0252280868589878,0.146842986345291,0.0441270247101784,0.0528915077447891
"cg21001198",0.392338365316391,0.000964788778219372,-0.00250600487925112,0.00774913420900702,-0.0351069271564484,0.279163599014282,0.0041574384085834,-0.0766494274139404,-0.0484192259609699,0.0717169344425201,0.0117094609886408,-0.00151291536167264,-0.017290910705924,-0.0732113122940063,-0.00735130254179239
"cg10286969",0.103843212127686,-0.287546217441559,0.0190877169370651,-0.000260965782217681,0.015194907784462,-0.101404391229153,-0.00823451951146126,-0.11903390288353,-0.170022159814835,0.070196233689785,-0.00853984896093607,-0.0188838709145784,0.254937082529068,0.109878733754158,-0.152810677886009
"cg20945566",0.270586520433426,-0.372667670249939,0.00269461935386062,0.166614040732384,-0.00585977826267481,0.000581994012463838,0.109372369945049,0.0902658179402351,0.188379302620888,0.222594067454338,0.0319918356835842,-0.00971770565956831,-0.0432065203785896,-0.125128760933876,0.0099799670279026
"cg04515996",0.377605259418488,-0.116725847125053,7.76897504692897e-05,0.151912912726402,0.00727835204452276,-0.103283353149891,-0.0202053710818291,-0.118698984384537,-0.110118009150028,-0.0151241952553391,0.0187113378196955,0.0150919109582901,-0.207708135247231,0.030588312074542,-0.0150709766894579
"cg18740893",0.419018238782883,0.0451567284762859,0.000185587661690079,-0.00373092154040933,0.00480541214346886,0.203471228480339,0.0177550800144672,-0.000187441808520816,-0.0710188895463943,0.0138744907453656,0.0056722778826952,-0.0107894632965326,-0.0142718842253089,0.00564686674624681,-0.0230528768151999
"cg00399591",0.110119737684727,0.370607018470764,0.0113530158996582,0.106582768261433,0.0339769013226032,0.0620387606322765,-0.0487504787743092,0.0617102943360806,-0.130596071481705,-0.0942287966609001,0.000608890899457037,0.0194369498640299,0.178284347057343,-0.0300271101295948,-0.0155152063816786
"cg25317585",0.366299599409103,-0.0324410200119019,0.0159230846911669,0.0653083622455597,0.024923637509346,0.124069288372993,0.0980911999940872,-0.093158446252346,-0.171581164002419,0.00852870382368565,0.0023745815269649,-0.023664278909564,-0.0905293002724648,-0.0325591675937176,-0.0846255198121071
"cg23521666",-0.201898187398911,-0.0531962960958481,0.00133341760374606,0.531526327133179,0.00474861450493336,0.0274897180497646,-0.0267827473580837,-0.0153945609927177,0.0202707909047604,0.0798588246107101,0.00684425933286548,0.0404508896172047,0.012647888623178,-0.0820090100169182,0.00694995187222958
"cg13906377",0.377823859453201,-0.115313164889812,0.00578452087938786,0.065477728843689,-0.00687324022874236,0.0213207565248013,-0.10229703783989,0.00199210993014276,-0.0415880046784878,0.0762290507555008,0.00181617436464876,-0.00567492796108127,0.0803935080766678,-0.141160428524017,-0.00269106077030301
"cg20434926",0.321901202201843,0.0482168421149254,-0.060352198779583,0.000158926472067833,0.020175551995635,0.158227562904358,-0.105733007192612,0.155202433466911,0.016849322244525,0.125851422548294,-0.0113903442397714,0.107868991792202,0.151276409626007,0.0225667115300894,-0.0890389606356621
"cg25553466",0.181238636374474,0.0591335445642471,-0.190964266657829,0.307960152626038,0.0347115509212017,0.0098347645252943,0.188324779272079,0.235456436872482,0.131344512104988,0.0206544175744057,0.049554955214262,0.0325196236371994,0.0342819094657898,-0.0234478153288364,0.118644028902054
"cg21063722",0.334310591220856,-0.11934968829155,-0.00189504004083574,0.142317727208138,-0.014157323166728,-0.127412050962448,0.0967249572277069,-0.0119203124195337,0.0228541288524866,0.143630668520927,-0.000628398032858968,0.00669710757210851,-0.106768742203712,-0.0279992334544659,-0.00595371704548597
"cg26452868",0.391649693250656,-0.155361577868462,0.0335035249590874,0.0370352827012539,0.000558721600100398,-0.162595123052597,0.0613730475306511,0.00445469096302986,-0.0175428967922926,-0.0868432819843292,-0.0226817298680544,0.00802497938275337,0.0667302161455154,-0.0624641515314579,-0.011930238455534
"cg00680551",0.401603400707245,0.163117438554764,-0.0050096963532269,0.000955679395701736,-0.0220689531415701,-0.111507311463356,-0.0328410118818283,0.0917417332530022,0.00482754409313202,-0.00666932156309485,0.0127956783398986,-0.0825606435537338,0.180051133036613,0.0283258892595768,0.0428809225559235
"cg05604079",0.335535794496536,-0.122984685003757,-0.038863118737936,0.185218498110771,-0.010808733291924,0.0958038121461868,-0.0582646876573563,0.0677539557218552,-0.251467734575272,0.0650733560323715,-0.0254147611558437,-0.0317085199058056,-0.0936015173792839,-0.0563829652965069,0.0792528837919235
"cg16150752",0.1567013412714,-0.390160322189331,-0.00653912220150232,-0.0597712099552155,-0.00437868619337678,-0.0200180262327194,-0.0386885292828083,-0.0936709493398666,-0.250839591026306,-0.0891894176602364,0.0283953007310629,0.00880772341042757,0.00806782208383083,0.103227600455284,0.00129285210277885
"cg10884288",0.224932596087456,-0.167518392205238,-0.00863614119589329,0.0250082425773144,-0.00606338819488883,-0.0350115746259689,-0.0329103693366051,0.00800818111747503,-0.0260570850223303,0.0210012644529343,0.00243589794263244,-0.00282552791759372,0.284332901239395,0.0570175014436245,-0.0255424622446299
"cg06355129",0.345011621713638,0.0851505324244499,-0.009641008451581,0.00144377688411623,0.00605487544089556,-0.111582249403,0.151057720184326,0.123908042907715,0.0274862144142389,-0.0801324471831322,0.0236142966896296,-0.0601397603750229,0.180722445249557,-0.0378161296248436,-0.00718608032912016
"cg16234978",0.374525219202042,-0.131617113947868,0.00168768467847258,0.0607991553843021,-0.00108989758882672,0.128323793411255,0.130152389407158,0.0144827514886856,-0.0180470533668995,-0.111451461911201,-0.0277169067412615,-0.0110914502292871,-0.00728044658899307,0.0078854626044631,-0.00676337257027626
"cg21026830",0.374333679676056,-0.222174540162086,-0.00248757586814463,0.00746211875230074,0.00944831501692533,-0.170191630721092,-0.0782491192221642,-0.00396428117528558,-0.0093418825417757,0.0721617564558983,0.00599829945713282,0.0109636932611465,0.0263625159859657,-0.0893773138523102,-0.0587658286094666
"cg20952901",0.28877791762352,0.261209964752197,0.000795738829765469,-0.0114422794431448,-0.00414666952565312,-0.049579456448555,-0.0211639013141394,-0.0172719694674015,0.0365348868072033,0.0102495783939958,0.0284481719136238,0.0471621230244637,0.175008580088615,-0.00273903668858111,-0.0797396600246429
"cg15720832",0.302897900342941,0.188950687646866,0.014853909611702,0.110559180378914,-0.00847221165895462,0.0847037360072136,0.0271255802363157,0.0402975268661976,-0.0731086581945419,-0.030320905148983,0.0193056166172028,0.00663858512416482,0.0846049040555954,0.0613151825964451,-0.00695718824863434
"cg11795854",0.26480358839035,-0.393616557121277,0.00580825470387936,0.0710773169994354,0.0171550177037716,0.0829219743609428,-0.161168038845062,0.0549436062574387,0.0469509847462177,0.204693466424942,0.00405450351536274,0.0140034947544336,0.0455713123083115,-0.120929680764675,0.00794064812362194
"cg05037927",0.258416950702667,-0.0581401400268078,0.00735969981178641,-0.00747294723987579,0.0219434089958668,0.0119309490546584,-0.112229108810425,-0.0807410776615143,0.0895960032939911,-0.159748092293739,-0.0617433898150921,0.00306805316358805,-0.0757516250014305,-0.00565489055588841,0.000351634429534897
"cg19807257",0.309424370527267,-0.403590857982635,0.00011174131941516,0.0347195230424404,0.0133451353758574,0.0387223623692989,-0.119141861796379,-0.00830748677253723,0.0707895681262016,0.0902434810996056,-0.00246082548983395,0.000787243829108775,0.117978677153587,0.0114319324493408,-0.00574839487671852
"cg01984743",0.0872771888971329,-0.360579013824463,0.0779832750558853,0.0246536508202553,-0.00450356584042311,0.0292798727750778,0.172215536236763,0.134814873337746,0.0275532584637403,0.112189695239067,-0.00803534593433142,0.0631860420107841,-0.00696689495816827,0.0815450921654701,-0.00780146382749081
"cg23930334",0.216072335839272,-0.145004153251648,-0.00285324803553522,-0.0496912151575089,-0.0144215729087591,0.171977758407593,0.0317467264831066,0.0118322614580393,0.232452005147934,-0.0157854929566383,-0.00980029348284006,-0.0573173500597477,0.0947833731770515,0.0031685798894614,-0.0237421523779631
"cg26559315",0.282840073108673,0.0301829986274242,0.00277942372485995,0.102846413850784,0.00550640933215618,0.0591840669512749,-0.0910627841949463,-0.00542747974395752,-0.082865908741951,-0.0218475162982941,-0.00920510292053223,0.0102767646312714,0.0986530557274818,0.0381371267139912,0.00406783306971192
"cg03502002",0.373197704553604,-0.186583295464516,0.0561509430408478,0.0648081451654434,-0.0014671670505777,-0.0990851372480392,0.0881693810224533,0.0130718713626266,-0.191385269165039,-0.106857150793076,-0.0334744714200497,-0.00227071880362928,-0.111398674547672,-0.0191594753414392,0.087097741663456
"cg21944740",-0.173577576875687,-0.0399029739201069,-0.0131714614108205,0.578445374965668,-0.00160103081725538,-0.245247408747673,-0.00826844666153193,-0.149337247014046,-0.0305811930447817,-0.0876991152763367,-0.00324357813224196,-0.00553657906129956,-0.0714797750115395,0.000453553802799433,-0.0400836654007435
"cg10752421",-0.133242577314377,-0.26634755730629,-0.00455406773835421,0.0403542779386044,0.0218917466700077,0.220676079392433,0.0714116320014,-0.0250031966716051,-0.133295103907585,-0.0763510912656784,0.00756269553676248,-0.00311371800489724,0.0747723206877708,0.0991932898759842,0.033408910036087
"cg06304518",-0.113079093396664,0.0187532063573599,-0.00707900896668434,0.613170921802521,-0.00234667328186333,-0.063128724694252,-0.00741669489070773,0.00365252303890884,0.0756199955940247,0.0473179668188095,0.00178336177486926,-0.00618695188313723,-0.0351358391344547,-0.000725720485206693,-0.0132751874625683
"rs2959823",-0.0140016647055745,0.0911416113376617,0.00434694299474359,0.00455414457246661,0.00132060633040965,0.0609402172267437,-0.00470342906191945,0.00757812336087227,-0.0309234242886305,0.0152175640687346,-0.0273271594196558,-0.0894046872854233,0.0216790735721588,-0.00852226559072733,0.0250752549618483
"cg10249375",0.26209557056427,-0.39674499630928,0.000386742263799533,0.139710232615471,0.0047467602416873,-0.100258149206638,-0.0784914866089821,0.00316595868207514,0.010773747228086,0.00081465533003211,0.00904184952378273,0.00741585390642285,0.00045876725926064,-0.0494116172194481,0.00598099175840616
"cg13601435",0.357178807258606,-0.0903789401054382,-0.00178133009467274,0.255390495061874,-0.00158241705503315,-0.0941717475652695,0.00922950077801943,0.0102017810568213,-0.088090717792511,0.00913650821894407,-0.00722370157018304,-0.027636406943202,-0.109367147088051,0.000241987538174726,0.00942704547196627
"cg00459623",0.257993519306183,-0.428232401609421,-0.00194764533080161,0.158917263150215,0.00770786590874195,-0.0672632157802582,0.00271239783614874,0.000947343243751675,0.11576484888792,0.141868591308594,-0.00787521712481976,0.00687229912728071,-0.142414718866348,-0.0374820828437805,0.0939615592360497
"cg03126579",0.394821465015411,0.181085050106049,0.00339730200357735,0.0999507680535316,-0.0274029430001974,-0.0867205709218979,-0.0997473150491714,-0.0247252341359854,-0.0536920167505741,0.0272021815180779,0.0262751821428537,-0.00144498364534229,0.0998281762003899,0.00693358248099685,0.054877981543541
"cg10304922",0.387537777423859,0.063371367752552,-0.000114338079583831,-0.00131001591216773,-0.0180885624140501,0.233907371759415,0.00199485081247985,-0.0139409117400646,0.0917402133345604,0.010000285692513,0.0131334718316793,-0.00230032368563116,0.075680784881115,0.0153539786115289,-0.0401237234473228
"cg21042456",0.38883376121521,-0.140815690159798,-0.00109665154013783,0.0879687368869781,-0.00123234535567462,-0.110193207859993,-0.0414229296147823,0.00293035409413278,-0.0730586349964142,0.0603664964437485,0.020815646275878,0.00107566476799548,-0.0416147448122501,-0.00716724898666143,-0.0161868222057819
"cg20035127",-0.399500072002411,-0.250638574361801,0.0722870528697968,0.0668904855847359,0.0376997143030167,0.152068644762039,-0.0110333170741796,0.0100385202094913,-0.125625178217888,0.0468613058328629,0.0340803936123848,-0.0854222401976585,0.0960254371166229,-0.118189908564091,0.00423776777461171
"cg22674699",0.323924034833908,-0.187016949057579,0.0540336444973946,0.0768047943711281,0.0136067504063249,0.0408155918121338,0.0974119603633881,0.000276175996987149,-0.179055720567703,-0.0175347216427326,0.00122514879330993,-0.0123048797249794,-0.0105161275714636,-0.0551808588206768,-0.000864776433445513
"cg15866977",0.382137209177017,-0.0877072289586067,0.000958651013206691,-0.00267908233217895,-0.0269288029521704,0.285831928253174,0.0697920694947243,-0.00709438556805253,0.142013549804688,0.0935169383883476,0.019949784502387,-0.00106629088986665,-0.0264855921268463,0.0398907922208309,0.0119863590225577
"cg08421126",0.385837882757187,0.086905337870121,0.00171238416805863,0.0017172833904624,0.00041885842802003,0.200389385223389,-0.0768889635801315,0.0797910988330841,0.111450351774693,-0.00823268201202154,0.000940330151934177,-0.0445026755332947,-0.0118442997336388,-0.0732809454202652,-0.0207223333418369
"cg22991512",0.346225947141647,-0.0363723337650299,-0.0189600121229887,0.0924808904528618,-0.00196756841614842,0.179969012737274,-5.57582861802075e-05,-0.0457828231155872,-0.135945186018944,0.0119988899677992,0.0026160404086113,0.00778672564774752,0.0080737266689539,0.0364642813801765,-0.0235046967864037
"cg22877570",0.14596426486969,-0.129329681396484,0.09974604845047,0.0537534132599831,-0.00776061927899718,-0.079898402094841,-0.326196193695068,-0.173356756567955,0.14416116476059,-0.0579283572733402,-6.26496548647992e-05,-0.0492881499230862,0.0679466128349304,0.12923763692379,0.1229637414217
"cg27636310",0.341096937656403,-0.00785909406840801,-0.00695495214313269,-0.0896909013390541,-0.00831790175288916,0.195998653769493,-0.0826068669557571,0.00762568367645144,0.294793784618378,-0.0839364379644394,-0.00662533799186349,-0.0272860080003738,0.0806969478726387,0.0546438843011856,-0.0232819430530071
"cg19003326",-0.291549921035767,-0.290446877479553,0.0124379843473434,0.0721285119652748,0.00739476038143039,0.187026545405388,0.182497531175613,-0.010496249422431,-0.0452155023813248,0.0971673801541328,-0.00998454447835684,-0.00862492434680462,0.0933458134531975,0.0587832145392895,0.0798421949148178
"cg14462553",-0.142033919692039,0.0671005845069885,-0.0099806459620595,0.522077739238739,0.0122768990695477,0.0421187803149223,-0.0801890417933464,0.227875590324402,0.0207468532025814,0.21164770424366,-0.0749296396970749,0.126285970211029,-0.0462605506181717,0.0524154752492905,-0.228221029043198
"cg00064255",0.366792887449265,0.108021408319473,0.00356734264642,0.0125793218612671,0.000303840759443119,-0.00843899883329868,0.0391604229807854,-0.0621964149177074,0.0103104682639241,0.142322391271591,0.0318901352584362,-0.138091877102852,0.208943754434586,-0.0638021528720856,0.0151844937354326
"cg19619405",0.384472578763962,-0.148810133337975,0.0231421198695898,0.153985381126404,0.00884079467505217,-0.181324943900108,0.0197529140859842,0.0336074940860271,-0.109539419412613,-0.0435505285859108,0.00577839929610491,-0.0315372198820114,-0.113140165805817,0.0209841392934322,-0.00287318578921258
"cg11347582",0.326686412096024,-0.245150804519653,-0.000432683416875079,0.00255076377652586,-0.00571776926517487,0.231579914689064,-0.0891492739319801,0.077439121901989,0.0867032632231712,0.108413353562355,0.00539164803922176,0.0264094024896622,0.0324040167033672,-0.0210046898573637,-0.12136946618557
"cg26014538",0.345176249742508,0.134620532393456,0.0470425561070442,0.159718573093414,-0.0015116750728339,-0.147253260016441,0.0639414936304092,0.037250604480505,-0.0104062492027879,0.00810663402080536,0.00904316455125809,0.0189415384083986,-0.0301202367991209,-0.00190928345546126,0.0716033801436424
"cg23522194",-0.317748069763184,-0.188074141740799,0.0936434045433998,0.0952947437763214,0.0197722185403109,0.10871222615242,-0.141728013753891,-0.0240950472652912,-0.210193559527397,0.000480126676848158,0.0332712903618813,0.00663382280617952,0.146365240216255,-0.0433043166995049,0.0297931507229805
"cg26492446",0.405309855937958,-0.0844196230173111,2.8715001008095e-06,0.113277569413185,-0.010341047309339,0.128910899162292,0.0572930425405502,-0.0753688365221024,-0.147873982787132,-0.0348168164491653,-0.00875805784016848,-0.00113709375727922,-0.132772564888,0.00139477266930044,0.0186189003288746
"cg01226963",-0.154103577136993,0.15006385743618,-0.00148577825166285,0.630886495113373,0.00242863432504237,0.000790021382272243,0.0576088428497314,-0.114542424678802,-0.0394586585462093,0.0167729686945677,0.0158659350126982,0.0467177182435989,0.0167021732777357,0.015040366910398,-0.114863581955433
"cg20985450",0.420430064201355,0.0563068278133869,0.034783873707056,0.000462921889265999,0.0114587228745222,-0.064563125371933,-0.0391953065991402,0.0166260544210672,-0.0357355624437332,-0.0603454560041428,0.00400044396519661,0.0573222897946835,-0.0205045808106661,-0.0258210282772779,-0.00317564932629466
"cg23947326",0.262718439102173,-0.237580940127373,-0.0158962067216635,-0.00318264262750745,0.00239354022778571,0.0450464710593224,0.015376765280962,-0.163560792803764,0.0437102057039738,0.00769517198204994,-0.012746368534863,-0.0062746973708272,0.150668740272522,0.0615912713110447,0.00642900820821524
"cg02090033",0.433965355157852,0.164265841245651,-0.000892184267286211,-0.0567883439362049,0.0189665257930756,-0.0620510578155518,0.0864426419138908,-0.104982763528824,0.106989026069641,-0.0863690748810768,-0.00075493281474337,-0.00102005084045231,0.00877400767058134,0.0706038400530815,-0.00946726463735104
"cg00055764",-0.186708018183708,-0.0111493747681379,0.0804305896162987,0.589403510093689,-0.028159910812974,0.00484454818069935,0.039725050330162,-0.0336829572916031,-0.0276659484952688,-0.126334860920906,0.0184405334293842,0.0195635668933392,-0.00777565315365791,0.055135253816843,-0.148777216672897
"cg04301104",0.334737360477448,-0.0370706431567669,0.0109568191692233,-0.0503230020403862,-0.00161345314700156,0.159723907709122,0.0135572301223874,-0.0192318428307772,0.0765037909150124,-0.0578343421220779,-0.00568962562829256,-0.0964677333831787,0.197749495506287,-0.0210770089179277,-0.0913216546177864
"cg22052659",0.371039658784866,-0.199116677045822,-0.016328539699316,0.00189798383507878,-0.00291321286931634,-0.00552738970145583,-0.0104672675952315,-0.00482692196965218,-0.0901015773415565,0.0395488105714321,-0.00950194802135229,-0.0198623836040497,0.0721045732498169,-0.00584853580221534,0.00389887322671711
"cg21126583",0.29780176281929,0.028382770717144,-0.00725756771862507,0.00183454365469515,-0.0272116456180811,0.00888390000909567,-0.0349132493138313,-0.00286582834087312,-0.278547286987305,-0.102491348981857,0.00855508632957935,0.0137304207310081,-0.0772401914000511,-0.0137465912848711,-0.111759535968304
"cg07150062",0.362677454948425,-0.195701539516449,0.000211073405807838,0.0462510548532009,0.00378434243611991,0.088560625910759,-0.002477414207533,0.0266096163541079,-0.0928813591599464,-0.00582214212045074,-0.00519321300089359,0.0453425534069538,-0.00985072553157806,0.0329253301024437,-0.0575578100979328
"cg08879910",0.297624051570892,-0.122424952685833,-0.00078189600026235,0.0549713596701622,-0.0377509109675884,0.295666545629501,0.0787105411291122,-0.0680090039968491,0.143033057451248,0.067145548760891,-0.0118708163499832,-0.00193513545673341,0.0595833472907543,0.0210730843245983,0.0105091454461217
"cg17029019",0.336412847042084,0.249718189239502,0.149202853441238,-0.00774916633963585,-0.0237763375043869,0.0408391356468201,-0.0336725227534771,-0.124041125178337,0.0866276100277901,0.153740957379341,-0.0124617675319314,0.0925860777497292,0.196011498570442,0.0951352789998055,0.000158748443936929
"cg17165836",0.278663903474808,0.306569427251816,0.0345744974911213,0.0140478499233723,0.00816670432686806,-0.148341581225395,-0.0342872180044651,-0.100376725196838,-0.0724453553557396,-0.178250044584274,0.0111397514119744,-0.0423203557729721,0.202583625912666,-0.049769327044487,-0.00704749906435609
"cg08162372",0.274751394987106,-0.195020467042923,-0.00240766140632331,0.0562207140028477,-0.0272040329873562,0.238822981715202,-0.133863732218742,0.0266850385814905,0.00958444271236658,0.0129443751648068,0.0109127825126052,0.00310648465529084,0.00121179840061814,0.0328335538506508,-0.00448976317420602
"cg19961800",-0.160025477409363,-0.101102657616138,0.00780516909435391,0.550692558288574,0.0133367525413632,-0.0389264971017838,-0.13017413020134,-0.061586007475853,0.171255424618721,-0.0986116826534271,0.00619046110659838,-0.0638335272669792,-0.0869334042072296,0.0311708822846413,0.0139721827581525
"cg24757310",0.261212021112442,-0.071776494383812,0.00998790562152863,-0.00631098821759224,0.0193386413156986,0.00446509569883347,-0.129591211676598,-0.0893031135201454,0.0751285403966904,-0.149239420890808,-0.0461179912090302,0.0173256099224091,-0.0642280280590057,0.0147815635427833,-0.00391053315252066
"cg03774803",0.30437695980072,-0.221326813101768,-0.00245342054404318,0.00682928366586566,0.00221323408186436,0.0429900623857975,-0.0433947183191776,-0.0604676157236099,-0.0132216513156891,0.0464117228984833,-0.00545642990618944,0.031849279999733,-0.0287758875638247,-0.00541692692786455,0.0324316285550594
"cg14625175",0.416794061660767,0.165787190198898,0.0554471239447594,0.0266034714877605,0.0025991490110755,-0.0500014834105968,-0.0240779183804989,0.0622797943651676,-0.0325600504875183,-0.0886807516217232,0.00180342781823128,0.0224431306123734,-0.0629517510533333,-0.0764050036668777,-0.00226656650193036
"cg16987305",0.421743214130402,0.00911120790988207,-0.00187024369370192,-0.000925194006413221,-0.00122372771147639,0.177797079086304,0.0703055337071419,0.0160035789012909,-0.0767127797007561,0.00097468844614923,-0.00737526686862111,-0.026362719014287,-0.055973969399929,0.0553925856947899,-0.0711587741971016
"cg25884711",0.403996169567108,0.0167119279503822,-0.00784728024154902,0.224267706274986,0.00296332477591932,-0.0826729536056519,0.0597017593681812,-0.0864485949277878,-0.0987657904624939,-0.0385659486055374,0.00329475640319288,-0.00452851317822933,-0.138837724924088,0.0122230425477028,0.00372983189299703
"cg16208084",0.153170973062515,-0.171288356184959,-0.0664611607789993,0.0404691621661186,0.00381801975890994,0.179980829358101,0.162917152047157,0.0213191974908113,0.0887162908911705,-0.140918508172035,-0.0132382353767753,-0.00427735224366188,0.255108416080475,-0.0241882223635912,-0.00537268724292517
"cg08328777",0.355528622865677,-0.0291282739490271,-0.0021001910790801,0.00151184038259089,-0.0079709030687809,0.29485484957695,-0.0417105481028557,0.0836727917194366,0.00754747539758682,-0.00087917159544304,-0.00747229531407356,-0.00156135344877839,0.0608873665332794,0.0455626212060452,0.0764735415577888
"cg05033333",0.320800274610519,-0.183749616146088,0.00391914695501328,0.0924295634031296,0.00352496257983148,0.0133182816207409,-0.0291935782879591,0.0120042050257325,0.0186497662216425,0.106908939778805,0.00466950749978423,-0.00100801954977214,0.0942195728421211,-0.0149868316948414,0.101337753236294
"cg22770560",-0.132159262895584,0.121836952865124,-0.00175615435000509,0.577307999134064,-0.0032334306742996,-0.00595516432076693,-0.0213176216930151,0.202148273587227,-0.0202541165053844,0.149584352970123,-0.0122960694134235,0.073511928319931,-0.0256007555872202,0.0340855196118355,-0.182142093777657
"cg08335510",-0.129002034664154,0.109748929738998,-0.00293963891454041,0.573889851570129,-0.000315794924972579,0.0702812001109123,0.0254706367850304,-0.0634865015745163,-0.101398438215256,-0.0738761574029922,-0.038590531796217,0.00301023875363171,-0.00571606121957302,0.0148632926866412,0.0110333394259214
"cg25810484",0.37918683886528,-0.157633200287819,0.0014308076351881,-0.000684263475704938,-0.0155645813792944,-0.061690628528595,-0.0744767785072327,-0.069633424282074,0.0731639638543129,0.138508141040802,-0.0107276951894164,0.0291772056370974,0.15603893995285,-0.0428052805364132,-0.123009361326694
"cg04194674",0.32896289229393,0.222739085555077,0.0148554584011436,0.00389437773264945,3.93370610254351e-05,-0.200175136327744,-0.0541472584009171,-0.139210596680641,-0.0279288869351149,-0.0417367592453957,-0.00883912295103073,0.0565685071051121,0.198585882782936,0.0841269195079803,-0.0675477683544159
"cg19181528",-0.041893869638443,-0.0825141221284866,0.00949046202003956,0.545023620128632,-0.0282038673758507,-0.225053504109383,0.00570674892514944,-0.0573029816150665,-0.123011521995068,-0.129283279180527,-0.00757830124348402,-0.0148259056732059,-0.0495490394532681,-0.0027095761615783,-0.169912099838257
"cg17239236",0.334411978721619,-0.220126032829285,0.0336285308003426,0.148604527115822,0.00680187297984958,-0.0437102727591991,0.0218218099325895,-0.0586553998291492,-0.19916532933712,-0.0296115148812532,0.0106194214895368,-0.0239450018852949,-0.101857036352158,-0.0180906727910042,0.00934876967221498
"cg02632490",-0.0961699783802032,-0.0885132476687431,0.0582946017384529,0.421369254589081,-0.00251318514347076,0.115009374916553,0.0902136936783791,0.0907274410128593,0.315465182065964,0.159119978547096,0.0141601925715804,-0.0102362055331469,0.0138853993266821,-0.058894470334053,0.115590907633305
"cg22282405",0.167696714401245,-0.202827051281929,-0.00291635259054601,-0.0422289296984673,-0.0113873556256294,-0.0323729701340199,-0.225339114665985,0.229006499052048,-0.0762567818164825,0.151210278272629,0.0468515567481518,-0.00370254158042371,0.0767578333616257,-0.0127402767539024,-0.184781938791275
"cg07162000",0.0703661516308784,0.177186772227287,0.0976628959178925,0.286167174577713,-0.00216592964716256,-0.246287181973457,-0.296013325452805,-0.111944898962975,-0.249438464641571,0.0675242617726326,0.0371826179325581,-0.0129915382713079,0.170440047979355,-0.0652283281087875,0.00994184892624617
"cg10617909",0.399034231901169,-0.0690024644136429,0.0309894904494286,0.0246235094964504,0.00667236791923642,0.119038611650467,0.0141060389578342,0.008592763915658,-0.183067172765732,-0.00591781875118613,0.00571522815153003,-0.00992744974792004,-0.110617272555828,0.0562742799520493,0.0103733548894525
"cg09827752",0.314632564783096,0.0497925356030464,0.00403461512178183,-0.00468400679528713,-0.0138111254200339,0.275894820690155,-0.0173245202749968,0.00323797087185085,0.18525205552578,-0.0443712286651134,0.0299359671771526,-0.00864276569336653,0.0182854514569044,0.00702282087877393,0.00741791632026434
"cg21678312",0.340409398078918,-0.197983309626579,-0.0020806472748518,0.264333307743073,0.0136195719242096,-0.0363175868988037,-0.113354541361332,0.0480378642678261,-0.0222634021192789,-0.0126430597156286,-0.0577135942876339,-0.0798115804791451,-0.0468302853405476,-0.00249549024738371,0.0198369901627302
"cg22790377",0.32141125202179,0.168510973453522,0.017954558134079,0.107015438377857,-0.0143619906157255,0.0628851056098938,0.00929029937833548,0.0312414839863777,-0.0607674308121204,-0.0241806097328663,0.0311635192483664,0.0168977621942759,0.0936564207077026,0.07668237388134,-0.0123974047601223
"cg04569837",0.247908353805542,-0.260470449924469,0.00171220034826547,-0.00810941308736801,-0.00271475524641573,0.0660260915756226,0.0380238443613052,-0.129431083798409,0.143950209021568,0.00794622767716646,-0.0235772468149662,-0.0149232326075435,0.180992528796196,-0.0375722646713257,-0.0953150987625122
"cg09210956",-0.186749026179314,0.0357518717646599,0.00267614517360926,0.584855258464813,-0.00210810964927077,-0.00881341565400362,0.0508940368890762,-0.0788017511367798,0.10236569494009,-0.11260562390089,0.00579841248691082,0.00824199989438057,-0.0543129928410053,-0.0540689043700695,-0.106292746961117
"cg17172308",0.242435991764069,0.0251673217862844,0.00120038422755897,0.116967849433422,-0.00785969570279121,-0.0361518450081348,-0.0880987867712975,-0.10226684063673,0.151748329401016,-0.144194960594177,-0.0508635118603706,0.0733940973877907,0.202462941408157,-0.0568338148295879,-0.0738901942968369
"cg19403104",0.406309545040131,0.139973536133766,-0.00335448747500777,-0.00294367014430463,-0.00445673801004887,0.00365466810762882,-0.0590771548449993,-0.0455170795321465,0.146490797400475,-0.153488531708717,0.0310941897332668,-0.00361649575643241,-0.00662602810189128,-0.00180424796417356,-0.0474095903337002
"cg06161600",0.290650486946106,0.165311083197594,-0.116193272173405,0.00518980855122209,0.0412266254425049,0.13688088953495,0.015304715372622,-0.0339517593383789,0.0790342688560486,-0.128391414880753,0.0696513503789902,-0.0173821244388819,0.13346204161644,0.0437157712876797,-0.00143256585579365
"cg27398263",0.407652229070663,0.0679524764418602,-0.00185363960918039,0.0721397399902344,0.0201835203915834,0.0307139623910189,0.0565528236329556,-0.0128154577687383,-0.119724586606026,0.0370865501463413,0.00274513731710613,0.00268200435675681,-0.119958378374577,0.00130237347912043,0.0454924516379833
"cg05839377",0.343497097492218,0.205676957964897,0.0141681674867868,-0.0129255885258317,-0.00420566694810987,-0.0847755372524261,-0.0951653197407722,0.00203844904899597,-0.020783644169569,-0.0783907249569893,0.00924014486372471,0.00835389830172062,0.0494179762899876,-0.0158173479139805,0.01231022272259
"cg02423318",0.286377519369125,-0.0742708072066307,-0.00768991373479366,-0.0843584313988686,-0.0253019034862518,0.347107589244843,-0.0501363165676594,0.128189668059349,0.200688093900681,0.0445061028003693,-0.00335334823466837,-0.0563360489904881,0.118183337152004,0.0199557151645422,-0.00303425220772624
"cg24046017",0.0696275904774666,0.533880949020386,0.0146630043163896,0.107120357453823,0.0318559594452381,0.0825396329164505,-0.117044359445572,0.0609981752932072,-0.123330652713776,-0.0900041982531548,-0.0185095313936472,-0.0106075368821621,0.150820970535278,-0.0608649030327797,0.0331942513585091
"cg22022580",0.13992340862751,-0.230153515934944,-0.00946930889040232,0.18982882797718,0.000845797883812338,-0.0296792779117823,0.0129562551155686,0.0784763097763062,-0.0849183574318886,-0.148899257183075,0.00505693908780813,0.0320268273353577,0.0771251171827316,-0.0602136813104153,-0.0258461404591799
"cg03344031",0.173762515187263,-0.122907005250454,-0.068143367767334,0.0811232328414917,-0.00657740933820605,0.153133198618889,0.209563106298447,0.0617406889796257,-0.0396205820143223,0.101146690547466,0.0185128431767225,0.0303357187658548,0.248137012124062,0.0468746051192284,0.0196651630103588
"cg14065127",0.352974653244019,-0.049419216811657,-0.000623698462732136,-0.000963365659117699,-0.0083016399294138,0.25645324587822,-0.0704282000660896,0.142768263816833,-0.0397813245654106,0.10910975933075,0.0228178091347218,-0.0404865853488445,0.158913388848305,0.0509213507175446,0.0249914955347776
"cg22723502",0.311490207910538,-0.155965581536293,-0.00047320022713393,-0.0578872971236706,0.000702673511113971,-0.0929469168186188,-0.142328888177872,-0.117672733962536,0.179697439074516,-0.0896629840135574,-0.00238270056433976,0.0471820905804634,0.0949403345584869,-0.0151612581685185,-0.0195354875177145
"cg10558233",0.371159166097641,0.282382786273956,0.00152269285172224,0.0327460244297981,-0.0139373559504747,-0.0964702218770981,0.0927745699882507,0.14264577627182,0.117686606943607,-0.124220930039883,-0.113201715052128,0.0540631227195263,0.000685167615301907,0.00533115351572633,0.00603756261989474
"cg01361351",0.316348701715469,-0.0617567673325539,-0.00425762217491865,-0.135107055306435,-0.00328992097638547,0.298663228750229,-0.0777786001563072,0.0690111964941025,0.192604303359985,0.143467724323273,-0.00671488279476762,-0.0471684336662292,0.173495084047318,0.0113648502156138,-0.106731839478016
"cg19729116",0.378484636545181,-0.0808135569095612,0.0616253018379211,-0.00127664080355316,-0.0171212535351515,0.154627859592438,-0.0420680195093155,-0.0176176205277443,-0.0795710012316704,0.0998904034495354,-0.0333826877176762,0.0110423751175404,0.0149887017905712,-0.0405624993145466,0.00632502231746912
"cg27416863",-0.0714070796966553,0.00363145163282752,0.0408648140728474,0.569891691207886,0.019615238532424,0.0752386450767517,0.114122904837132,0.0391802787780762,0.0466727465391159,0.0734909623861313,0.0194794312119484,-0.0573436729609966,0.0319144986569881,0.00881284475326538,0.0444228760898113
"cg15680288",0.318981617689133,-0.160007014870644,0.00604047020897269,0.228666305541992,0.0286450386047363,-0.173826694488525,-0.0718380585312843,-0.0304706934839487,0.0621970146894455,-0.00343486154451966,-0.0664026364684105,-0.0967452600598335,0.0561411790549755,-0.000752195192035288,0.072935439646244
"cg19718309",0.354878723621368,-0.0940316319465637,0.0169245526194572,-0.00545439124107361,-0.00681042578071356,0.0960053950548172,-0.0611779727041721,-0.117174655199051,0.117173597216606,-0.00422581471502781,-0.00202826038002968,0.0424368903040886,0.132060900330544,0.0360964350402355,-0.0215538237243891
"cg17842821",-0.0694732367992401,-0.134543627500534,0.171737059950829,0.486336588859558,-0.030551265925169,0.00859893951565027,0.048202957957983,-0.000822760513983667,0.286637037992477,0.114335253834724,0.0293434746563435,0.0309460293501616,0.0347495898604393,-0.010601919144392,0.0245634894818068
"cg05990544",0.330190151929855,-0.0747808888554573,-0.00257160398177803,-0.039554238319397,0.00596979353576899,0.125498265028,-0.168460726737976,0.00623716739937663,0.206917360424995,-0.0160394590348005,0.000244283874053508,0.00167088559828699,0.097361832857132,-0.0271899364888668,-0.0563598461449146
"cg08768852",0.34910649061203,0.0479341708123684,0.00293665449135005,0.00910080038011074,-0.0044624344445765,0.171391293406487,-0.172097235918045,0.00307956873439252,-0.13881279528141,-0.122856311500072,-0.0063464567065239,-0.0352222099900246,-0.108969710767269,0.0271926615387201,-0.00614500837400556
"cg03351460",0.352970033884048,-0.0081991096958518,-0.00482424255460501,0.0559683069586754,0.00178529694676399,0.219540044665337,0.0870417505502701,0.00391214527189732,-0.0686905905604362,0.0374853760004044,0.0181229971349239,-0.00176794163417071,0.0284088607877493,0.0261492822319269,0.000779985974077135
"cg24820672",-0.111804217100143,-0.089622862637043,-0.00202101282775402,0.529154181480408,-0.00986747723072767,0.0965896025300026,0.0260394681245089,-0.0118365520611405,-0.0975343808531761,-0.0757996439933777,-0.00816486496478319,0.0614315010607243,0.0173046700656414,0.0187457986176014,-0.0801310017704964
"cg15836635",0.271800130605698,-0.212306812405586,-0.0305867604911327,0.413277179002762,-0.00433057174086571,-0.120950222015381,0.0329754501581192,-0.0801822021603584,-0.0813383087515831,-0.0486205369234085,0.00452958606183529,-0.00498469825834036,-0.150083839893341,0.033259678632021,0.0228834878653288
"cg06436185",-0.035689502954483,0.239088356494904,0.099810928106308,0.192421361804008,0.0113727636635303,0.0801106616854668,0.0368440635502338,-0.20344577729702,-0.0808628648519516,-0.0794537365436554,-0.0577749609947205,-0.00291353487409651,0.252715796232224,-0.090138778090477,0.0858979448676109
"cg17431280",0.0838095024228096,0.043153241276741,0.171447232365608,0.002917705103755,-0.000850550713948905,-0.0602621212601662,-0.00394806172698736,-0.00571082765236497,-0.0976607948541641,0.231234505772591,-0.000275976257398725,0.021837905049324,0.338123172521591,0.00760519923642278,-0.0128770004957914
"cg14763548",0.275103211402893,-0.39844012260437,0.00151925848331302,0.161502540111542,0.00635343417525291,0.130266696214676,0.0164433643221855,0.00300367339514196,0.0929135009646416,0.0912320837378502,-0.0197453070431948,0.02011414244771,-0.155347734689713,0.0179221481084824,0.0100487126037478
"cg09493505",0.403037518262863,0.0498526729643345,0.0016139381332323,0.11016121506691,-0.00217188405804336,0.0985811278223991,0.0686999261379242,-0.0492274984717369,-0.254679679870605,0.0536589100956917,0.00422937702387571,-0.0368362590670586,-0.116495929658413,-0.0307793766260147,-0.0546111315488815
"cg14671764",-0.291325211524963,-0.227142333984375,0.0402084104716778,0.081770271062851,0.014485651627183,0.151682734489441,-0.108957327902317,0.0122269466519356,-0.0854805633425713,-0.00945553183555603,-0.0273599699139595,-0.0147324101999402,0.0874641835689545,-0.00287464330904186,0.0850527361035347
"cg17033333",-0.203331649303436,0.0561042279005051,-0.000624627864453942,0.490687787532806,0.00240216962993145,-0.157304063439369,0.148511618375778,-0.0345729552209377,0.000128556901472621,0.128183424472809,-0.0342213474214077,0.0628604218363762,0.034651268273592,0.00537471659481525,0.036256480962038
"cg19591612",-0.0137085895985365,0.184012889862061,-0.0750711187720299,0.141015216708183,0.053210724145174,0.357833325862885,-0.223661437630653,0.133294984698296,-0.0140967220067978,-0.126403227448463,-0.0109606431797147,-0.0212710406631231,0.105911366641521,-0.0564896948635578,-0.0433683209121227
"cg25694349",0.361367344856262,0.0335513278841972,0.000102965539554134,-0.00588641595095396,-0.0124996276572347,0.251250565052032,-0.00678266910836101,0.00124908052384853,0.146896526217461,0.0267603509128094,0.0206240471452475,-0.00485141575336456,0.0654657185077667,0.0219490695744753,-0.0576812140643597
"cg09170112",-0.269487410783768,0.103090174496174,0.0315953530371189,0.381284087896347,0.000504052091855556,0.307004302740097,0.0611445605754852,-0.000411799439461902,0.0103241074830294,0.0205141752958298,-0.00390366581268609,0.019341766834259,0.00191728351637721,0.00406350428238511,0.00439898623153567
"cg22817352",0.213871747255325,-0.0213303342461586,0.0507152080535889,0.0691994801163673,-0.00823454279452562,0.0415757037699223,0.183823451399803,-0.0512088239192963,0.102638930082321,-0.0269558951258659,-0.0125398216769099,-0.099299468100071,0.114157415926456,0.0471861511468887,-0.0962499156594276
"cg01025836",0.288313716650009,0.0926429182291031,-0.105126917362213,-0.0138828177005053,-0.006560486741364,0.0328076630830765,-0.135166525840759,0.111243173480034,0.201796114444733,0.0469260364770889,-0.0150341130793095,-0.00213428633287549,0.0482023134827614,0.0871127098798752,-0.0269897971302271
"cg25566568",0.252188980579376,-0.241628795862198,-0.0382753014564514,0.223575487732887,-0.00224718847312033,-0.154512092471123,-0.0640170946717262,-0.119661264121532,-0.175585269927979,0.0615483857691288,0.00446780491620302,0.0267430916428566,0.00562688102945685,-0.0415215380489826,-0.0169400162994862
"cg06573787",0.234435468912125,-0.0664000287652016,-0.0148537829518318,0.304805397987366,-0.0181663669645786,-0.0101133557036519,0.027963737025857,0.0769811421632767,-0.214462444186211,-0.180040001869202,0.0128162121400237,-0.0161345768719912,-0.00937232840806246,0.0519972443580627,-0.0152486143633723
"cg06966660",0.240858539938927,-0.0952470898628235,0.0542646981775761,-0.0929912105202675,0.0015228382544592,0.0204505827277899,0.147736921906471,-0.162937194108963,0.0192228853702545,-0.0330142825841904,0.0266890358179808,0.0128543432801962,0.208310648798943,0.0409663990139961,-0.0760747417807579
"cg24496841",0.263881295919418,-0.309211164712906,-0.00696640182286501,0.20111770927906,0.00287298113107681,-0.0840169638395309,-0.110956363379955,-0.0616254732012749,0.0677947252988815,0.05170638859272,-0.0458026714622974,0.00833737477660179,-0.0811900943517685,-0.0216771438717842,-0.0107343504205346
"cg20129213",0.314347773790359,0.0480028949677944,0.00810713041573763,-0.00358922290615737,-0.00637062080204487,0.169279724359512,0.0329340659081936,-0.192057549953461,-0.291132777929306,-0.10441493242979,0.003079874208197,0.0534081533551216,-0.0451406054198742,-0.110646106302738,-0.123304821550846
"cg04599026",0.384856998920441,0.210331752896309,0.0410962738096714,0.116218224167824,0.00368356495164335,-0.141035750508308,0.112575992941856,0.00397792086005211,-0.102216936647892,0.000381927966373041,-0.0220093429088593,-0.0115472702309489,-0.049232941120863,0.00932731200009584,0.0274504609405994
"cg22263031",-0.212935507297516,-0.0415590330958366,0.00690929451957345,0.548411846160889,-0.00199766783043742,0.0583265237510204,0.0174344293773174,-0.0944157838821411,-0.00723095145076513,-0.0667220503091812,-0.0228817369788885,-0.0630483627319336,0.00898792501538992,-0.0400359556078911,-0.0242730993777514
"cg08169827",0.322730034589767,0.0213087294250727,0.0697380974888802,-0.0173150897026062,-0.0242358632385731,0.321510165929794,-0.0236463714390993,0.0740929320454597,0.239425674080849,-0.089293971657753,-0.0803138762712479,0.0145295327529311,0.0789371207356453,0.00857153348624706,-0.01931625418365
"cg19295951",0.355681598186493,-0.0157190933823586,-0.00319232535548508,0.00109803944360465,-0.0108842011541128,0.280817151069641,-0.0332007594406605,0.0982216969132423,0.00830883625894785,-0.00403231475502253,-0.00797219295054674,-0.00578713044524193,0.0577825754880905,0.0450037270784378,0.0772965177893639
"cg16005540",0.338096976280212,-0.145486682653427,-0.041371613740921,-0.00392162380740047,-0.000414432637626305,-0.127102002501488,-0.0949681326746941,-0.220654979348183,0.174614667892456,-0.157748460769653,-0.0010841196635738,0.0299888458102942,0.196377769112587,0.0902963206171989,-0.0237619858235121
"cg00513941",0.142995551228523,-0.160423085093498,-0.00236439914442599,0.117888934910297,-0.00239800265990198,0.352885156869888,0.111651390790939,0.4400514960289,0.187340185046196,-0.0754228457808495,0.0305847674608231,-0.011538396589458,0.144828304648399,-0.0614538416266441,-0.0421660281717777
"cg12374721",0.289846450090408,-0.36552882194519,-0.000399354845285416,0.113746412098408,-0.00271153240464628,-0.13264998793602,0.0584074072539806,0.0882000923156738,0.1294886469841,0.111676372587681,0.0250556077808142,0.015976557508111,-0.0933751687407494,-0.0881530493497849,-0.00275272387079895
"cg01749491",0.243430152535439,-0.181993186473846,-0.00388420931994915,0.193669810891151,-0.00861551985144615,-0.189560651779175,-0.0443796403706074,-0.0271224714815617,-0.153430044651031,0.0372836776077747,0.0168059095740318,-0.0152708189561963,0.0659874156117439,-0.0502770096063614,0.0592202991247177
"cg23324953",0.257962286472321,-0.0422894097864628,-0.0647459700703621,-0.0053013670258224,-0.0193802416324615,0.0295617468655109,-0.0113238608464599,-0.179033875465393,0.00827441550791264,-0.171678796410561,-0.0589196048676968,0.0296863820403814,0.032907173037529,0.0708980411291122,0.0980930030345917
"cg22361859",0.222760617733002,-0.186797499656677,-0.0288943834602833,0.0841410830616951,0.00945320725440979,0.0357016734778881,-0.014437667094171,0.0240663979202509,0.00410414021462202,0.0152406990528107,-0.00641081249341369,0.0507094450294971,0.1857980042696,0.0324437990784645,0.0114203989505768
"cg17807172",0.360067844390869,-0.0227032601833344,0.00557079445570707,0.0589877553284168,0.0154452603310347,0.0637954920530319,0.0259134564548731,0.143607139587402,-0.044853188097477,0.0357033759355545,-0.0596261247992516,-0.0959320440888405,0.183479428291321,-0.0447161383926868,0.000903816544450819
"cg09028204",0.362164556980133,0.0967849418520927,0.0503656603395939,0.0263112057000399,0.00564163131639361,0.130835488438606,-0.0251018647104502,0.0788990631699562,0.148018687963486,0.011695608496666,0.00171964708715677,-0.00772401271387935,0.190510228276253,-0.103073544800282,-0.00503463996574283
"cg08018585",0.186239555478096,-0.0560426786541939,0.175066739320755,0.0866209641098976,-0.0186574198305607,-0.048956461250782,-0.110145173966885,-0.067010186612606,-0.142711132764816,0.186228096485138,-0.0745452046394348,-0.0606049112975597,0.268265455961227,0.00264358473941684,-0.0741325169801712
"cg09392940",0.365044832229614,0.0713403448462486,-0.0143314935266972,0.0710479468107224,-0.0181613732129335,0.164509773254395,-0.0974680185317993,0.00357162673026323,-0.277876347303391,-0.0108612067997456,0.0388521775603294,0.0290886163711548,-0.0833140984177589,-0.0238184574991465,-0.0189050547778606
"cg23572908",0.269676864147186,-0.189768925309181,0.0145246749743819,-0.00431516394019127,-0.0130396531894803,0.210678532719612,-0.0940689966082573,-0.0883786827325821,-0.193244516849518,-0.228401392698288,-0.00278055458329618,-0.00174626219086349,-0.15025107562542,0.0669155493378639,0.0772526189684868
"cg15992563",0.245671987533569,-0.239429727196693,-0.0627350434660912,0.278163999319077,0.00164302822668105,-0.220020055770874,-0.107855468988419,0.0018223449587822,-0.0726122632622719,0.140562757849693,0.0213074441999197,0.00338736060075462,0.0336185246706009,-0.034619253128767,0.0427284613251686
"cg16580499",0.362531751394272,-0.224639937281609,0.00326396990567446,0.0706128180027008,0.00794448517262936,0.0184722356498241,-0.0363890454173088,-0.100110806524754,-0.120794959366322,-0.0603865385055542,-0.00406536972150207,0.0377705320715904,-0.151628479361534,0.00472026830539107,0.0601439885795116
"cg00557947",0.353612065315247,-0.316203206777573,-0.00431829318404198,0.0797641426324844,-0.000652975577395409,0.0327567122876644,-0.0664121583104134,0.0127610871568322,-0.0554550178349018,0.0961197093129158,0.000645431573502719,0.0320794172585011,-0.101841993629932,0.0050080306828022,0.01191630307585
"cg24816460",0.263343840837479,-0.0812148153781891,-0.026914956048131,0.00450635515153408,-0.0156394094228745,0.156474068760872,-0.0535298399627209,0.00987756438553333,-0.0405087880790234,0.133697330951691,0.00924322195351124,-0.0180715955793858,0.209409281611443,-0.0188996773213148,0.0266614984720945
"cg02770054",0.395410239696503,0.0456441566348076,-0.0421248972415924,0.06765066832304,0.00365146622061729,-0.0119294207543135,-0.0245856046676636,-0.0226400922983885,-0.128974288702011,-0.0112661104649305,-0.0101958522573113,-0.00258516008034348,0.0259692091494799,0.0129657434299588,-0.00393291329964995
"cg02223801",-0.132138267159462,0.144757747650146,0.000378577446099371,0.483254253864288,0.0269099418073893,0.0668322965502739,-0.154252573847771,0.175849825143814,0.0814244151115417,0.220286399126053,-0.0387101322412491,0.122603684663773,-0.0503929182887077,0.0363794416189194,-0.254726529121399
"cg20670679",-0.0979926809668541,0.106257900595665,-0.0204222947359085,0.394049495458603,0.00304900063201785,0.135914638638496,0.0153534132987261,0.00315158115699887,-0.126995757222176,-0.126672983169556,-0.00952033698558807,-0.00910366978496313,0.0783749595284462,0.0290051996707916,-0.0662947744131088
"cg14120049",0.292198270559311,-0.0804418101906776,-0.000773619336541742,-0.00636234739795327,-0.00992296263575554,0.0864928141236305,0.145138904452324,-0.00143526494503021,0.144863426685333,-0.21818009018898,-0.00547709874808788,0.13012121617794,0.0837394222617149,0.027416780591011,-0.00829416699707508
"rs2208123",-0.00151832157280296,-0.0238796751946211,0.00346543942578137,0.0077829216606915,0.00359718524850905,-0.0228884350508451,-0.00815079640597105,-0.0408564582467079,0.0142203159630299,-0.0258979052305222,-0.0145478527992964,-0.0118657425045967,-0.00884367432445288,-0.0255545247346163,-0.00394315179437399
"cg12947492",-0.114768780767918,-0.0313530638813972,-0.00978826731443405,0.417001128196716,-0.0104528414085507,-0.0749829038977623,0.0155847715213895,-0.0222611203789711,0.0276833400130272,0.0140954786911607,0.0025486156810075,0.00252737547270954,-0.0404474511742592,0.0294150542467833,-0.0649820566177368
"cg04557423",-0.3198082447052,-0.309057623147964,-0.000213758306927048,0.0787511020898819,0.00787785649299622,0.227997928857803,0.0695685744285583,-0.0423354245722294,-0.129941746592522,0.0918657183647156,-0.00357929011806846,-0.0933204293251038,0.141317933797836,-0.00151313084643334,0.0834106877446175
"cg07126525",0.309817910194397,-0.163126066327095,0.0104971937835217,0.268959254026413,-0.000193056985153817,-0.061342615634203,0.0315244384109974,-0.0621939860284328,-0.10104712843895,0.0773787647485733,0.00571252172812819,-0.0725557878613472,-0.084009476006031,-0.0380213670432568,0.0496099777519703
"cg09360770",0.442362248897552,0.087276503443718,-0.00525024067610502,0.0494331866502762,-0.00221701222471893,-0.00412405095994473,0.000194209977053106,-0.000716670125257224,-0.0605953298509121,0.013527293689549,0.0187659673392773,-0.00471536675468087,-0.110201120376587,0.0708258673548698,-0.00614702794700861
"cg14453201",0.425647526979446,0.000520486733876169,0.0116995461285114,0.0269876699894667,-0.00531562278047204,0.0111879203468561,-0.0255703683942556,-0.0774465501308441,-0.0552257001399994,-0.00431009149178863,0.0134451417252421,-0.0273184459656477,0.104628518223763,0.0374620705842972,-0.00721159856766462
"cg07804408",-0.218162059783936,0.00597790442407131,0.0220990758389235,0.448830902576447,0.00340091693215072,-0.000716740556526929,-0.0374475419521332,-0.00641495827585459,0.0769060179591179,-0.0806358680129051,-0.0736077576875687,-0.0325781479477882,0.057180717587471,0.00102878443431109,0.0724158883094788
"cg05719164",0.37319940328598,-0.170326560735703,-8.15549719845876e-05,0.161667183041573,0.00115075788926333,0.125327378511429,0.00489068357273936,0.00424065534025431,-0.168728828430176,0.107448197901249,-0.0207845401018858,0.0119537999853492,-0.113487206399441,-0.022221427410841,0.0254035349935293
"cg09341793",0.342995345592499,-0.0289868321269751,0.0496826246380806,0.161537379026413,-0.0100939311087132,0.0786100924015045,0.0235621761530638,0.131805330514908,-0.154741913080215,-0.00991062074899673,-0.0065864734351635,0.0515998192131519,-0.0239043459296227,-0.0165835954248905,-0.0715612918138504
"cg10937408",0.0577548258006573,0.272248953580856,0.114433951675892,0.324253499507904,0.000945209176279604,-0.0524146854877472,-0.0278007127344608,-0.0548639483749866,0.191041931509972,0.144249022006989,0.0441050827503204,-0.0313770696520805,0.107548333704472,-0.0287878904491663,0.138075813651085
"cg24638099",-0.0130784586071968,-0.0221390500664711,0.00107058743014932,0.177647218108177,0.000112904112029355,-0.0028016297146678,0.00039819220546633,0.0146591672673821,0.075489230453968,-0.0767744481563568,0.0185746867209673,0.00399055844172835,0.0305767506361008,-0.0309019293636084,0.00333140511065722
"cg09474331",0.410985767841339,-0.0174633078277111,0.00142629793845117,0.173158466815948,-0.000384642597055063,0.149574086070061,0.088206484913826,-0.0448491461575031,-0.12353689968586,0.0073209828697145,-0.0084629850462079,-0.0208948105573654,-0.180737867951393,0.043601255863905,0.067676953971386
"cg18409528",0.361296534538269,-0.0457092709839344,-2.91020969598321e-05,0.0666855424642563,-0.00513509474694729,0.0848968476057053,0.0494991987943649,-0.0550291500985622,-0.0700239315629005,0.0812813341617584,-0.00607835734263062,0.0138744134455919,0.0156465191394091,0.0584000982344151,-0.04005216807127
"cg07113642",0.391012758016586,-0.109641715884209,0.03178795799613,0.00141971767880023,-0.00519325910136104,0.0913610234856606,0.0981936678290367,-0.0108259283006191,0.0153552433475852,-0.0278112534433603,-0.0017788396216929,-0.00615184521302581,-0.0372569113969803,0.00351276714354753,-0.0311844889074564
"cg09540629",-0.123821072280407,0.0584318228065968,-0.00055998150492087,0.506484389305115,0.00623335875570774,0.0127132432535291,0.13468162715435,0.0418589450418949,0.0456038974225521,0.136633768677711,0.0373953990638256,-0.00346150388941169,0.000618810649029911,0.000774343905504793,0.0349494926631451
"cg14947478",0.363267332315445,0.0970112234354019,-0.0260792765766382,0.0611914806067944,0.00637615658342838,0.180358245968819,0.120702534914017,0.183995082974434,0.0633453205227852,-0.150111258029938,0.00478059332817793,-0.0734101831912994,0.179711371660233,-0.0595704987645149,-0.0729343220591545
"cg04508482",0.297795802354813,-0.155792653560638,-0.00441928580403328,0.00853076297789812,0.00647239992395043,0.245493829250336,-0.0921202600002289,0.00684482371434569,0.0755082294344902,-0.0160370003432035,0.019337709993124,0.0786787569522858,0.0111816078424454,0.0326823256909847,-0.0135221499949694
"cg00217080",-0.239052265882492,0.0610525570809841,0.0479359216988087,0.490356922149658,0.0248408168554306,0.110326118767262,-0.00863623432815075,-0.095012754201889,0.0264777299016714,-0.0499261692166328,-0.0318938195705414,-0.0116991531103849,0.0780826359987259,-0.0269775576889515,-0.0457753129303455
"cg01688536",0.366543173789978,-0.0928206965327263,-0.0226745214313269,0.174433454871178,-0.00394692318513989,-0.228021770715714,-0.0167240053415298,0.0345594137907028,-0.0197599474340677,0.0672725960612297,-0.0174263920634985,-0.0353146977722645,-0.0722033381462097,-0.107756815850735,0.095961406826973
"cg10304637",0.154867514967918,-0.368950575590134,0.00084560812683776,0.305150181055069,0.0153414830565453,-0.241436570882797,-0.0326412469148636,-0.0607461780309677,-0.00171009718906134,0.112249113619328,0.0477221608161926,-0.031347181648016,-0.00370755256153643,-0.0549106076359749,0.0308181308209896
"cg13021333",0.386082500219345,0.0562942624092102,-0.00399886723607779,0.17264811694622,0.0100114718079567,-0.0818895101547241,0.0778794214129448,-0.00076069583883509,-0.032723993062973,0.0949761345982552,-0.0175086464732885,0.00105187064036727,-0.0843526422977448,-0.0393669269979,0.00248702149838209
"cg06304097",0.227057665586472,-0.360062658786774,0.0705288648605347,0.147817000746727,0.00151708128396422,-0.0982015877962112,-0.0233700927346945,-0.0124528165906668,-0.221835851669312,-0.0863949656486511,-0.00674755685031414,-0.0258744042366743,-0.0940656065940857,-0.0289775338023901,-0.0506399273872375
"cg02281970",-0.0101949525997043,-0.311040103435516,-0.0672742873430252,0.00264340196736157,0.0141864800825715,0.125437363982201,0.181460082530975,-0.12324520945549,-0.0743025317788124,-0.309153258800507,0.0519541874527931,0.0434229262173176,0.0630747601389885,-0.0176674500107765,0.016683978959918
"cg03715204",-0.199301019310951,-0.0660807266831398,-0.0012872478691861,0.587779223918915,-0.00326926959678531,-0.0172828193753958,-0.070615291595459,-0.0730243250727654,-0.0036137739662081,-0.031101631000638,0.0102579928934574,0.0171362776309252,0.0583748295903206,-0.0161208510398865,0.00580429472029209
"cg00011616",0.116218909621239,-0.104340523481369,-0.101093836128712,0.136105418205261,0.0642533823847771,0.428487747907639,0.0347635820508003,0.274436235427856,0.222699269652367,0.0338100790977478,2.48305186687503e-05,-0.00413007522001863,0.0445681512355804,-0.0395150035619736,0.0862057060003281
"cg13257636",0.366552978754044,0.0389771908521652,-0.00459515629336238,0.0388010628521442,-0.00929292850196362,0.120914049446583,0.0664870664477348,0.0567616298794746,-0.0709590762853622,0.15617935359478,0.0383882187306881,-0.0263316221535206,0.119419082999229,0.0184031371027231,-0.082443505525589
"cg16727201",0.323607623577118,-0.323658168315887,-0.00373011315241456,0.105137139558792,0.00826442800462246,-0.012337070889771,-0.112641051411629,-0.000699932861607522,-0.0455780923366547,-0.0125451581552625,-0.00506739178672433,0.0274277031421661,-0.0743360742926598,0.0462316982448101,0.0257746353745461
"cg03657573",0.40112715959549,0.00623974902555346,0.00955215841531754,0.033697921782732,0.00403864029794931,0.255100876092911,-0.0723567381501198,0.046821516007185,-0.0853451564908028,0.0392147079110146,-0.0281248055398464,0.00303252134472132,-0.172847285866737,-0.0157131943851709,0.000334936747094616
"cg26437825",0.382331132888794,0.250477999448776,-0.000275429338216782,-0.00563833583146334,-0.00983572658151388,-0.0913338512182236,-0.0888687297701836,-0.0339753478765488,0.0778859630227089,-0.0456190928816795,0.00822283048182726,-0.00578442215919495,0.0159281902015209,0.00855303555727005,0.0063095586374402
"cg07592963",0.354821473360062,-0.0386516377329826,0.0173989199101925,0.160944268107414,0.00211223843507469,0.00314825307577848,0.0707121565937996,-0.0317485183477402,0.0966372862458229,0.108922965824604,0.00397517299279571,0.0337442830204964,-0.0340032540261745,-0.0218404084444046,0.0710209757089615
"cg08523343",0.349420338869095,0.0930768623948097,-0.00257455836981535,-0.00257267616689205,-0.0124298594892025,0.167791083455086,-0.108389221131802,0.102977342903614,0.192563161253929,-0.0112935239449143,-0.00614980235695839,-0.0750729814171791,0.0447419993579388,-0.0131836319342256,0.0435735397040844
"cg01834022",0.351043194532394,-0.193859592080116,-0.000250255718128756,0.0891598612070084,0.00148989341687411,0.21734082698822,-0.0273896493017673,-0.0129318125545979,0.160393059253693,-0.00403040181845427,-0.0341335907578468,-2.06129370781127e-05,-0.0277105569839478,-0.0206353366374969,0.000167961785336956
"cg26029345",0.164971545338631,-0.296729028224945,-0.0015595763688907,0.0566575527191162,-0.0249256119132042,0.202532753348351,-0.039597861468792,-0.0197159238159657,0.0994712337851524,0.135855197906494,-0.0308354273438454,0.0175048224627972,0.0972151309251785,-0.0260269679129124,-0.00171182700432837
"cg17712694",0.14083731174469,-0.393157660961151,-0.0120552303269506,-0.0565089918673038,-0.00343130086548626,-0.0171107724308968,-0.0281882882118225,-0.0874966830015182,-0.252885609865189,-0.0984259694814682,0.0189820509403944,0.0100752897560596,0.00735591584816575,0.111422769725323,0.00235594948753715
"cg04895288",0.319484710693359,-0.0639401748776436,-0.00452011777088046,0.164919897913933,-0.000229212339036167,-0.119289077818394,-0.0828704610466957,-0.0513192750513554,-0.173142939805984,-0.000691114983055741,-0.00781019032001495,0.0899143069982529,0.135390892624855,0.0484991706907749,-0.064922921359539
"cg04948892",0.397274136543274,-0.0129766827449203,0.00289471470750868,0.000299900042591617,-0.0120374346151948,0.161933571100235,0.0608444549143314,-0.00586692756041884,0.0780574306845665,0.0628287419676781,-0.0275624915957451,-0.0252016205340624,-0.00476557016372681,-0.0768864378333092,-0.136271446943283
"cg21264189",0.411017388105392,0.131782874464989,0.000483932497445494,0.0073089892975986,0.0147247975692153,-0.00673176860436797,0.0587065778672695,-0.00296037341468036,-0.0726883858442307,0.0149854486808181,0.0180610623210669,0.00704279774799943,-0.0653998851776123,0.00929364282637835,0.0279178600758314
"cg13056990",-0.158682942390442,0.138527721166611,-0.00186754111200571,0.486657679080963,0.00223864382132888,0.0344904363155365,-0.0736638829112053,0.0943760052323341,0.166830480098724,0.0470118597149849,-0.00822543073445559,0.0471520684659481,-0.0297207143157721,0.00786294601857662,-0.0512994714081287
"cg06998282",0.3930624127388,0.0726883336901665,-0.023873345926404,0.000502075999975204,0.00976230017840862,-0.248243093490601,0.0069343508221209,-0.0129800653085113,0.143965139985085,-0.0794089883565903,-0.0780526995658875,-0.012394517660141,0.0924408063292503,0.0565881170332432,-0.00512534892186522
"cg26337914",-0.0982926189899445,0.124344147741795,0.0110150873661041,0.530231177806854,0.00693537434563041,0.0436281189322472,-0.0497990287840366,0.253040641546249,0.0288849659264088,0.225746616721153,-0.0410213209688663,0.128348246216774,-0.040736198425293,0.0234338100999594,-0.188448801636696
"cg08911275",0.367714822292328,0.0201663337647915,0.0015787344891578,0.136541873216629,0.0129369841888547,0.0632263869047165,0.0840284451842308,-0.0363690890371799,-0.0670439079403877,0.0665521025657654,0.00219120900146663,0.00498888175934553,-0.0708523988723755,-0.00297374418005347,0.0536714643239975
"cg18891712",0.340231448411942,0.0769809782505035,-0.00457654893398285,0.0246813911944628,0.0116967465728521,0.120763927698135,-0.123189203441143,-0.000139481548103504,0.0381025969982147,-0.0965358689427376,0.00984556879848242,-0.0912100300192833,0.189233988523483,-0.0164492130279541,-0.0206270776689053
"cg19897330",0.324198722839355,0.0847527459263802,-0.00909885764122009,-0.00784197170287371,-0.00249469559639692,0.118621006608009,-0.0167594458907843,-0.0833972170948982,0.225654810667038,-0.0603027269244194,0.041881438344717,0.0185188166797161,0.113703295588493,-0.0397825986146927,-0.00797092355787754
"cg17276590",0.393215507268906,0.0627612248063087,0.0108049986883998,0.0729774460196495,0.00280011468566954,-0.0280403774231672,-0.0326973907649517,0.00732311327010393,-0.146189510822296,0.020735077559948,-0.00710754515603185,0.0110656106844544,-0.119764357805252,-0.0480579435825348,0.0414064303040504
"cg18147606",-0.0912371128797531,-0.180626913905144,-0.113775007426739,0.515608847141266,0.0378456562757492,-0.0775739699602127,0.0624616667628288,-0.0146455299109221,0.131539434194565,-0.038927860558033,0.00421794923022389,0.00229842006228864,-0.100194647908211,-0.0451258607208729,-0.0872721150517464
"cg12600174",0.351926475763321,-0.153573378920555,0.00719767902046442,0.00207215803675354,0.033447127789259,-0.215795367956161,-0.145149931311607,-0.0316711999475956,0.0637876018881798,0.00112980068661273,0.0620527043938637,0.0702401027083397,-0.0163900852203369,0.0137069690972567,-0.044344037771225
"cg01779765",0.350711673498154,-0.0121206538751721,0.0391025468707085,0.268269211053848,0.0195476673543453,-0.0330285057425499,-0.0368645749986172,0.0733439698815346,0.0605202540755272,-0.00663037830963731,-0.0116790840402246,-0.0768583938479424,-0.104331642389297,0.00925378128886223,0.0779688805341721
"cg04842146",0.307902425527573,-0.262237519025803,0.0123574854806066,0.162621334195137,0.00246832193806767,-0.103100314736366,-0.0852702260017395,-0.036803163588047,-0.148773178458214,-0.0198177564889193,-0.0430003963410854,-0.00797996297478676,-0.031726062297821,-0.0844086036086082,-0.0736101791262627
"cg22678977",-0.375643461942673,-0.256585866212845,0.0780275613069534,0.0512213744223118,0.0199069380760193,0.18705153465271,0.105800203979015,0.00295090000145137,-0.0964706391096115,0.0871516168117523,0.00225319853052497,-0.0722392201423645,0.109272226691246,-0.0855807289481163,0.0022183561231941
"cg25485875",0.347412586212158,-0.0985962450504303,0.0038370811380446,0.123549468815327,0.00655293604359031,0.196248516440392,-0.103288300335407,-0.0130164865404367,-0.24188195168972,-0.0823696553707123,-0.0166878271847963,0.000387936568586156,-0.170065596699715,0.00697895279154181,0.00956893619149923
"cg05327835",0.321317225694656,-0.158733904361725,-0.00359531561844051,0.0344016700983047,0.010330312885344,0.174554467201233,-0.114980675280094,0.0230576116591692,0.0165256038308144,0.00624556932598352,0.0132097583264112,0.0908133983612061,0.0221497267484665,0.0300721060484648,-0.0226436126977205
"cg24960947",0.309162765741348,-0.375061273574829,0.0598252527415752,-0.0678536221385002,-0.00345357088372111,0.0133654773235321,0.0712946951389313,-0.00600939802825451,0.129349738359451,-0.124904237687588,-0.00174388929735869,-0.0512854568660259,0.0940717086195946,0.024353014305234,0.00984737742692232
"cg07792478",0.258153289556503,-0.323799908161163,0.00444194721058011,0.273135483264923,-0.00661193672567606,-0.261717677116394,0.0377368219196796,-0.012318953871727,-0.0889488160610199,-0.173733323812485,0.00276130298152566,-0.0122329220175743,-0.138136759400368,-0.0152879822999239,-0.00809658318758011
"cg19966212",0.323913186788559,0.150607705116272,-0.0837267488241196,-0.0189227387309074,0.00148441293276846,-0.0632146075367928,-0.233546331524849,-0.0765132009983063,0.154466569423676,0.0572557300329208,0.0344615466892719,-0.072219543159008,0.146842032670975,0.0134011479094625,0.0116577241569757
"cg10118513",0.343500792980194,-0.113058224320412,0.000734009023290128,-0.00740683637559414,-0.0116659123450518,0.159170165657997,-0.10495987534523,-0.0791856050491333,0.0803029090166092,0.0172801706939936,-0.004009451251477,0.0467909462749958,0.0728698000311852,0.0827971398830414,-0.0256370417773724
"cg14189678",0.0520291663706303,-0.150337651371956,-0.223694279789925,0.38719117641449,0.0584733076393604,0.0560771971940994,-0.0259750727564096,0.234258621931076,-0.0577281713485718,0.0204863250255585,-0.00666329078376293,0.0962272062897682,-0.0920399501919746,-0.0260749850422144,-0.232583060860634
"cg05933904",0.360665529966354,0.0422226153314114,0.00183133804239333,0.0692955777049065,-0.0264320448040962,0.175457522273064,-0.108316525816917,0.0275328829884529,-0.241237953305244,-0.0572104044258595,0.0178438685834408,0.0103864874690771,-0.112807095050812,-0.00204877462238073,-0.00580265885218978
"cg17373442",0.431830734014511,0.0726142749190331,0.0217958595603704,0.0390286408364773,0.00529495952650905,0.00730490637943149,0.0725912302732468,-0.043764553964138,-0.109023064374924,-0.0414759293198586,-0.0147815924137831,0.0262183509767056,-0.0720187947154045,-0.0133723979815841,0.0108963260427117
"cg17861455",0.275766581296921,-0.2448810338974,-0.000497342145536095,-0.0150715839117765,0.000471349514555186,0.100848995149136,-0.0302255488932133,-0.0229289699345827,-0.0360993519425392,0.0744332447648048,0.0308319497853518,0.0889371633529663,0.0350280329585075,-0.0122153060510755,-0.00794437434524298
"cg11497957",0.201826304197311,-0.0612002015113831,0.00416948273777962,0.0539627261459827,0.000459615315776318,0.0579516589641571,0.103786632418633,0.0963026210665703,0.00261715799570084,0.0141323758289218,0.0133265648037195,-0.0645730346441269,0.0257504042237997,-0.0442742556333542,0.113016873598099
"cg00778807",0.347950279712677,0.0609618350863457,0.00930877309292555,0.000157578178914264,-0.00175254151690751,-0.212505251169205,-0.176529332995415,0.0969776064157486,-0.00887995399534702,-0.0186218284070492,-0.0198368150740862,-0.00216662627644837,0.236552074551582,0.0821104720234871,-0.0511382892727852
"cg04904331",0.366370350122452,-0.0321742929518223,-0.00321288662962615,0.221024483442307,-0.00404851790517569,0.118167266249657,0.0401523225009441,-0.0968958660960197,-0.184131652116776,0.0465100519359112,0.0162687413394451,-0.0534236058592796,-0.165819093585014,0.0273730624467134,-0.0576750710606575
"cg04034767",0.2885422706604,-0.222093865275383,-0.0101375626400113,-0.00438850000500679,-0.00284358649514616,0.239854350686073,0.035157885402441,-0.0875606015324593,-0.0268317274749279,0.092142254114151,0.00461759651079774,0.0486923046410084,-0.00472380127757788,0.15854349732399,-0.00473019760102034
"cg02571816",0.403735488653183,0.0631936192512512,-0.00866524036973715,0.00388193386606872,0.000951297988649458,-0.00724286725744605,0.0510310269892216,0.0143805863335729,-0.0763989165425301,0.00198748707771301,-0.0124995047226548,-0.000763112038839608,0.14363032579422,0.00559103675186634,-0.0643803551793098
"cg09568647",0.372992992401123,0.290870010852814,-0.00124126276932657,0.0274957418441772,0.00093767186626792,-0.18964995443821,0.0105897961184382,0.00141681812237948,0.122304946184158,0.0564759150147438,-0.0125580616295338,0.00355872535146773,0.00676972698420286,0.0540866255760193,0.0947393327951431
"cg00777546",-0.275201797485352,-0.0819804519414902,0.00291339214891195,0.429587095975876,-0.00258594145998359,0.142870470881462,0.0220073703676462,0.000860127969644964,-0.0817552581429482,0.0559155233204365,0.00138067884836346,0.0151285659521818,0.106243431568146,0.00506846979260445,0.0422377623617649
"cg25628701",-0.250526517629623,-0.129864409565926,0.000789140467531979,0.444305926561356,0.00298845488578081,0.113985978066921,0.0302227195352316,-0.0874437540769577,0.189345017075539,0.0387334823608398,0.00643490860238671,0.0101149845868349,0.0256103798747063,-0.0196134876459837,-0.0625882595777512
"cg14449180",0.285332202911377,-0.0587497018277645,-0.0010267406469211,-0.00806146580725908,-0.0100404899567366,0.0826876536011696,-0.049771424382925,-0.0810680165886879,0.125567004084587,-0.0724919214844704,-0.033756148070097,-0.0157014224678278,0.0839443355798721,-0.0209984816610813,0.0598970539867878
"cg04234412",0.0235386583954096,-0.0091121532022953,0.00623603025451303,-0.00263132457621396,-0.000732081360183656,-0.0958143994212151,0.0210274681448936,-0.0046393140219152,0.014029604382813,-0.0158094950020313,-0.0310380794107914,-0.00240788562223315,-0.020759841427207,0.00188205437734723,-0.00232685217633843
"cg13434638",0.391604334115982,-0.0501233115792274,0.0245800148695707,0.00418477552011609,0.00851950328797102,0.12777903676033,-0.000781375681981444,-0.0296405088156462,0.232682630419731,0.0628870278596878,0.00655556144192815,-0.0174895841628313,-0.0504698045551777,-0.0307549200952053,0.00505215628072619
"cg12162377",0.316396176815033,-0.0105806458741426,0.000525308249052614,0.00910158641636372,0.000335471500875428,0.279339343309402,0.0418200008571148,0.0741506814956665,-0.0984029620885849,0.185738295316696,-0.000477149616926908,-0.0187532510608435,0.143474236130714,-0.0309291407465935,-0.0223830193281174
"cg03367387",0.311323940753937,0.090371273458004,-0.00466752052307129,-0.000462682044599205,-0.000106709579995368,-0.0540348254144192,0.0689558759331703,-0.131417572498322,0.013755583204329,0.010381986387074,-0.102758079767227,0.0450462624430656,0.14211417734623,-0.000969475135207176,-0.0814898908138275
"cg04442576",0.341326296329498,0.0578360930085182,-0.0028371715452522,0.0440038591623306,-0.010592395439744,0.0716790780425072,0.0945156291127205,-0.109570734202862,-0.216444969177246,0.0173707995563745,0.00710416072979569,0.0451948679983616,-0.149944767355919,-0.0246051009744406,-0.0957849100232124
"cg04780572",0.344908833503723,-0.0659549832344055,-0.00699537061154842,0.0665952190756798,-0.0149900838732719,0.21257521212101,0.00523132318630815,-0.073492594063282,-0.100441329181194,-0.0100507317110896,0.0152002032846212,-0.0031878761947155,-0.0903555676341057,0.0673290863633156,-0.0621211118996143
"cg02629106",0.308082640171051,0.153760299086571,0.101585373282433,0.0762973427772522,-0.018872145563364,0.21604135632515,-0.0841749832034111,0.0426015183329582,0.0512124411761761,-0.0675070509314537,-0.00205003912560642,-0.0203746072947979,0.183078095316887,-0.00194658129476011,-0.101038619875908
"cg02636041",0.207453355193138,-0.247840419411659,-0.0149473724886775,-0.00765653653070331,-0.00137399323284626,-0.172911956906319,0.0789646133780479,-0.221063047647476,0.0603279508650303,0.0635932758450508,-0.054355077445507,0.0620472617447376,0.184793367981911,-0.0274375900626183,-0.0653976127505302
"cg14115325",-0.180333942174911,-0.0992121323943138,-0.00385361397638917,0.558377206325531,-0.000303245993563905,-0.132973656058311,-0.0271763112396002,-0.0886289477348328,0.0659428909420967,-0.00418695295229554,0.0461984053254128,-0.0111052934080362,-0.0442910343408585,-0.030036361888051,-0.0056526493281126
"cg25208017",0.354073792695999,-0.0515507310628891,0.00574581231921911,0.162627339363098,0.00257315766066313,0.0804744064807892,0.0580005794763565,-0.0763916969299316,-0.265463322401047,0.0720221549272537,0.002157291630283,-0.00412477599456906,-0.223555743694305,0.0115460604429245,0.00944445095956326
"cg02012703",0.320990175008774,-0.129339754581451,0.0507130026817322,0.254000693559647,0.0154067380353808,-0.00872051808983088,0.0345929823815823,-0.0181174054741859,-0.28663894534111,-0.0035887099802494,-0.0292560458183289,-0.0407688952982426,-0.133581161499023,-0.0344675481319427,0.10350164026022
"cg23192683",0.0629488602280617,0.244071245193481,0.110920891165733,0.0880536437034607,0.0277776699513197,0.0364478193223476,-0.173865765333176,-0.195210009813309,0.0357983969151974,0.150444447994232,-0.0400786995887756,-0.00934970192611217,0.207098320126534,0.0397027395665646,0.064567357301712
"cg13125157",0.175417944788933,-0.228364929556847,-0.049993708729744,0.343911230564117,-0.000537164916750044,-0.0764852240681648,-0.0379346907138824,0.0529838763177395,-0.200215861201286,-0.0765452533960342,-0.0250718723982573,0.0181821268051863,-0.021933251991868,-0.0352559871971607,0.0152741009369493
"cg23989821",0.365022540092468,-0.270826697349548,0.0123259676620364,0.0356285721063614,0.0135291405022144,-0.116075702011585,-0.043034091591835,-0.0752766951918602,-0.00156206917017698,-0.00173055159393698,0.000681543489918113,0.0153729552403092,-0.0436008423566818,0.0127126378938556,-0.0820750519633293
"cg11856078",0.350798696279526,-0.203235432505608,-0.0858874693512917,-0.0115435132756829,0.00171569059602916,-0.0279597863554955,-0.0894505456089973,-0.0874884277582169,0.0198110044002533,0.116037137806416,-0.0132959270849824,-0.0152128674089909,0.164022982120514,-0.0134305404499173,-0.0561166331171989
"cg14159026",0.360902607440948,-0.0411865673959255,0.0207398030906916,0.0618917681276798,0.0177739020437002,0.0956773906946182,0.0781329795718193,-0.0858576074242592,-0.21320104598999,0.0411983393132687,0.00236172415316105,-0.0122222881764174,-0.00884254556149244,0.0364311598241329,-0.0515061765909195
"cg25968569",0.221998110413551,-0.0746121555566788,-0.00588657287880778,0.00588914379477501,-0.016052957624197,0.228617340326309,0.256314337253571,0.268114000558853,-0.141299471259117,-0.00614453945308924,-0.0186469778418541,-0.00674842763692141,0.19999261200428,-0.0428550057113171,0.0277279671281576
"cg02514003",-0.124442540109158,0.0344647839665413,0.0748310387134552,0.584949493408203,-0.0195870511233807,-0.0979721397161484,0.0356985442340374,-0.034448429942131,0.110389351844788,-0.127855986356735,0.015469872392714,0.00342341419309378,-0.0322615168988705,-0.014927183277905,-0.0837504267692566
"cg24980653",0.210625663399696,-0.349458485841751,-0.00299425004050136,0.359713554382324,0.0141847897320986,-0.0505645796656609,-0.0352905094623566,0.00542499264702201,-0.0520285218954086,-0.0705347955226898,-0.0239810664206743,0.0196830108761787,-0.132746011018753,0.0456873923540115,-0.0391377694904804
"cg09858188",0.418266117572784,0.00989386718720198,0.0662259459495544,0.030897431075573,-0.0128944981843233,0.0105777159333229,0.120840020477772,0.0021566862706095,-0.0777876228094101,-0.0350089594721794,-0.0100578898563981,4.30608179158298e-06,0.0224565081298351,0.00414365390315652,0.0278385449200869
"cg05497345",0.373546272516251,-0.159855663776398,-0.00339470384642482,0.00321942521259189,0.0194807592779398,-0.114333458244801,-0.00142823054920882,-0.00864783860743046,0.184947222471237,0.0257270988076925,0.0759692192077637,-0.0461791455745697,0.0935340225696564,0.0647417902946472,0.0172545295208693
"cg16476975",0.370512574911118,-0.183607146143913,0.0442311316728592,0.111994467675686,-0.0130837159231305,0.0447442121803761,-0.0389166548848152,0.0479909554123878,-0.0322958156466484,0.0847124457359314,-0.0243105757981539,0.0321149155497551,-0.0118437390774488,-0.0550869405269623,0.093234695494175
"cg15023858",-0.34713938832283,-0.314984828233719,0.00491598667576909,0.0733509287238121,0.0124253313988447,0.271752715110779,0.0221686717122793,-0.00383745948784053,0.00969436392188072,0.0227331928908825,0.00160121626686305,-0.0389093272387981,0.0449994020164013,-0.0515679605305195,0.00134164118207991
"cg26281453",0.383771181106567,0.0398517735302448,0.000178732414497063,0.0520682781934738,-0.0115141188725829,0.144980326294899,-0.0571679100394249,-0.0262633580714464,-0.229953929781914,-0.00927078258246183,0.0242016520351171,0.0048261322081089,-0.0412523411214352,0.0438648723065853,0.0334362834692001
"cg10178270",-0.0943348631262779,0.219600051641464,-0.0609052032232285,0.375461757183075,0.0231943689286709,0.0967694595456123,0.0144973769783974,0.196004703640938,-0.0489462986588478,0.0996961742639542,-0.0275714844465256,0.00388321536593139,0.169547468423843,-0.076789528131485,-0.00195445702411234
"cg19142026",0.348486810922623,-0.136366799473763,0.000737669761292636,0.110691346228123,0.0240527223795652,0.00659090280532837,0.057332880795002,0.0424314737319946,-0.094033271074295,-0.0804927498102188,0.00740728387609124,0.0870893597602844,-0.01210867613554,0.0443638451397419,-0.0235149078071117
"cg05296099",-0.218777850270271,-0.0245010796934366,0.0103213451802731,0.432084023952484,-0.01200046017766,0.178964853286743,0.00408937782049179,0.0043777977116406,0.186284556984901,0.0508104339241982,0.0382426157593727,0.0163922645151615,-0.0114913694560528,-0.0161377061158419,0.0666681900620461
"cg16236270",0.161553770303726,-0.067118413746357,-0.199575752019882,-0.00616259500384331,0.00798200909048319,0.156736433506012,0.215218603610992,-0.0161085948348045,-0.153247773647308,-0.286576926708221,0.0877780690789223,0.0678636282682419,0.0955490544438362,0.0140609964728355,0.00256329402327538
"cg07881405",0.26466765999794,-0.0338634811341763,-0.00606605503708124,0.289278090000153,0.025074690580368,-0.188442274928093,0.11098039150238,-0.143223747611046,0.0804540067911148,-0.118220642209053,0.0340152457356453,-0.0455053113400936,-0.049847450107336,-0.058975875377655,-0.00558473495766521
"cg20906524",-0.251303434371948,-0.116125740110874,0.00571109214797616,0.359647393226624,-0.0106727527454495,0.0683950930833817,-0.0944531261920929,0.0528415702283382,0.0747338905930519,-0.0228298120200634,0.0323698334395885,0.00142480828799307,0.0614962019026279,-0.0272524673491716,-0.00743891624733806
"cg18229521",0.386343270540237,-0.0312509350478649,0.00487510953098536,0.186504334211349,0.000117224160931073,-0.042820829898119,0.0939306914806366,0.0548766776919365,-0.0911958590149879,0.0107925105839968,-0.0052769323810935,-0.029693191871047,-0.103717155754566,-0.0227133557200432,0.0660670697689056
"cg22557662",0.402247399091721,0.0193788670003414,-0.00449856417253613,0.00474995095282793,0.00970694050192833,0.0305547118186951,0.00545617658644915,-0.00271701067686081,-0.0904372408986092,0.00752192409709096,-0.0117823509499431,0.00355429784394801,0.123795188963413,0.00501749059185386,-0.0781363099813461
"cg07371589",0.204147711396217,-0.225123658776283,-0.0686530694365501,-0.0635910183191299,0.00467787077650428,0.355794996023178,0.08163932710886,0.1624725908041,0.102155156433582,0.0847952887415886,-0.0190191175788641,0.10402288287878,0.220894619822502,-0.0224830973893404,-0.0637509599328041
"cg10747118",0.165409713983536,-0.406967103481293,0.00586854107677937,0.110515251755714,0.0041794846765697,0.0367265194654465,-0.0435574911534786,0.0215292572975159,0.0385714881122112,0.148726731538773,-0.025319891050458,-0.00521465530619025,0.0596917532384396,0.0439046919345856,-0.079594299197197
"cg01239704",-0.100683100521564,0.197524398565292,-0.00968869868665934,0.53029865026474,0.0191927216947079,0.057670384645462,-0.0809382051229477,0.196211621165276,-0.00760114612057805,0.086443230509758,-0.0473625138401985,0.109026908874512,-0.0967913940548897,0.0745671689510345,-0.183840423822403
"cg23561979",0.374908059835434,-0.00707296375185251,-0.0129146296530962,-0.0716462209820747,-0.00693704839795828,0.0978224575519562,-0.134841307997704,-0.0466891825199127,0.227403491735458,-0.0049114222638309,-0.0626920312643051,0.062602736055851,0.148195832967758,0.0444727912545204,-0.0925844609737396
"cg23881926",0.314315497875214,0.175303474068642,-0.059162650257349,9.89443069556728e-05,0.0205913782119751,0.200459867715836,0.0325399301946163,-0.186982810497284,0.227204173803329,-0.117300800979137,-0.00485751265659928,-0.0448166131973267,0.0683733150362968,0.0807038769125938,0.0192349851131439
"cg05191879",0.342447191476822,-0.161051720380783,-0.00459461566060781,-0.0806383714079857,-0.00519031379371881,-0.00583095196634531,-0.000945259409490973,-0.14406929910183,0.178589299321175,-0.0223221369087696,0.0635119006037712,0.0161416307091713,0.107534840703011,0.0678650364279747,-0.0255335457623005
"cg03604011",0.383865088224411,-0.0377642959356308,0.00466171512380242,0.000954983115661889,0.0230918973684311,-0.0174648966640234,0.0988015606999397,0.0567347779870033,0.202928841114044,0.0432857945561409,0.00636090477928519,-0.00815748888999224,0.0510860458016396,-0.0482726395130157,0.0306317135691643
"cg06433467",0.316316187381744,0.159006208181381,-0.0896546393632889,-0.000559458683710545,0.000938163895625621,-0.100859731435776,-0.22234995663166,0.0121960015967488,0.120891436934471,-0.0189579110592604,-0.120425187051296,0.0342179760336876,0.0826713368296623,-0.00496654910966754,-0.170652955770493
"cg06537894",0.355482012033463,-0.201484143733978,-0.00569364707916975,-0.0516908392310143,-0.00189152185339481,0.118996933102608,0.00865500420331955,-0.00109381158836186,0.137335255742073,-0.0106890201568604,0.00182651414070278,0.0365407057106495,-0.0147021869197488,0.0497227013111115,0.00636910693719983
"cg00494919",0.111220754683018,0.182101473212242,-0.184053108096123,0.406135231256485,0.037199042737484,0.0671267583966255,0.187004968523979,0.102123536169529,-0.00363836716860533,0.10531909763813,0.0451534427702427,-0.0201602261513472,0.0413812398910522,-0.0598571337759495,0.132812097668648
"cg25432975",0.352634489536285,0.138243362307549,0.0788664147257805,-0.0103394733741879,-0.0209374818950891,0.139293178915977,-0.0661728009581566,-0.116420961916447,0.038861870765686,0.0960581228137016,0.0018873984226957,0.0258680693805218,0.191442623734474,0.0304816477000713,-0.00583656737580895
"cg08382226",0.285608887672424,-0.418991476297379,-0.00783604849129915,0.00313515518791974,0.000272643781499937,0.0357470400631428,-0.0229337755590677,-0.0687523260712624,0.122597001492977,0.120986498892307,-0.0160575788468122,-0.0307636540383101,-0.0481748171150684,-0.038644090294838,-0.00260475440882146
"cg14595003",0.342362761497498,-0.189544767141342,-0.00804163329303265,-0.102353259921074,0.00947021786123514,-0.0431890115141869,-0.0619736984372139,-0.129561722278595,0.157032072544098,-0.169140204787254,0.051860723644495,-0.00247508124448359,0.0702435672283173,0.00768129900097847,-0.0426751896739006
"cg07970752",0.191838458180428,-0.0815577507019043,-0.00389332254417241,0.141875624656677,0.00834727194160223,0.0516838766634464,0.0952043309807777,0.217995047569275,-0.175392836332321,-0.0509595274925232,0.0742843747138977,0.0160779040306807,0.306895554065704,0.013177840039134,0.124034516513348
"cg12646385",0.286263346672058,-0.0325904488563538,0.00711045786738396,0.0593606978654861,0.0107709709554911,-0.0305584091693163,0.0408499650657177,0.00698211090639234,-0.162717819213867,0.0564610473811626,-0.0573123879730701,-0.0405592881143093,0.188684910535812,-0.0364387966692448,-0.00689177634194493
"cg27028760",0.294945806264877,0.0358496643602848,-0.00433997437357903,0.0774720460176468,-0.00367927900515497,0.0870859324932098,-0.117828637361526,0.076633982360363,-0.0626408830285072,0.0263778418302536,0.00348496087826788,0.0103917242959142,0.0173832550644875,0.0291086751967669,0.0411258786916733
"cg02320862",0.363447666168213,0.205808863043785,-0.00255190907046199,-0.0747985765337944,0.0131846740841866,-0.114968709647655,0.100244387984276,-0.00703747058287263,-0.116296246647835,0.00266073807142675,-0.0149302771314979,-0.0550467781722546,0.145829871296883,0.0705668553709984,-0.00434100907295942
"cg03738707",0.18833102285862,-0.164210379123688,0.001964230556041,0.0114893782883883,-0.00381634687073529,0.132108226418495,0.0144117018207908,-0.0179296582937241,0.0298176314681768,0.00320747680962086,0.0122409584000707,0.0411409884691238,0.0639772489666939,-0.0347713977098465,0.0177491120994091
"cg26654934",0.250040203332901,-0.227920114994049,-0.0385880395770073,0.375769585371017,-0.00886036735028028,-0.138555064797401,-0.0476004146039486,-0.0621361248195171,-0.0555522814393044,-0.0136855682358146,-0.00130669109057635,-0.00950003415346146,-0.133336663246155,-0.0118458354845643,-0.0395454317331314
"cg08604097",0.395000606775284,-0.111079849302769,4.88856528590986e-07,0.0199026707559824,0.00265872222371399,-0.148854240775108,0.002872952260077,0.034774161875248,0.00722073297947645,-0.0441219657659531,-0.017451336607337,0.041839960962534,0.0155420992523432,-0.0151095995679498,-0.0413223654031754
"cg22794704",0.34394896030426,-0.162600293755531,-0.00196031969971955,0.0941563472151756,-0.00700258929282427,0.0309422239661217,-0.112641409039497,-0.0150493811815977,-0.140845105051994,0.118484377861023,0.00124788947869092,-0.0213218349963427,0.0511134043335915,-0.0540862120687962,0.0182181913405657
"cg23448584",0.342322260141373,-0.181790426373482,0.00504276668652892,0.104232348501682,0.00578168779611588,0.150688156485558,0.141620993614197,-0.135799452662468,0.143786042928696,-0.00241261813789606,0.00781877152621746,0.0165833979845047,-0.0748721063137054,-0.0116426153108478,0.0109818233177066
"cg16448058",0.280226588249207,-0.236532405018806,-0.00243091327138245,0.00512810610234737,-0.00479384139180183,0.0471266433596611,-0.103863090276718,0.0604443550109863,0.246488884091377,0.26578027009964,0.00210643722675741,0.000450419407570735,0.128387302160263,-0.0606707371771336,0.00381887564435601
"cg04976324",0.421083569526672,0.0871619433164597,0.00384726654738188,0.00163579429499805,0.0237795021384954,0.043476939201355,-0.0616909563541412,-0.0110304746776819,-0.200456410646439,-0.0430371649563313,-0.00623268354684114,-0.0459240451455116,-0.108259730041027,-0.0258018784224987,-0.0409974977374077
"cg14491820",0.304324865341187,-0.0639775842428207,-0.013354211114347,0.0838580578565598,-0.0149909090250731,0.220409765839577,-0.0635195896029472,0.125639051198959,-0.018347542732954,0.232798606157303,0.00206127669662237,-0.00637974636629224,-0.0239279884845018,-0.0526250712573528,0.0780284628272057
"cg13545212",0.28214430809021,-0.35796719789505,0.0114657655358315,0.167444884777069,-0.00826090481132269,-0.075573243200779,-0.0889831557869911,-0.0546169318258762,0.104658372700214,-0.00501157296821475,0.00520090013742447,0.0066259540617466,-0.057989027351141,-0.0383566245436668,0.0485432408750057
"cg05621343",0.391434997320175,0.0175669062882662,0.00212383782491088,0.052364144474268,-0.0127987656742334,0.120448663830757,-0.103651262819767,-0.0522078908979893,-0.238567933440208,-0.0482628457248211,-0.00696025462821126,-0.00455039506778121,-0.123971067368984,-0.0285005159676075,0.0414696335792542
"cg04743654",0.359236270189285,0.0846824571490288,-0.0207200571894646,-0.0603158622980118,-0.000613048556260765,-0.0728135108947754,-0.0527639798820019,-0.0125217530876398,0.197721794247627,-0.0478549264371395,0.0134053993970156,0.117553651332855,0.154538989067078,0.0536612160503864,-8.30439603305422e-06
"cg24545961",0.258132040500641,0.11163954436779,0.125989705324173,0.0827957317233086,-0.0176302921026945,0.0447029136121273,-0.221008032560349,-0.00383221916854382,-0.0193090252578259,0.121428303420544,-0.0308017320930958,0.0439058132469654,0.1231784299016,-0.0549349300563335,-0.0141389695927501
"cg16528511",0.383484095335007,0.011772146448493,0.00270474003627896,0.181051462888718,0.00530016981065273,-0.0111660342663527,-0.0443151481449604,-0.0469049327075481,-0.171228870749474,-0.00353956478647888,-0.00507442653179169,-0.0048671243712306,-0.147724702954292,-0.00444980943575501,-0.0484884008765221
"cg15344419",0.361052632331848,0.057982299476862,7.89082187111489e-05,0.127997145056725,0.00225151912309229,0.041534811258316,-0.0393813587725163,-0.0732370316982269,-0.268038243055344,-0.0222553219646215,0.00347087508998811,-0.0151792867109179,0.0140955401584506,-0.0248849503695965,0.0739940479397774
"cg09451427",0.0716608241200447,-0.343424260616302,-0.0687058866024017,0.0627554059028625,-0.00475767673924565,0.101157270371914,-0.0841391682624817,-0.0813437923789024,0.0141186211258173,-0.159818351268768,0.0688048824667931,-0.105836063623428,0.205165609717369,0.0598893463611603,0.0925427600741386
"cg14089881",0.199002757668495,0.221508651971817,0.00236170692369342,0.0955848321318626,0.00446787010878325,0.0979020744562149,-0.172286748886108,0.138391822576523,-0.0758418366312981,-0.0243161302059889,0.00215273653157055,0.140525564551353,0.269812643527985,-0.0118743171915412,0.0451004169881344
"cg16623734",-0.193986728787422,0.0881105363368988,-0.0398661009967327,0.115042351186275,0.0112940268591046,0.0656671822071075,-0.121002517640591,0.0944232791662216,-0.317600667476654,0.0434663444757462,-0.0101767461746931,-0.0728909075260162,0.387665987014771,-0.0684391483664513,-0.0110593177378178
"cg11552829",0.0429843887686729,-0.0650831609964371,-0.216391429305077,0.123677872121334,0.00729950843378901,0.451951712369919,-0.00272293156012893,0.0183568447828293,0.0308019872754812,-0.12305886298418,-0.00701166037470102,-0.0274178180843592,0.148329168558121,-0.000873540178872645,0.070101760327816
"cg17642369",-0.00339974649250507,0.18906743824482,0.125991180539131,0.0719155818223953,-0.015795961022377,-0.118562139570713,-0.0166008379310369,0.0143043538555503,-0.220587149262428,0.190167963504791,0.00854744296520948,-0.0729643404483795,0.398141831159592,0.0841406881809235,0.105661623179913
"cg04633922",-0.108620151877403,0.212579056620598,-0.0499635562300682,0.530756175518036,0.0070267952978611,0.0252657644450665,0.0161877814680338,-0.0668099820613861,-0.0313128754496574,-0.0572997219860554,-0.0417183376848698,-0.00541810085996985,0.073460727930069,0.00265014311298728,-0.00101307034492493
"cg25026992",0.011599344201386,-0.352954894304276,0.00313750701025128,0.377141624689102,-0.0262565203011036,-0.0593759641051292,0.0205074399709702,0.0262398272752762,0.0751810073852539,0.0148722473531961,-0.0120435394346714,0.0111234653741121,-0.0689578279852867,0.0242653470486403,-0.038978073745966
"cg06744585",0.287564367055893,-0.0432933159172535,-0.00505795329809189,-0.0110345920547843,-0.0197922475636005,0.224305987358093,0.197000488638878,-0.0095621133223176,0.0599318780004978,-0.265029728412628,0.000627128931228071,-0.0121335554867983,0.161410287022591,-0.00979834515601397,0.0149892400950193
"cg22992730",0.314858168363571,0.177366629242897,-0.00102682993747294,0.0849706456065178,0.00737664010375738,0.0313630625605583,0.101131983101368,0.0658778920769691,-0.000591285177506506,-0.0569159761071205,0.036539513617754,0.0264559127390385,0.10383864492178,0.0735307708382607,0.0440283045172691
"cg19209911",-0.200828984379768,0.0353076457977295,-0.00331768789328635,0.603085458278656,-0.0324928611516953,-0.0322907455265522,0.0112469773739576,-0.0473803952336311,-0.0126529885455966,-0.0832318365573883,0.00115865422412753,0.00147713953629136,-0.0279169641435146,0.0491822957992554,-0.128546178340912
"cg16167741",0.249473825097084,-0.0228318143635988,-0.00319993356242776,-0.0321993343532085,-0.00445912545546889,-0.113992467522621,0.102440595626831,-0.0125120207667351,-0.0186360366642475,0.0159447938203812,-0.107833474874496,-0.0320565067231655,0.0753840804100037,0.0461972616612911,0.0161848980933428
"cg17823751",0.343793928623199,-0.0776908993721008,-0.0251760445535183,0.230439350008965,-0.0209906995296478,-0.0166119132190943,-0.0202097687870264,-0.0536514706909657,-0.2199946641922,0.00196498259902,-0.00563571369275451,-0.00105551641900092,-0.175789296627045,-0.0277210474014282,0.0478349961340427
"cg08125436",-0.171092331409454,0.121481850743294,0.0640265271067619,0.473030626773834,-0.0311083421111107,0.0353280901908875,0.0567900091409683,-0.180572241544724,-0.00215110694989562,0.013522706925869,-0.0382771603763103,-0.0111405914649367,-0.0193426925688982,-0.00200354144908488,-0.0704679563641548
"cg25670330",0.348618537187576,-0.091943547129631,0.000644433894194663,0.0872049108147621,-0.0069532934576273,0.0804542675614357,-0.000798339082393795,0.0252943225204945,-0.0981698408722878,0.132356360554695,-0.00201642699539661,-0.0176041405647993,0.0794795677065849,-0.0380401536822319,0.00151134666521102
"cg14060111",0.358293354511261,0.0324770510196686,-5.11040307173971e-05,0.0107049010694027,-0.00844913255423307,0.237333625555038,-0.0563374646008015,0.0503018461167812,-0.275773853063583,-0.00237717549316585,0.00862019043415785,0.000878903723787516,-0.0233506094664335,-0.059887021780014,8.39253334561363e-05
"cg21624902",0.372952312231064,-0.197748243808746,0.000580332009121776,0.0866755396127701,0.0235860012471676,-0.183579593896866,-0.0914755612611771,-0.0118199717253447,0.198881983757019,0.0153781110420823,0.0306937489658594,-0.0223348848521709,0.089535728096962,0.0477753020823002,0.0207698252052069
"cg16316162",0.0429720096290112,-0.0741261839866638,0.00256835180334747,-0.0327308066189289,-0.0017533446662128,-0.0283681955188513,0.0628140345215797,-0.00196901289746165,0.119929887354374,0.0096639534458518,-0.00238023838028312,0.0301220305263996,0.0610578283667564,-0.00478922948241234,0.0705890953540802
"cg07956515",0.290248990058899,0.111525073647499,-0.00259829289279878,-0.0595027841627598,-0.0127466730773449,0.0352479889988899,-0.0785396844148636,-0.0187645945698023,-0.292949229478836,-0.000731012143660337,0.0486239567399025,0.0277577638626099,0.0474388748407364,-0.00462167151272297,-0.0634122341871262
"cg04203238",0.387254476547241,0.114915795624256,-0.0036609114613384,-0.00702966982498765,0.0117801399901509,0.154045090079308,-0.146263718605042,0.12805500626564,0.0557844452559948,0.074875496327877,0.0576847940683365,-0.0276556946337223,0.125075593590736,-0.0225231144577265,-0.052876703441143
"cg24563094",0.40874445438385,0.0560432784259319,0.00306168058887124,0.000169437000295147,0.0218598321080208,-0.0284414142370224,0.000414969777921215,-0.0483015701174736,-0.0838189795613289,0.0705031007528305,0.00566526362672448,0.0662985742092133,0.184652060270309,0.0482449270784855,-0.0148938838392496
"cg23591302",0.149414673447609,0.206066727638245,0.0861682519316673,0.0848708748817444,-0.0478467717766762,0.29963606595993,-0.135005116462708,0.348455458879471,0.0728662833571434,-0.20366233587265,0.0603646300733089,0.0115667348727584,0.0578779503703117,0.0198532734066248,0.0162024423480034
"cg06943420",0.258224159479141,-0.232053890824318,-0.0242464821785688,-0.00832288898527622,-0.00797011889517307,0.221847608685493,-0.0360634624958038,0.00780349830165505,0.121847003698349,0.0532455705106258,0.0259080287069082,0.0533457398414612,0.107050403952599,0.0827290788292885,0.0225640051066875
"cg24033558",0.405727386474609,0.0790213122963905,0.0166991744190454,-0.0609879978001118,0.00937299244105816,0.0513700731098652,0.209986835718155,-0.0553692318499088,0.0508673489093781,-0.03785714879632,0.00366806075908244,0.00579801807180047,0.104103229939938,0.0280578434467316,-0.0132793132215738
"cg26730416",0.352803111076355,-0.104543648660183,0.00823731999844313,0.220313012599945,0.00407944153994322,-0.137884095311165,0.0041008722037077,-0.00139006657991558,0.0269737746566534,-0.00374963716603816,-0.00771038606762886,-0.00794219318777323,-0.0590219162404537,0.00731946714222431,0.00650989729911089
"cg10906729",0.191193431615829,-0.114920660853386,-0.000628210138529539,0.191881209611893,-0.00885451678186655,-0.0511209182441235,0.00705284718424082,0.229331061244011,-0.0849778056144714,-0.10403211414814,-0.00186139740981162,0.0830540657043457,0.122502289712429,0.0399907976388931,0.0146027319133282
"cg07697895",0.414757877588272,-0.0115626053884625,-0.000631567207165062,0.00131144083570689,-0.00315912766382098,0.219871506094933,0.00271377642638981,-0.00343514559790492,-0.189887031912804,0.0612738244235516,0.0022548409178853,0.00453735142946243,-0.103530623018742,-0.0192519500851631,-0.000753322092350572
"cg00675569",0.358658939599991,0.027868777513504,-0.0231049861758947,-0.00672431197017431,-0.00431119231507182,0.0915517210960388,-0.0202509611845016,-0.075335681438446,0.238861531019211,-0.0130463298410177,0.0425268113613129,0.00307902041822672,0.049339547753334,0.0506469756364822,-0.0342616736888885
"cg26248173",0.302848815917969,-0.369682669639587,0.0108050433918834,0.145885586738586,0.0222076084464788,-0.0800009444355965,-0.0110732316970825,0.0224669426679611,0.00255982088856399,-0.017627090215683,-0.036531537771225,-0.0531527660787106,-0.00303296092897654,-0.0826231986284256,0.03246895596385
"cg19813015",-0.197117403149605,0.0136735187843442,0.00530549185350537,0.546299874782562,0.00556295458227396,-0.00417994102463126,0.0766691938042641,-0.00135679705999792,-0.0383785590529442,-0.023653594776988,0.00364437373355031,-0.0476787984371185,-0.0184803158044815,0.0424366779625416,0.000666641688439995
"cg13686615",0.187402650713921,0.0705816596746445,0.000172712185303681,-0.00584107730537653,-0.00677873007953167,0.129931300878525,-0.170299246907234,0.118361726403236,-0.217629417777061,0.0140106286853552,0.012452102266252,0.0763654634356499,0.0244586057960987,-0.0272690467536449,-0.0643782541155815
"cg07333715",0.298154443502426,-0.00914436019957066,0.0487560220062733,0.0784536749124527,-0.00150549819227308,-0.170279607176781,-0.239478945732117,-0.00896019116044044,-0.0880325883626938,-0.0457011237740517,-0.0410594381392002,0.033237099647522,0.197810977697372,-0.0682158097624779,0.0133247897028923
"cg20431191",0.274224311113358,0.0695112943649292,0.0345882698893547,0.00588406855240464,0.0355936959385872,0.0326190702617168,-0.0563782267272472,-0.0529182143509388,0.0813691914081573,-0.006995331030339,-0.0263144373893738,-0.0319171585142612,0.163150414824486,0.0692175850272179,-0.111489206552505
"cg13181974",0.205056041479111,-0.00406713364645839,0.113407179713249,0.156786397099495,-0.00440194783732295,-0.193341881036758,-0.0690790489315987,-0.032339233905077,-0.143749728798866,0.24705246090889,-0.00345834298059344,0.0255663301795721,0.134385213255882,0.0801341682672501,0.0229008793830872
"cg21730993",0.369513839483261,-0.123005770146847,-0.00844312179833651,0.0629765763878822,0.000857555598486215,-0.0747973695397377,-0.126657068729401,-0.00329987518489361,-0.124319940805435,0.0138370851054788,-0.00457199523225427,-0.0435922779142857,0.0379558466374874,0.0360880829393864,0.0196346752345562
"cg18121066",0.289566963911057,0.182580128312111,-0.26320543885231,0.000658716249745339,0.0107176695019007,-0.0383165329694748,0.201360777020454,0.10478401184082,0.00186082057189196,-0.110587425529957,-0.0727723985910416,0.0141788134351373,0.0265882611274719,-0.0424651242792606,-0.00674845324829221
"cg23401796",-0.0155127700418234,-0.0443275421857834,0.184223100543022,0.009333411231637,-0.0253251362591982,0.118536919355392,0.0983489155769348,-0.0656862631440163,-0.0984424129128456,-0.165228649973869,-0.100124165415764,0.109030462801456,0.177798479795456,0.0302474927157164,-0.0122768273577094
"cg13445796",0.33555006980896,-0.183786764740944,-0.00338196358643472,0.22326248884201,0.00214725988917053,-0.211774095892906,-0.0145742883905768,0.0872726142406464,-0.124840103089809,-0.00923081394284964,0.00364957959391177,-0.00293626636266708,-0.11016272008419,-0.0187675338238478,0.0276519116014242
"cg00347563",0.333560645580292,-0.184894993901253,0.0555250830948353,-0.000319168029818684,-0.00382657698355615,0.0257334653288126,-0.102579116821289,-0.0107787977904081,0.0800218433141708,0.13192281126976,-0.018801661208272,0.00838340446352959,0.0238594673573971,0.0273290313780308,-0.00887657329440117
"cg12975230",0.292347878217697,-0.140324354171753,0.00393646862357855,0.111355781555176,-0.00109926366712898,0.0923689529299736,-0.000727932900190353,0.0478041283786297,-0.216812387108803,0.105710133910179,-0.00781756825745106,-0.0227513257414103,0.0318916328251362,0.00333113176748157,-0.0205535348504782
"cg07886472",-0.266805648803711,-0.123878568410873,0.000794938008766621,0.475577592849731,-0.0323008857667446,0.0679133757948875,0.0154389869421721,-0.0704856589436531,-0.0060458299703896,-0.0136422971263528,0.00335605163127184,-0.0216761603951454,0.0531542114913464,-0.0484032444655895,-0.0285094454884529
"cg05143530",0.308202832937241,0.0856373831629753,-0.011583348736167,-0.000448963139206171,-0.000643912761006504,-0.0580070726573467,0.0473888926208019,-0.128280028700829,0.0255297012627125,0.0220985319465399,-0.101726621389389,0.051632359623909,0.137262895703316,0.00781848095357418,-0.0910660475492477
"cg01235820",0.272224336862564,-0.329720586538315,0.000340972881531343,0.105958700180054,0.000572384684346616,0.126852616667747,0.172964110970497,0.185922712087631,0.174402609467506,-0.0340880341827869,0.00464262859895825,-4.90422207803931e-05,0.00197091628797352,-0.0318909510970116,0.0961947217583656
"cg19220719",-0.0684687197208405,0.017206871882081,0.115619197487831,0.0459205433726311,-0.00532429711893201,0.0169112924486399,-0.478634595870972,-0.0227510463446379,0.115922369062901,-0.0867934450507164,0.0128930872306228,-0.00728848529979587,0.169326603412628,0.0624159313738346,0.109990306198597
"cg15219228",0.323184758424759,-0.358585089445114,0.0177991259843111,-0.000418601062847301,0.00203387276269495,-0.212974578142166,-0.00136638805270195,-0.0216107983142138,0.130432575941086,-0.114675343036652,0.00577621720731258,-0.0169536266475916,0.0232782308012247,-0.0399232879281044,-0.0729053542017937
"cg01072076",0.377543479204178,-0.00334566156379879,-0.00327027589082718,-0.00559908524155617,-0.00257775862701237,0.0996613055467606,-0.00397896766662598,-0.0322009436786175,-0.12727926671505,0.0196707621216774,-0.0283393282443285,-0.104752533137798,0.0206245519220829,0.0431371740996838,0.00436212588101625
"cg06417478",0.0979233011603355,0.0710936412215233,-0.0356963090598583,0.0323987044394016,0.00856645219027996,-0.0542436167597771,0.0334004499018192,-0.0975870862603188,-0.0172769352793694,-0.00141263264231384,0.0112275322899222,-0.0472144298255444,0.0883862674236298,-0.0176987498998642,0.00915465410798788
"cg24145118",-0.0669734999537468,-0.150964677333832,-0.159345731139183,0.539392173290253,0.0335311181843281,0.0452381484210491,0.120057128369808,0.0416586585342884,0.0173117909580469,-0.1325553804636,0.00877481792122126,-0.0152331087738276,0.0446667894721031,-0.0373512953519821,-0.0503573007881641
"cg02305377",0.321279436349869,-0.10689490288496,-0.00125360046513379,0.219178751111031,0.00299925426952541,-0.288822829723358,-0.200865134596825,0.0695925131440163,0.0804392471909523,0.0367403849959373,-0.036309976130724,0.000933010596781969,-0.102741189301014,0.00467840535566211,-0.000765969278290868
"cg15999188",-0.252727419137955,0.0108840512111783,0.00143557821866125,0.526149451732635,-0.0209533888846636,-0.0626902431249619,0.117301188409328,-0.0934322699904442,0.11369913071394,-0.0866446644067764,-0.0390700623393059,0.00356373004615307,-0.00394490174949169,-0.0050894501619041,-0.0557875744998455
"cg06972389",-0.202899247407913,-0.00263449526391923,0.000448080361820757,0.551083207130432,-0.0107577545568347,-0.126612320542336,-0.00921379867941141,-0.182420134544373,0.0121489726006985,-0.125261932611465,-0.00285107572562993,0.000770376587752253,0.0117074986919761,-0.0556119047105312,-0.0137358391657472
"cg12170314",0.358294457197189,-0.0363918282091618,0.00308420439250767,0.0640968009829521,-0.00457821832969785,0.194638520479202,0.0991459339857101,0.0191238839179277,-0.123996928334236,-0.0030546672642231,-0.0752255469560623,-0.0366351380944252,0.0833299085497856,0.0252335853874683,-0.00226174294948578
"cg17651959",0.305375337600708,-0.23448845744133,-0.0032223486341536,0.172682374715805,-0.00809987261891365,0.00384960789233446,0.0932101830840111,0.00818069651722908,0.0209401901811361,0.142485871911049,0.0104873506352305,-0.0175709743052721,-0.0355334058403969,-0.111143991351128,-0.00339763308875263
"cg18397450",0.261388927698135,-0.237270683050156,-0.00333678326569498,-0.0689194351434708,0.00896090734750032,-0.0383159406483173,0.0624036900699139,-0.12246235460043,0.00227627716958523,-0.0374843068420887,0.00433085998520255,0.0775935873389244,0.0882771015167236,0.0449425429105759,-0.0174890663474798
"cg19988482",-0.168459221720695,0.0172505415976048,-0.00629050703719258,0.447591543197632,0.0083342744037509,0.055427074432373,-0.00356592866592109,-0.231274008750916,0.10280530154705,0.0371551588177681,0.0608359165489674,-0.0118014831095934,0.0334540940821171,0.055673111230135,0.0120821353048086
"cg05735180",0.313368886709213,-0.287755519151688,-0.00472361920401454,0.230518519878387,0.000725854479242116,-0.121208421885967,-0.0302595812827349,0.0135522317141294,-0.013657046481967,-0.0207994114607573,-0.00550190638750792,0.0412444621324539,-0.140707433223724,0.0204953365027905,0.000882746069692075
"cg08314875",0.0924728363752365,0.0727693736553192,-0.0131516298279166,0.0490423925220966,-0.000981458812020719,0.0127946063876152,-0.0255025550723076,0.0133613534271717,-0.00360437971539795,-0.0198215059936047,0.00267642526887357,0.00514145055785775,-0.0209534931927919,0.00866967625916004,0.00585210416465998
"cg01972751",0.368615120649338,-0.0656412243843079,0.0160632245242596,0.0376462787389755,0.00332366954535246,-0.12355650216341,-0.00645313039422035,-0.00381582975387573,-0.138505056500435,0.0328570641577244,0.036090511828661,-0.00220408570021391,-0.000663042708765715,0.0311327110975981,-0.0173050723969936
"cg11595545",0.322197020053864,-0.115697890520096,-0.014893333427608,-0.00427769171074033,-0.030885873362422,0.279750287532806,-0.0999346449971199,0.0143323624506593,-0.222264766693115,0.0384081341326237,0.0155674600973725,0.0163635462522507,-0.140523329377174,0.066587045788765,-0.0586517788469791
"cg16192707",0.329191625118256,-0.135975033044815,0.00368827837519348,0.154120892286301,0.00192438100930303,-0.182738348841667,-0.0844267755746841,0.0251606702804565,-0.119862906634808,-0.00294681033119559,0.0259774774312973,-0.0200998596847057,0.051736980676651,0.0178147032856941,-0.00858118198812008
"cg18447772",0.338635951280594,-0.189217120409012,0.0120361084118485,0.00783537514507771,0.0388591885566711,-0.179198816418648,-0.136357292532921,-0.0453337207436562,0.0472640506923199,0.0332998298108578,0.0462710671126842,0.0716351643204689,-0.0188229512423277,0.0151693997904658,-0.0460158325731754
"cg20295992",0.279652684926987,-0.372417718172073,-0.0161688383668661,0.0189949497580528,0.0127451997250319,0.100811973214149,-0.0672807544469833,-0.034461285918951,0.104563519358635,0.139946803450584,-0.0183064807206392,-0.00706243189051747,-0.0225367937237024,0.0138288978487253,0.00689388485625386
"cg22958090",0.155915513634682,0.110515587031841,-0.0820976570248604,0.0041164755821228,-0.0445786267518997,0.174665838479996,-0.141243502497673,0.212712943553925,0.165570676326752,-0.00238218810409307,0.0204570963978767,0.0734643712639809,0.043909102678299,-0.0312332846224308,0.0169504955410957
"cg01307130",0.310115605592728,-0.266405433416367,-0.00608652271330357,0.263426095247269,0.00023451894230675,-0.0681831687688828,-0.0895817130804062,-0.0251694936305285,0.033991165459156,-0.0600989423692226,-0.00180069613270462,-0.0127066681161523,-0.168713241815567,0.064079612493515,-0.0253107734024525
"cg26789038",-0.251623511314392,-0.21641831099987,0.0452779866755009,0.438220471143723,0.00731739914044738,0.00683398637920618,-0.0370575599372387,-0.00898172985762358,0.0380909852683544,-0.035319522023201,0.00632450403645635,-0.0198596231639385,0.0880550593137741,-0.0328161045908928,0.0219758246093988
"cg05417127",0.356548726558685,-0.0527891777455807,0.00227654166519642,0.071525901556015,-0.0029501614626497,0.255060732364655,0.0815969109535217,0.0292751006782055,-0.127208739519119,0.0930168256163597,0.00207981746643782,-0.0350197479128838,-0.0342941284179688,0.0009571528644301,-0.00145579676609486
"cg02181080",-0.14453960955143,0.000200245398445986,-0.00458101695403457,0.543490409851074,0.0067337267100811,0.0964877083897591,0.00436392845585942,0.0104277674108744,0.176223888993263,0.0623117014765739,-0.0299549717456102,-0.0420572087168694,0.0212340243160725,0.0245725698769093,0.0748521536588669
"cg21279510",0.237161204218864,-0.16246086359024,0.0032371748238802,-0.0426651015877724,0.00198863935656846,-0.0084574343636632,-0.0599065274000168,-0.0642920732498169,0.191576585173607,-0.0984026789665222,-0.0431316345930099,-0.00507073989138007,0.214370429515839,0.079976998269558,-0.0428628884255886
"cg00469207",0.36490723490715,-0.14651358127594,-0.00190503324847668,0.224575862288475,0.0325673893094063,-0.0102553628385067,0.000352813658537343,-0.0841099545359612,-0.116697862744331,0.0873904228210449,-0.00614605518057942,0.0296883210539818,-0.104965262115002,0.052272479981184,0.0517793111503124
"cg13958426",0.386006981134415,-0.178471267223358,0.00153137766756117,-0.00505919801071286,0.0134353814646602,-0.0862492844462395,0.0900341346859932,-0.0813533440232277,0.0434247739613056,-0.000993523630313575,-0.00190666597336531,-0.0613057538866997,0.0380758121609688,-0.0880193561315536,-0.0330316871404648
"cg15425541",0.356662958860397,-0.0703588724136353,0.00182197138201445,-0.0049592019058764,-0.00179645512253046,-0.0689664036035538,0.0205568987876177,-0.0446992553770542,0.0559712015092373,0.0753922015428543,0.0442181639373302,-0.0583619959652424,0.0522358417510986,-0.121047057211399,-0.0410110503435135
"cg11228682",0.265519648790359,0.135993883013725,0.00105419440660626,-0.00214715115725994,-0.00324415205977857,0.0895222052931786,-0.125805750489235,0.0110376980155706,0.121450856328011,-0.169818252325058,-0.0386919714510441,-0.0839985832571983,0.119593903422356,0.110451094806194,-0.0463050305843353
"cg02503159",0.374562382698059,-0.0147958490997553,-0.00102811027318239,-0.00283041992224753,0.0291220564395189,0.136971816420555,0.127148926258087,0.0129854921251535,0.0851272195577621,0.0256838239729404,-0.0420540571212769,-0.0410552807152271,0.113542430102825,-0.0246259346604347,0.0652348101139069
"cg12126857",0.268151581287384,-0.215803623199463,-0.0177018567919731,0.134184211492538,-0.00965098850429058,0.0395384877920151,-0.0623243302106857,0.21462470293045,0.118301510810852,0.118806280195713,0.00967852678149939,0.000276448350632563,0.0682193413376808,0.0838054493069649,0.111818812787533
"cg09016242",0.351983696222305,-0.105897530913353,0.00108421721961349,-0.00375889637507498,-0.001735660713166,-0.0707643628120422,-0.0590840056538582,0.0655282214283943,-0.250916033983231,-0.0360361002385616,0.0181320589035749,-0.0095191802829504,-0.052706278860569,0.0723607689142227,-0.0677886977791786
"cg02621287",0.354488790035248,-0.0273894965648651,0.0327740162611008,0.0880999714136124,-0.0145473973825574,0.0132036795839667,0.208973988890648,0.00409894110634923,-0.0475902669131756,-0.119957253336906,0.0173865854740143,-0.0191339775919914,-0.0029391364660114,-0.00143373489845544,-0.0215853061527014
"cg17553149",0.197252079844475,-0.256462395191193,-0.000839059357531369,0.255067825317383,-0.00927130691707134,-0.0415378846228123,0.000996789080090821,0.0617357231676579,-0.0765446722507477,0.0741247311234474,-0.00618687598034739,0.00945211201906204,0.00749632529914379,-0.0377287343144417,0.0472292304039001
"cg20151476",0.146887019276619,0.16118697822094,-0.1026666238904,0.00675538647919893,-0.00315020815469325,0.0657751336693764,0.155758678913116,-0.0400330573320389,-0.0304963942617178,-0.235002040863037,-0.0054264715872705,0.087093360722065,0.115267910063267,0.00818768516182899,-0.000284149340586737
"cg23076870",-0.206191301345825,-0.265156418085098,-0.165867701172829,0.0965337678790092,0.014218938536942,0.121189467608929,-0.0765416622161865,0.0193727295845747,-0.173011288046837,0.00793549325317144,0.0195991974323988,-0.0153803350403905,0.224938273429871,0.0421837233006954,0.0606555044651031
"cg08195943",0.344441652297974,-0.156258597970009,-0.000882173364516348,-0.091723844408989,-0.00654275063425303,-0.0156822763383389,-0.10060478001833,-0.139021620154381,0.152146682143211,-0.182794898748398,0.0647341758012772,0.0119027737528086,0.0698663368821144,0.00587687408551574,-0.0433208756148815
"cg27089768",0.356919705867767,-0.162337899208069,0.0040800697170198,0.133320614695549,0.00911802891641855,0.00939267687499523,-0.113677732646465,-0.0381943769752979,0.244266495108604,-0.0832914113998413,-0.00981746055185795,0.0130228735506535,-0.0925251469016075,-0.0753403604030609,-0.0353223979473114
"cg18932798",0.388205468654633,0.158397853374481,-0.000426400103606284,0.00243819714523852,0.00417066924273968,-0.149489343166351,0.0604442842304707,-0.0267210956662893,-0.0419740118086338,-0.0151305217295885,0.0131283849477768,0.0274937078356743,-0.0108856251463294,0.0216937847435474,0.0105773191899061
"cg07589773",0.317860096693039,0.0671069398522377,0.00502265803515911,-0.0706158205866814,-0.0349901132285595,0.184115946292877,-0.0410965196788311,0.00839342921972275,-0.33833834528923,0.045331783592701,0.00790531933307648,-0.000610147719271481,-0.139096900820732,0.0245556868612766,-0.0208436790853739
"cg10940462",0.388585925102234,-0.226207077503204,-0.00880545470863581,0.0105159403756261,0.00289359432645142,-0.0423964075744152,-0.012798716314137,0.0571784563362598,0.0331817604601383,0.0496092215180397,0.00660315994173288,0.00305408192798495,0.00891001429408789,0.0445359237492085,0.141916453838348
"cg27415552",0.200594857335091,-0.165667280554771,-0.00716212578117847,-0.117096096277237,0.00308349076658487,0.0641790702939034,-0.106715083122253,0.0660606473684311,0.0680403634905815,-0.0148081574589014,-0.00969402585178614,0.00523088639602065,0.135439440608025,0.018523134291172,0.0770424008369446
"cg05822532",0.320711880922318,-0.0551715530455112,0.00313268462195992,0.0504919439554214,0.0089650833979249,0.251025587320328,0.0798665806651115,0.18483304977417,0.183823958039284,0.0226397477090359,0.0236922092735767,-0.0398545414209366,0.114239647984505,-0.107125200331211,0.000488589575979859
"cg26676468",-0.335367798805237,-0.150357887148857,0.00894632562994957,0.0622656680643559,0.00218631979078054,0.196334660053253,0.0667455419898033,-0.0444871559739113,-0.107743844389915,-0.0122936284169555,-0.100011199712753,0.00301437289454043,0.0811318978667259,-0.00391322141513228,0.0736473277211189
"cg07565505",0.326344817876816,-0.0266124103218317,0.0472151264548302,-0.0293689612299204,0.00217130267992616,0.0860716179013252,-0.00509756663814187,0.0470115207135677,-0.300199419260025,-0.119145855307579,-0.00783969927579165,-0.0225319471210241,-0.0637142136693001,-0.027993731200695,0.0549454651772976
"cg19852958",0.415657162666321,0.0662723407149315,0.0578559413552284,0.0102349407970905,-0.00182913220487535,-0.0618328973650932,0.0173734221607447,-0.00120502698700875,-0.0238694567233324,-0.013304814696312,-0.00307405181229115,0.0435796901583672,0.0373397879302502,-0.0134223699569702,0.00466630607843399
"cg14487131",0.318704038858414,-0.0809501782059669,-0.0138294892385602,0.259862214326859,0.00655118050053716,0.0541116967797279,-0.0282072499394417,-0.00206437590532005,-0.229582473635674,0.0173522382974625,-0.00847087893635035,-0.0159289464354515,-0.199597790837288,0.0199374053627253,0.0008948789909482
"cg00807871",0.366859257221222,-0.110864482820034,-0.050312016159296,0.0350142642855644,-0.0101353144273162,0.0725462138652802,-0.00015968520892784,0.100784011185169,0.0380340814590454,-0.0788607224822044,0.000550184340681881,0.0328288786113262,0.0681649222970009,0.0392351448535919,0.0178535412997007
"cg03232056",0.0673132315278053,0.106431744992733,0.0906816869974136,0.409222334623337,0.00221607973799109,-0.134250447154045,-0.220586687326431,0.145363122224808,0.0556851215660572,0.31189489364624,-0.00819164793938398,0.110110387206078,0.00152274465654045,0.0707173496484756,-0.149077847599983
"cg22434409",0.320163488388062,-0.0770313143730164,0.00339374039322138,0.292079657316208,-0.00291550788097084,0.0312593430280685,0.0454110726714134,-0.0499604307115078,-0.0925821587443352,-0.070645846426487,-0.00513485306873918,-0.00130041514057666,-0.20907735824585,-0.0313830599188805,-0.00523910764604807
"cg17983265",-0.266345232725143,-0.0813767611980438,0.00101172749418765,0.5068678855896,-0.00831413082778454,-0.0441353879868984,0.00064357795054093,-0.0779209360480309,0.0817757174372673,-0.113659925758839,0.00588756566867232,-0.00576398521661758,0.00221687951125205,-0.0110050225630403,-0.0983027964830399
"cg10864145",0.0284596774727106,-0.35191085934639,0.02710903249681,-0.0345383025705814,0.0310046803206205,-0.133803769946098,-0.174184113740921,0.0577765628695488,-0.0900590345263481,0.0060056303627789,-0.029060922563076,0.00139216554816812,0.145770952105522,-0.0209966097027063,-0.132879450917244
"cg08103988",0.157390922307968,-0.0444180108606815,-0.0146590238437057,0.00401206314563751,-0.000717693998012692,0.134938463568687,0.0576023757457733,0.140833750367165,-0.0441955849528313,-0.0629523172974586,0.01890654489398,0.0493112988770008,0.0423912145197392,-0.0212738830596209,0.00632554898038507
"cg01114088",0.404850006103516,0.0740921720862389,-0.000131049047922716,0.0984853953123093,-0.000361962709575891,0.0111567676067352,0.023718411102891,-0.0848634317517281,0.17864665389061,-0.182116702198982,0.00975890643894672,-0.0612834803760052,0.00182975956704468,0.0069306343793869,0.0384442061185837
"cg00895834",-0.148924559354782,0.0440849848091602,0.00406318344175816,0.530588924884796,-0.00274339481256902,-0.0587678775191307,0.107700534164906,7.78703251853585e-05,-0.0521319918334484,0.0948117822408676,0.00495486427098513,0.00163182290270925,0.0241606719791889,0.0108341509476304,-0.00320327351801097
"cg10294939",-0.0974053144454956,0.13339427113533,-0.0306115783751011,0.597512125968933,-0.00542426900938153,-0.110686555504799,0.00436191773042083,-0.0475070029497147,-0.0390680469572544,-0.0134729817509651,2.14464089367539e-05,0.0106092737987638,-0.012929966673255,0.0171272419393063,-0.0218967441469431
"cg04178787",0.408271789550781,0.158777847886086,0.000515075807925314,-0.000592377211432904,0.0062821339815855,-0.0774087384343147,0.13189585506916,0.0410798452794552,0.0422476343810558,-0.0762705057859421,-0.0384665690362453,-0.0393426083028316,0.0702433586120605,-0.0623231641948223,-0.0694893673062325
"cg11660879",0.231797426939011,-0.0740945041179657,0.0433370769023895,0.00205822335556149,-0.00423575239256024,-0.0176560021936893,-0.136911898851395,-0.0351288728415966,0.278692334890366,-0.0387560613453388,0.000320478080539033,0.0254020504653454,0.0512912608683109,0.127520397305489,0.0825729742646217
"cg07792871",-0.0160126108676195,0.0139032937586308,-0.00639314297586679,0.0350313186645508,0.0028898420277983,0.0126664228737354,-0.0526199229061604,0.00211836746893823,0.0115530788898468,0.0575561448931694,-0.0253556128591299,-0.0692584738135338,0.0177170354872942,0.0338365770876408,0.0346756428480148
"cg00442112",0.410239338874817,0.0498882122337818,0.000889082439243793,0.0826209262013435,0.000469730322947726,0.0452030338346958,-0.031422346830368,-0.0656834095716476,0.161268547177315,-0.178160712122917,0.0173630528151989,-0.0278174355626106,-0.00766581110656261,0.0157045237720013,0.00915085151791573
"cg11957331",0.360160976648331,-0.306543469429016,-0.00227652071043849,-0.0657287836074829,0.00433411449193954,-0.0875349789857864,-0.045442420989275,-0.0752869918942451,0.0896523222327232,-0.10269558429718,-0.00746047915890813,-0.0138255655765533,0.0632621496915817,-0.00483988365158439,-0.0503885596990585
"cg07687131",0.258552759885788,0.00541770458221436,0.00189957662951201,-0.00261563807725906,0.00250482861883938,-0.00554319703951478,-0.0684810951352119,0.188032865524292,0.0281984433531761,0.186455607414246,-0.0106976674869657,0.0178793650120497,0.187384724617004,0.0403778180480003,-0.0266762003302574
"cg00778995",0.406947731971741,-0.0145202651619911,0.00117889512330294,0.0924447029829025,0.0202991627156734,-0.0793792232871056,-0.0815010592341423,-0.0416464768350124,-0.135610193014145,0.0121205784380436,0.00444449903443456,0.0224472172558308,-0.0573990494012833,0.0335710383951664,0.0330525822937489
"cg04505435",0.380095809698105,0.259154707193375,-0.0218009483069181,-0.0145203368738294,-0.000211482649319805,-0.115084275603294,0.0407478362321854,0.049684826284647,0.0298601388931274,-0.0710182636976242,0.0161142256110907,0.00622362829744816,0.0230886824429035,0.0658920407295227,0.027895025908947
"cg18260625",0.312664061784744,0.0557424835860729,0.0107166822999716,-0.00985385663807392,-0.000561573659069836,0.164097040891647,-0.0561658591032028,-0.0106962630525231,-0.0189327988773584,-0.0107908677309752,-0.0035480884835124,-0.0147399287670851,0.0289967898279428,-0.093504935503006,0.0725949332118034
"cg07413251",0.402110874652863,-0.0670033916831017,-0.0101932231336832,0.127138078212738,0.0103294616565108,0.0117101678624749,-0.00410352693870664,-0.00291627645492554,-0.137814655900002,0.0726390853524208,0.00125010299962014,-0.0435958318412304,-0.0751009806990623,0.00139800598844886,0.0681274384260178
"cg23391785",0.420347362756729,0.184081315994263,0.000472376559628174,0.0186720173805952,0.00133581773843616,-0.0262753628194332,0.0700698494911194,-0.0499253123998642,-0.0900052785873413,-0.0203404109925032,0.00627189176157117,0.00816216692328453,-0.0574125945568085,0.00358541239984334,-0.000422500568674877
"cg23462514",0.263199269771576,-0.210659742355347,-0.0020151287317276,0.00312486104667187,0.0226805657148361,0.0167702343314886,0.0557580590248108,0.0899858623743057,-0.0157851316034794,-0.0958719998598099,-0.00997023191303015,0.0735072121024132,-0.0196376889944077,0.0527527071535587,-0.0609169565141201
"cg11157172",-0.239054784178734,0.0242598988115788,0.0333625040948391,0.361628830432892,-0.0038369323592633,0.318802148103714,0.110033392906189,-0.0215906947851181,0.100116066634655,0.127624198794365,0.00626324815675616,-0.000814868195448071,0.00711792660877109,0.0044650468043983,-0.0237320251762867
"cg18103859",0.313408225774765,-0.286399185657501,0.00164562754798681,-0.00903884880244732,-0.00478754797950387,-0.00307434005662799,0.0565995573997498,-0.123184233903885,0.160697728395462,-0.0049966094084084,0.0488745383918285,-0.0511814840137959,-0.0787017792463303,-0.0826568230986595,-0.0471254177391529
"cg02081701",0.302606552839279,-0.256345152854919,0.0102464640513062,0.0310677364468575,-0.00220421561971307,0.0393779650330544,0.0431213602423668,-0.146661341190338,0.0801055654883385,0.0437265709042549,-0.012506646104157,-0.0196014698594809,0.115066520869732,-0.0512908436357975,0.0240555796772242
"cg00405688",0.214465454220772,0.0272884890437126,0.120775908231735,0.180575460195541,-0.0400586277246475,-0.0166594982147217,-0.168524026870728,-0.147342681884766,-0.0620831660926342,0.111142061650753,-0.0786242485046387,0.109972588717937,0.0314737521111965,-0.0352290384471416,-0.00537449214607477
"cg02245004",0.337874233722687,-0.00148520932998508,-0.0212342850863934,0.0661320760846138,-0.00409755436703563,0.117004700005054,-0.10606974363327,0.079062357544899,-0.174386441707611,0.0981400161981583,0.018374839797616,0.0833927765488625,0.0423356257379055,0.0218871627002954,0.00190729869063944
"cg01754525",0.00611205538734794,-0.281099557876587,0.00365781434811652,0.385717749595642,-0.00286278431303799,0.00725140189751983,-0.0436822064220905,0.00826445315033197,-0.0370012335479259,-0.00340508203953505,0.000127137784147635,-0.0115604344755411,-0.019197266548872,0.00798539817333221,0.0117172067984939
"cg25908985",0.40785276889801,0.0054583209566772,0.000734388246200979,0.0715483948588371,0.00607219897210598,0.11663293838501,-0.0300169754773378,-0.00470237992703915,-0.163725137710571,-0.0123323956504464,0.0331223383545876,-0.0362442098557949,-0.101020492613316,0.0513378269970417,-0.00515287509188056
"cg04507515",0.370779424905777,-0.104702420532703,-1.51567865032121e-05,-0.00556289637461305,-0.00343313161283731,0.229435354471207,0.0173340458422899,0.0699663683772087,0.193494319915771,0.0701930150389671,-0.0270004812628031,-0.0197188332676888,0.0667002275586128,0.00304054236039519,0.0157113745808601
"cg16337185",-0.158837556838989,-0.0380622074007988,-0.000247656193096191,0.520299971103668,0.00189949502237141,-0.11813673377037,-0.0279957391321659,-0.0730668306350708,-0.0615969151258469,0.0373599380254745,-0.0111757284030318,-0.0683786794543266,0.0106486035510898,-0.0203226525336504,0.0579669028520584
"cg08315202",0.319008320569992,-0.295489817857742,0.00471499841660261,0.161491185426712,0.0070616090670228,-0.077672116458416,0.00128766847774386,-0.013265804387629,-0.176274850964546,-0.0568088665604591,-0.0493340194225311,0.00248241960071027,-0.146433606743813,0.00510461675003171,-0.00754345487803221
"cg10536999",0.290502846240997,0.261650621891022,0.149847999215126,0.0607751533389091,0.00391106773167849,-0.0247360542416573,-0.206315115094185,-0.0510870032012463,0.108254812657833,0.153137862682343,0.0251936856657267,0.0155559182167053,0.119469091296196,-0.0268541928380728,0.0012156997108832
"cg16924010",0.219670727849007,0.314414709806442,-0.0865366831421852,0.00283454405143857,0.0171612240374088,0.0859411582350731,-0.221429616212845,0.0678054690361023,-0.0403451658785343,-0.0593044050037861,0.0202477443963289,-0.0128097366541624,0.151128754019737,-0.142667010426521,-0.115002863109112
"cg19254906",0.396478891372681,0.0106574688106775,-0.00514952978119254,0.00262276036664844,0.00120666355360299,-0.0150403082370758,0.0693407282233238,-0.109622977674007,0.0385606661438942,-0.0230494122952223,0.0355145744979382,0.00185149116441607,0.168357580900192,0.104266114532948,0.00731693208217621
"cg07584066",0.30096036195755,0.0193561762571335,-0.00376081699505448,0.00076077418634668,0.0106982598081231,-0.0879311189055443,-0.0379135981202126,0.110468067228794,-0.0854333788156509,-0.099138043820858,0.0108208199962974,0.0182552505284548,0.0574499294161797,0.0152607588097453,-0.0297302454710007
"cg13930892",0.303398728370667,-0.149877429008484,0.000851653458084911,0.0701142027974129,0.00332197663374245,0.0210935994982719,-0.204928189516068,0.0576982274651527,-0.103883728384972,-0.0725830867886543,-0.0364207774400711,0.0547769777476788,-0.0202439352869987,0.0245757978409529,-0.0125456834211946
"cg03738384",-0.212266311049461,-0.188625171780586,0.0718387812376022,0.135221123695374,0.0100939925760031,0.178087517619133,-0.207039996981621,-0.0774994716048241,-0.0713935717940331,0.0635252147912979,0.0119873331859708,-0.0310396980494261,0.1733777821064,-0.0350013226270676,0.0715732350945473
"cg19310908",0.391117304563522,0.104729682207108,-0.00117703969590366,0.0171238239854574,0.0267814137041569,-0.0178199540823698,0.00537228910252452,-0.0675551146268845,-0.0425579659640789,0.0634876936674118,0.00219357316382229,0.0352535918354988,0.1493019759655,0.0287897195667028,0.00702264904975891
"cg17030173",0.117280393838882,-0.410191684961319,-0.00953873340040445,-0.0108556188642979,-0.00446310313418508,-0.0118794906884432,-0.0544671453535557,-0.0766172334551811,-0.235811844468117,-0.0884320661425591,0.0475132018327713,0.038513507694006,-0.00384738622233272,0.101257741451263,-0.00222822022624314
"cg14447606",0.336296021938324,-0.0296047981828451,0.0184827633202076,-0.000853687641210854,-0.0411796756088734,0.266650706529617,-0.0265126954764128,-0.00120515050366521,0.138224676251411,0.0155057003721595,0.0756175369024277,-0.0346337705850601,0.0934378132224083,-0.0352933704853058,0.113245144486427
"cg03779973",-0.346215397119522,-0.174643635749817,0.0520475134253502,0.13523156940937,0.0312986001372337,0.239102408289909,-0.0294758398085833,0.040766317397356,-0.132874384522438,-0.00880653318017721,0.0101061090826988,-0.00882356427609921,0.128933399915695,-0.0893638730049133,-0.0130780655890703
"cg21306240",0.321618765592575,-0.272894352674484,-0.001926135038957,0.0239186566323042,-0.012264677323401,-0.0569167621433735,0.0324628576636314,0.0117746787145734,-0.148350328207016,-0.0846294090151787,-0.00443714018911123,-0.0317921228706837,-0.077810563147068,-0.00014931004261598,-0.0101276887580752
"cg20308663",-0.335242509841919,-0.115053653717041,0.0475236587226391,0.113115072250366,0.00803940836340189,0.268514931201935,0.0211319141089916,0.0349740497767925,-0.145394936203957,-0.043742947280407,0.00833812914788723,-0.0244695842266083,0.0877929255366325,-0.0942488834261894,0.0152559131383896
"cg23663774",0.205635875463486,-0.353327929973602,0.0210852529853582,0.30476900935173,-0.0299696940928698,-0.0624825842678547,-0.128434121608734,-0.0991621315479279,0.0518183931708336,0.114426709711552,-0.00286758528091013,-0.0317924171686172,-0.095422625541687,-0.107804462313652,-0.0133950263261795
"cg08832906",0.362323045730591,-0.174700766801834,0.0545677095651627,0.0966132134199142,0.000699661148246378,0.114043965935707,-0.0185980945825577,0.0444524995982647,-0.20628459751606,0.0559577718377113,-0.0040160957723856,-0.00444475281983614,0.0171485282480717,0.00649053370580077,-0.00216673570685089
"cg16596604",0.400935530662537,-0.153605580329895,0.00522279972210526,0.0221504420042038,0.00516496272757649,-0.131217151880264,-0.000248770724283531,-0.0317547582089901,-0.00779618881642818,0.00483760284259915,0.00837479811161757,-0.019626073539257,0.00245817610993981,0.0418148562312126,0.0246132798492908
"cg27363829",0.282659739255905,-0.0132937673479319,-0.000802853784989566,-0.00402138102799654,-0.0030114718247205,0.179152399301529,0.0581857673823833,0.0671842768788338,-0.278042197227478,0.00410765781998634,5.20036264788359e-05,0.0375933945178986,0.0515880696475506,0.0152599532157183,-0.0938611552119255
"cg01735384",0.314464569091797,-0.130142167210579,-0.00196446594782174,0.197153016924858,-0.000259612279478461,-0.210405141115189,-0.00906146131455898,-0.0146425599232316,-0.134051725268364,-0.06797906011343,-0.00357062974944711,0.0178476870059967,-0.115411214530468,-0.0310582686215639,0.00959432777017355
"cg00960781",-0.282398164272308,-0.205085381865501,0.00566910533234477,0.125983029603958,0.00489399768412113,0.18608433008194,0.074944831430912,-0.00286638760007918,-0.151170834898949,0.106256864964962,-0.0329614542424679,-0.0204916149377823,0.100411593914032,-0.0139591936022043,0.0772289410233498
"cg23906738",0.342967063188553,-0.2427858710289,0.0136133143678308,0.090522825717926,-0.00499838637188077,-0.0433783940970898,0.0590322427451611,-0.00709833204746246,-0.103565745055676,-0.00142619293183088,-0.036554891616106,0.0243657231330872,-0.113285206258297,-0.0607665590941906,0.049348060041666
"cg15316843",0.27373880147934,-0.355312496423721,-0.000353126495610923,0.231516435742378,0.00288947275839746,-0.155945092439651,-0.0246035307645798,-0.0541969202458858,-0.0785430744290352,-0.0945442169904709,-0.00946219358593225,-0.00339894462376833,-0.144335046410561,-0.0396873727440834,-0.0226450376212597
"cg24843380",0.352341830730438,0.0987765118479729,0.000755147368181497,0.256400883197784,0.0252743791788816,-0.100594632327557,0.105943031609058,-0.0115944864228368,-0.0973527058959007,-0.110645711421967,0.0145941125229001,0.0254630725830793,-0.117258056998253,-0.0179450437426567,-0.0124221546575427
"cg26989202",0.372476398944855,-0.0185436401516199,0.000379062228603289,0.0206467881798744,-0.0178835503757,0.359489560127258,-0.0501263402402401,0.018032455816865,-0.0586601011455059,0.0174657627940178,-0.00923732854425907,-0.0109145017340779,-0.0968776941299438,0.0316955633461475,0.00269343727268279
"cg19488620",0.343469440937042,-0.0739569589495659,-0.0587877407670021,0.0478569567203522,-0.0142664294689894,-0.0584137514233589,-0.0419315509498119,-0.0946854501962662,0.0427972413599491,-0.046233031898737,0.0104388752952218,0.0490983203053474,0.111710496246815,0.00786806829273701,-0.0340654216706753
"cg24402300",0.226652786135674,0.176937967538834,-0.0263554323464632,0.0721122100949287,-0.00430120993405581,0.173332348465919,0.091570183634758,0.0370671302080154,0.104170769453049,-0.151417016983032,0.0346790216863155,0.0141932535916567,0.117889650166035,0.0197429284453392,-0.0250279884785414
"cg00627029",0.251012146472931,-0.117328450083733,0.0813806504011154,0.295074313879013,-0.0275401137769222,0.128269448876381,-0.073086753487587,0.111118763685226,0.0856954529881477,0.122773557901382,-0.0040667150169611,0.0082676000893116,0.0671475157141685,0.0116876186802983,0.147837981581688
"cg09980176",0.15088626742363,0.193801790475845,0.12256808578968,0.0702947452664375,-0.0393659807741642,0.0739308074116707,-0.18204839527607,-0.0131026823073626,0.0450951904058456,0.144198372960091,-0.00156115810386837,0.0274170450866222,0.221081107854843,-0.0360178090631962,-0.0165481399744749
"cg06500727",-0.173605710268021,0.0636252090334892,0.0135690262541175,0.5250164270401,-0.00140183314215392,0.00599172757938504,0.0026625928003341,-0.0894791036844254,0.208463981747627,-0.0848430544137955,0.0255042221397161,0.0068129887804389,-0.0111483735963702,-0.0824376121163368,-0.111477188766003
"cg19961228",-0.193272337317467,0.162276670336723,0.0137986419722438,0.48447397351265,0.0012926587369293,0.104617990553379,0.0701469630002975,-0.00850144308060408,0.141554459929466,-0.0740490406751633,0.0376012809574604,0.0245506335049868,-0.0486231632530689,0.0553115196526051,-0.0740752816200256
"cg07109453",0.235806152224541,0.196415260434151,-0.0318042784929276,-0.00154319079592824,-0.030707374215126,0.0130833517760038,-0.0158385187387466,0.431315273046494,-0.0195255782455206,-0.17234368622303,-0.049067884683609,0.00561475660651922,-0.0199741143733263,-0.00299647077918053,-0.0821584388613701
"cg07095230",0.208102837204933,0.150287598371506,0.0579176023602486,0.0976970195770264,-0.00776337599381804,0.15566773712635,-0.302881628274918,-0.0186557844281197,-0.120471782982349,0.257092237472534,0.0561962500214577,-0.00704225106164813,0.160068213939667,-0.0347607471048832,0.00506793800741434
"cg27252696",0.401087492704391,0.144196912646294,-0.0165308006107807,-1.71783685800619e-05,-0.0204684212803841,-0.0549780279397964,0.117860570549965,0.00439917575567961,0.0469486154615879,0.0257241912186146,-0.00872847437858582,0.00512202875688672,-0.0456638038158417,-0.0179263968020678,-0.0310954842716455
"cg26470101",0.394017547369003,-0.078021876513958,-0.00392518891021609,-0.0770387724041939,0.00460646254941821,-0.0302566438913345,-0.0300354771316051,-0.00974766630679369,0.0513282380998135,0.0137269468978047,0.0147605491802096,-0.0283718835562468,0.130258053541183,0.0311287362128496,-0.0383769050240517
"cg16100845",-0.146390125155449,-0.177843049168587,-0.0954433456063271,0.437615871429443,0.0501354821026325,-0.0523973181843758,0.0947464928030968,-0.0525522939860821,0.082855261862278,0.00763044692575932,-0.00225840136408806,-0.0765590146183968,0.0717960149049759,-0.112254232168198,0.11364583671093
"cg12070159",0.430124014616013,0.0967263653874397,0.000188745922059752,0.0524938143789768,0.00248046754859388,-0.0145149789750576,0.0511255115270615,0.055072121322155,0.0472789965569973,0.0200729481875896,0.0257924310863018,-0.00115918286610395,0.00379777164198458,0.0371489562094212,0.0913592875003815
"cg16504626",0.339937657117844,-0.240997239947319,-0.0100170765072107,0.225051149725914,0.00373233878053725,-0.128447160124779,-0.0706373453140259,-0.00584133341908455,-0.0538401305675507,-0.0157794188708067,0.000516225176397711,0.00825565867125988,-0.164639919996262,0.0297588706016541,-0.00173947762232274
"cg27477067",0.229233056306839,-0.0677507519721985,-0.000437327136751264,-0.0902533754706383,-0.0100545780733228,0.154632642865181,-0.0122242914512753,-0.145173102617264,0.0233502686023712,-0.25378292798996,0.00122975592967123,0.00811626948416233,0.0318494588136673,0.0510750822722912,-0.0621830150485039
"cg14557064",-0.165078446269035,0.0977735668420792,0.0132566457614303,0.521349847316742,0.017270328477025,0.0309866927564144,0.0483247861266136,-0.0898049622774124,0.17468573153019,0.0310279689729214,0.0155700221657753,-0.0071723205037415,0.0159630812704563,-0.0694620534777641,0.0352572128176689
"cg25464921",0.214515432715416,-0.250941306352615,0.00482583465054631,-0.00195177085697651,-0.00185150280594826,-0.215199649333954,0.102123469114304,-0.103847853839397,0.0223697032779455,-0.0389609336853027,-0.00969542190432549,0.0377201102674007,0.226095199584961,-0.0532696396112442,0.00653925770893693
"cg02343823",0.246390506625175,-0.0502684600651264,0.0156457312405109,0.198413103818893,0.0331512913107872,-0.0759922489523888,0.144272327423096,0.0945018082857132,-0.114708513021469,-0.219257786870003,-0.0182196274399757,-0.0546089597046375,-0.0518255680799484,-0.018009515479207,0.0316197350621223
"cg11716106",0.376208811998367,-0.0148436268791556,-0.00118489598389715,-0.00592335360124707,-0.0035783729981631,0.161000698804855,0.0748313218355179,-0.0379819385707378,0.274172365665436,-0.125569254159927,-0.0024373484775424,0.0152500327676535,0.134074881672859,0.0304713547229767,0.0962245091795921
"cg01097881",0.281058967113495,0.0197070483118296,0.02749914675951,0.123931139707565,0.0110931154340506,-0.0340282134711742,-0.064027912914753,-0.00833558384329081,-0.38023915886879,-0.0193228591233492,-0.0175689402967691,-0.0402706004679203,-0.0271431133151054,-0.0399644896388054,0.0435780324041843
"cg20944305",0.379111468791962,0.0432131178677082,-0.00191469839774072,0.0684173032641411,-0.00975255575031042,0.0744378194212914,-0.118288986384869,0.0728762671351433,-0.195535093545914,0.05697937682271,-0.000589966541156173,0.0107065923511982,-0.0965628102421761,-0.051374513655901,-0.0654180273413658
"cg22056094",-0.0499122105538845,-0.24365222454071,0.00824026763439178,0.336842387914658,0.00656061246991158,0.034922257065773,0.0317132845520973,0.0665914341807365,0.027805021032691,0.106477029621601,0.0095537519082427,-0.00476653315126896,-0.0782672464847565,0.0320402830839157,-0.0809273719787598
"cg11359133",0.218294575810432,-0.176545068621635,0.00288380146957934,0.209316492080688,-0.00926731340587139,-0.176414772868156,-0.0606028661131859,-0.0081572774797678,-0.18399803340435,0.0429533086717129,0.0191659480333328,0.00177839328534901,0.0784312263131142,-0.0563047081232071,0.0792566388845444
"cg10320410",0.209847405552864,-0.0699742212891579,-0.000691084947902709,-0.00453721219673753,9.66697625699453e-05,0.10448119789362,-0.00880995113402605,0.0843987539410591,0.11417955160141,-0.0144307473674417,0.0506152883172035,0.0395039990544319,0.0842735692858696,-0.00913117919117212,0.00804217346012592
"cg14464551",-0.163673087954521,0.0619909837841988,-7.85639058449306e-05,0.573350846767426,-0.00213697133585811,-0.0162811540067196,-0.00526592414826155,0.0113561768084764,-0.0993759110569954,-0.00915659219026566,0.00506399618461728,0.0153055395931005,-0.0259861685335636,0.0289927516132593,-0.0396003238856792
"cg00084338",-0.0603969171643257,-0.166724443435669,-0.0191041193902493,0.0597175098955631,-0.00188837549649179,-0.0841056182980537,0.126001626253128,0.119653269648552,-0.21165132522583,0.10829135030508,0.00845240149646997,-0.0110647566616535,0.315594226121902,-0.0830456987023354,0.0223431065678596
"cg10810394",0.006605030503124,0.326807707548141,0.0230709537863731,0.190820768475533,0.0390512645244598,0.0937347486615181,-0.0542022213339806,0.113129630684853,-0.172824174165726,0.0103424731642008,0.00204331637360156,0.011640727519989,0.261249184608459,0.0630030706524849,0.0374846011400223
"cg25078444",0.388933539390564,0.0599323809146881,0.0406024046242237,-0.0176999550312757,-0.004286487121135,-0.137474402785301,-0.0452578775584698,-0.0307842865586281,-0.115512326359749,0.0787992849946022,0.0417312309145927,0.0334318093955517,0.0145244840532541,-0.0306797530502081,-0.0386433191597462
"cg11452329",0.164388254284859,0.0215633027255535,-0.0462565720081329,0.414164572954178,0.0307969972491264,0.109136894345284,0.249110162258148,0.13042177259922,-0.103590369224548,-0.179936423897743,-0.0114462822675705,0.0137834558263421,-0.123413272202015,0.0306762866675854,-0.0400180406868458
"cg21233003",0.180272504687309,-0.206604555249214,0.02728570997715,0.0167132690548897,0.0085007157176733,0.146029621362686,0.095802515745163,0.021905243396759,0.0173019897192717,-0.0994921252131462,-0.0227617789059877,0.0915453135967255,0.141115963459015,0.0462879836559296,-0.0746885761618614
"cg09777525",0.373283058404922,0.024637358263135,-0.00293024862185121,0.0771367102861404,0.00132243079133332,0.0976166427135468,0.0183032378554344,0.0455680750310421,0.19571578502655,0.0547738447785378,1.44248369906563e-05,-0.0930968225002289,0.00812466256320477,-0.0234686974436045,0.10418339818716
"cg15963552",0.0980788245797157,-0.388343334197998,-0.00109036522917449,-0.0190991759300232,0.00596708385273814,-0.00175477331504226,-0.226931422948837,0.050082229077816,-0.104293905198574,0.0824632197618484,-0.0120159033685923,0.0137687847018242,0.192935571074486,-0.0266221072524786,-0.134474456310272
"cg20415170",0.373833686113358,0.0171143524348736,-0.00533677451312542,-0.00943945348262787,0.00316360965371132,0.153186216950417,-0.178264141082764,-0.00754681695252657,0.124049454927444,-0.0275731794536114,-0.00308605236932635,-0.0102380169555545,0.101051919162273,0.00504089519381523,-0.0160039141774178
"cg05377226",0.403261780738831,0.0337014086544514,0.000715962261892855,0.122780077159405,0.029117414727807,0.120813004672527,0.00936256442219019,-0.0681143701076508,-0.0559843592345715,-0.0158035606145859,-0.0247333832085133,7.05448258031538e-07,-0.126011878252029,-0.00612448016181588,0.0294370967894793
"cg08464190",0.253549069166183,-0.21205061674118,-0.0088927885517478,-0.0215032063424587,-0.0116704208776355,-0.074186235666275,-0.114904046058655,0.0128803113475442,-0.266738593578339,-0.0740221068263054,0.00907998997718096,0.00307018891908228,-0.0330933779478073,0.0308298133313656,0.015694372355938
"cg01445580",0.357338845729828,-0.112447738647461,-0.0242984928190708,0.0937973856925964,-0.0119128953665495,0.0844913646578789,0.0416857153177261,0.00905631389468908,-0.200271680951118,0.00414372980594635,-0.0306936055421829,0.00112202996388078,-0.082420326769352,0.0112641332671046,0.0719674378633499
"cg04550737",0.377478390932083,-0.0726433321833611,0.00157925521489233,0.0609126687049866,0.00400270102545619,0.0299011208117008,-0.00437671132385731,-0.0123175727203488,-0.0606795512139797,0.0201897844672203,0.0127681037411094,-0.011257765814662,-0.122206799685955,0.0279315896332264,0.0854189172387123
"cg21950459",-0.110481299459934,0.239383786916733,-0.0036162796895951,0.0499656274914742,-0.00578652787953615,0.0706352740526199,0.00781880225986242,0.0944255292415619,-0.126801982522011,0.0201479233801365,0.00288393814116716,0.00824097078293562,0.196067661046982,0.0352294929325581,-0.0160280093550682
"cg14278853",0.3234883248806,-0.229982629418373,0.0106334369629622,0.153911784291267,0.0155409472063184,-0.148100346326828,-0.0272752679884434,-0.0552225820720196,-0.0394346453249454,-0.0428897030651569,-0.00238076760433614,-0.00400711921975017,-0.0739633366465569,0.014450341463089,-0.00431503029540181
"cg06715136",-0.0723292082548141,0.189383313059807,0.050549041479826,0.463902711868286,-0.00319020287133753,0.0247954782098532,-0.0889724940061569,0.207897931337357,-0.0118815777823329,0.135534420609474,-0.0145099572837353,0.100499711930752,-0.0149253141134977,0.0607790760695934,-0.174861833453178
"cg20750832",0.269574075937271,-0.22075816988945,-0.00917197111994028,0.184072136878967,-0.0234783608466387,0.177755147218704,-0.117282792925835,0.185857877135277,-0.12311802059412,0.074420690536499,0.014918559230864,-0.00737608689814806,-0.0765496343374252,-0.000839392363559455,0.000287607370410115
"cg01736164",0.0104259876534343,-0.0146938413381577,0.131392329931259,0.450196206569672,-0.0215791221708059,-0.10346145182848,-0.0212286971509457,0.0691817998886108,0.163312196731567,-0.166240125894547,-0.0113301826640964,0.0784110501408577,0.017598282545805,0.0494412481784821,0.0841479003429413
"cg04140663",0.357369363307953,0.00560241239145398,-0.045974750071764,0.182500049471855,0.0262471027672291,0.00467233499512076,0.0200357399880886,0.100700363516808,-0.149480521678925,-0.017949964851141,-0.00764777371659875,-0.00308226700872183,-0.0558512881398201,0.034816849976778,-0.0614434145390987
"cg09641248",-0.313930511474609,-0.1836177110672,0.0315107814967632,0.365155637264252,0.0027562843170017,0.0206162948161364,-0.00244376878254116,-0.0577877350151539,0.0958122313022614,0.0182217359542847,0.000753417087253183,-0.0212884526699781,0.0627514868974686,-0.0420134589076042,0.00358331645838916
"cg21549195",0.294746160507202,-0.350610136985779,0.00405737664550543,0.00533973798155785,-0.00549974991008639,-0.106939151883125,-0.00469675054773688,-0.0924408733844757,0.00545124523341656,-0.0514287762343884,-0.00829301960766315,0.083276204764843,-0.0720136761665344,-0.00496780266985297,-0.0371279157698154
"cg24500294",-0.0960230305790901,0.0853361561894417,-0.0804270654916763,0.464675962924957,0.0179744437336922,0.115439474582672,-0.0399821363389492,0.237195789813995,0.0118271037936211,0.190833404660225,-0.0720853954553604,0.10843862593174,-0.0552694573998451,0.00176562275737524,-0.198356837034225
"cg04742780",0.354912966489792,0.0104760723188519,-0.00232576904818416,0.110455766320229,0.00361386500298977,0.0737059265375137,-0.0993916615843773,0.0335255563259125,-0.186837524175644,-0.0453031174838543,0.00246673100627959,-0.0157465878874063,-0.0637850537896156,-0.00584643892943859,-0.010045625269413
"cg09024126",0.374687135219574,0.113832071423531,0.0015217597829178,-0.0553464628756046,-0.0030353688634932,0.16102060675621,-0.0736226513981819,0.147515907883644,0.0476213581860065,0.0795765742659569,0.0480867214500904,-0.0382056273519993,0.126085788011551,-0.0337172821164131,-0.0722290948033333
"cg01587896",0.340797036886215,0.0194460842758417,0.000187779383850284,0.266799747943878,-0.00471915723755956,0.00319489720277488,0.0344444587826729,0.0232318192720413,-0.175817415118217,-0.0509892739355564,-0.0195944141596556,-0.0119987158104777,-0.174069553613663,-0.0370203219354153,-0.0141375102102757
"cg25453625",-0.11833169311285,-0.0456653386354446,0.0874056294560432,0.564267098903656,-0.0481765531003475,-0.220399171113968,0.0111020840704441,0.0274293925613165,0.0994338914752007,-0.0145061826333404,-0.0134240444749594,0.0746521577239037,0.0543823875486851,0.0309193339198828,0.00790788233280182
"cg25189564",0.28039738535881,-0.197705060243607,0.0229971203953028,-0.00860431417822838,-0.00654429569840431,0.213046178221703,-0.0960197150707245,-0.0828192085027695,-0.176499113440514,-0.229357585310936,-0.0138349840417504,0.0162331517785788,-0.140935003757477,0.0609844848513603,0.0155657017603517
"cg11203512",0.399174481630325,0.128570765256882,-0.00550589477643371,-0.0325887128710747,-0.00686970166862011,0.00673312274739146,0.0714571177959442,0.0440978109836578,0.0184995457530022,-0.0214685406535864,-0.00943492073565722,0.0330549404025078,0.0013337122509256,0.0474023260176182,-0.0200132895261049
"cg22865470",0.362835049629211,-0.153936937451363,-0.0011868680594489,0.000579469371587038,0.00758754974231124,0.0952842459082603,-0.042207557708025,0.0279558785259724,0.01309893745929,0.0452177748084068,-0.0194776766002178,0.025736890733242,0.0195138361304998,-0.0232333950698376,0.0122645804658532
"cg07458308",-0.0532058291137218,-0.116566732525826,0.141648575663567,0.114781446754932,-0.0113908257335424,-0.184798404574394,-0.0789660736918449,-0.169749543070793,-0.187554091215134,0.264257907867432,-0.008200878277421,0.0601967237889767,0.28220197558403,-0.110041037201881,0.000961956800892949
"cg24933645",0.372252106666565,0.125673100352287,-0.00107583974022418,0.000448755716206506,-0.0401765331625938,0.169372066855431,0.0561393909156322,-0.00603085057809949,-0.342767387628555,0.063632145524025,0.00756525853648782,0.00423979619517922,-0.00494252191856503,-0.0457413047552109,-0.0441537089645863
"cg00438215",0.201095312833786,0.0384848155081272,-0.00429455330595374,0.111983060836792,0.0119980508461595,-0.227201476693153,-0.0717843919992447,-0.0952523127198219,-0.0775865018367767,-0.089544415473938,0.0167165920138359,0.0514718294143677,0.173883706331253,-0.00953987333923578,0.0591268464922905
"cg14287235",0.414604187011719,0.126680567860603,0.0457755140960217,-0.0407624803483486,-0.00276112370193005,0.0345909856259823,0.0790030136704445,-0.0271014887839556,0.180574327707291,-0.0680497512221336,0.0346106551587582,-0.0119041036814451,0.0783943012356758,0.0510102063417435,-0.0785791128873825
"cg27518240",-0.33873125910759,-0.205155372619629,0.0587051585316658,0.149885356426239,0.00331967882812023,0.166890203952789,-0.0338063351809978,0.00619726488366723,-0.0510225892066956,0.123882949352264,-0.0416253358125687,0.0420036315917969,0.075776219367981,0.0501606240868568,0.0331963412463665
"cg18684142",0.170173719525337,-0.115085303783417,0.023134833201766,0.197878614068031,-0.0148465791717172,-0.0542836785316467,0.0279870666563511,0.224422827363014,-0.0656937435269356,-0.128013432025909,-0.0101485094055533,0.0919345170259476,0.115802459418774,0.0137358168140054,0.0405152328312397
"cg25153741",-0.0439554788172245,-0.0458143316209316,0.133695870637894,0.496510982513428,-0.00059532216982916,-0.102533623576164,0.152434185147285,-0.0912273749709129,0.176200419664383,-0.0759186297655106,0.00875784084200859,0.053376242518425,-0.00391728803515434,0.00121499609667808,0.10457719117403
"cg08163199",0.305903434753418,-0.103396371006966,-0.00725386710837483,0.00297966995276511,-0.0305875781923532,0.320458501577377,0.0309855230152607,-0.0726898238062859,0.0617477670311928,0.0611573904752731,-0.0108647868037224,0.00121056253556162,0.0777342319488525,0.0136127937585115,0.0029244595207274
"cg06023661",0.276319712400436,-0.0557220242917538,-0.0109175350517035,0.0148230865597725,-0.0131198680028319,0.172038570046425,0.132150784134865,-0.000509414821863174,0.0639546811580658,-0.211972936987877,-0.0191763937473297,0.0724104046821594,0.312681972980499,0.0246267467737198,0.0904029160737991
"cg01088410",0.32853165268898,-0.161873579025269,-0.00736005464568734,0.172133401036263,0.00382474390789866,0.04787727445364,-0.0143266636878252,0.00284699443727732,-0.0699322819709778,0.0656395256519318,0.0049972478300333,-0.0110727250576019,-0.112587943673134,0.027007918804884,-0.0041354401037097
"cg05649108",0.155233159661293,-0.406696170568466,-0.000388132990337908,0.240215480327606,-0.00396317895501852,-0.0501131229102612,-0.0963471159338951,0.0302492994815111,0.00127505220007151,0.0507457368075848,-0.0570549890398979,0.0443011783063412,-0.0355107486248016,-0.00106652604881674,0.0327344983816147
"cg17269633",0.323003530502319,0.0950514525175095,0.00153956422582269,0.082482784986496,-0.00882058776915073,-0.123572193086147,-0.0877875536680222,0.0213930737227201,-0.184242829680443,-0.0512082427740097,-0.00689851632341743,0.0144136780872941,0.146945267915726,0.00632916623726487,-0.00433703931048512
"cg10296799",0.145231127738953,-0.117181740701199,0.0544508025050163,0.0993236899375916,-0.0019536018371582,-0.203470721840858,0.254780143499374,-0.116141840815544,-0.216536983847618,-0.227121666073799,-0.0810848101973534,0.00581126008182764,0.259575635194778,-0.0662568956613541,-0.0587537512183189
"cg24686610",0.326056718826294,0.042009774595499,-0.0241831317543983,0.183524683117867,0.00116777094081044,-0.220853328704834,-0.0427503995597363,0.00381892407312989,-0.0215406119823456,0.057232853025198,-0.0111164646223187,0.0084669953212142,-0.0687723830342293,-0.00152091449126601,0.0960975959897041
"cg01268824",0.298761397600174,-0.314671576023102,0.000863300287164748,-0.0651155188679695,0.00663404632359743,-0.103120051324368,-0.013869415037334,-0.0632384046912193,0.0528839342296124,-0.0536278411746025,-0.01705008931458,-0.0160270445048809,0.106133185327053,0.0287503637373447,-0.00939511228352785
"cg10941566",0.324344485998154,0.0319883674383163,0.0194385945796967,0.109401382505894,-0.0169001668691635,0.210558578372002,0.0518806241452694,0.132520064711571,-0.203309163451195,-0.0561226382851601,0.00409368518739939,-0.000656483287457377,0.115521594882011,-0.0606144033372402,-0.0644010007381439
"cg07548607",0.388101071119308,-0.0573803633451462,3.35596341756172e-05,0.0285601690411568,-0.000790395075455308,0.187755048274994,-0.114328324794769,-0.000896543089766055,0.0154760349541903,0.0831020697951317,-0.0441646948456764,-0.0459085591137409,0.0666507855057716,0.00700224097818136,0.000199146350496449
"cg21277995",0.353002578020096,-0.128374934196472,-0.00284241861663759,0.252186506986618,0.00100093591026962,0.0673417970538139,-0.00175850442610681,-0.0545173287391663,-0.172357231378555,0.0491020753979683,-0.0121547523885965,-0.0195656772702932,-0.227567002177238,0.0161021519452333,0.027716152369976
"cg25307318",0.238516122102737,-0.124464206397533,0.0245947167277336,-0.0640437677502632,0.00354254990816116,0.0703672021627426,0.162848606705666,-0.153692170977592,0.0311608184129,-0.0437316037714481,0.0412768423557281,0.00369507074356079,0.188235595822334,0.0395390912890434,-0.0706367790699005
"cg18158151",0.250331073999405,-0.0719133988022804,0.00504828058183193,-0.00177903426811099,0.0250161942094564,0.0443851463496685,-0.117673024535179,-0.0768734738230705,0.100819706916809,-0.139828026294708,-0.062333419919014,0.00150707457214594,-0.0766566097736359,0.00188878877088428,-0.00115243846084923
"cg08304190",0.352142035961151,-0.190979957580566,0.000780708447564393,-0.0016882891068235,-0.00926521979272366,-0.131472989916801,-0.0278748609125614,-0.00850604940205812,-0.126126021146774,-0.102073058485985,0.00679110363125801,0.0620359741151333,-0.0570382811129093,0.0264959223568439,-0.0103949252516031
"cg22946219",-0.190588772296906,-0.146494060754776,0.0752743929624557,0.034559853374958,0.000873340060934424,0.344644486904144,-0.00537418574094772,-0.0234167855232954,-0.041556291282177,-0.0358427502214909,0.0274426564574242,0.00641750264912844,0.179119572043419,-0.0636389330029488,-0.0657703727483749
"cg04696181",-0.1854347884655,-0.0291587188839912,0.00215737288817763,0.556629836559296,-0.00534119084477425,-0.155804425477982,-0.019031872972846,-0.158681467175484,-0.0362872295081615,-0.10799915343523,-0.0179792121052742,-0.00828880816698074,0.016210712492466,-0.0352925285696983,0.0124376928433776
"cg10832239",0.0319924876093864,-0.0513709671795368,-0.0230764225125313,-0.00708740763366222,-0.0143253449350595,0.0223573055118322,0.0126885827630758,0.0291268527507782,0.00856991019099951,0.0466558001935482,0.0310438890010118,0.0119050806388259,-0.0513225458562374,0.00356618547812104,0.0186828505247831
"cg24331301",0.391163617372513,0.129543498158455,0.00109293940477073,-0.000877012615092099,0.0184637457132339,0.00345948059111834,0.168033733963966,-0.0930693671107292,0.00669665681198239,-0.0221572052687407,-0.024343790486455,0.00642544170841575,0.138055920600891,-0.0381936468183994,-0.00353864184580743
"cg23703633",-0.383477956056595,-0.262649208307266,0.000601586420089006,0.0764260366559029,0.0141568081453443,0.186652570962906,-0.0473980754613876,0.0132113359868526,-0.0636596903204918,-0.0198828056454659,0.00610966887325048,-0.065661683678627,0.0624877251684666,-0.111008867621422,0.00408885721117258
"cg21629500",0.291167765855789,0.00392034463584423,0.0147227458655834,-0.0108125563710928,0.00129184138495475,0.16537694633007,-0.0674548447132111,0.0112889669835567,0.156677380204201,-0.00366725050844252,0.0269724112004042,-0.0766364261507988,0.0448080562055111,-0.00938509032130241,-0.0943255499005318
"cg07302069",0.315197497606277,-0.108855061233044,0.0014827485429123,0.218863159418106,0.0391273871064186,0.077008530497551,-0.00184337969403714,-0.0146404672414064,-0.00270795868709683,0.107504166662693,0.00184663874097168,0.00862516835331917,-0.104374028742313,-0.0228875651955605,0.0179835222661495
"cg10505610",-0.278334081172943,-0.361099421977997,0.041088592261076,0.0535479672253132,-0.0235450752079487,0.0622808635234833,0.152663603425026,-0.06169817969203,-0.129082769155502,-0.0125745888799429,-0.0103404363617301,0.049764160066843,0.164520859718323,0.0416143722832203,0.0335145816206932
"cg04025049",-0.208345413208008,-0.0453901998698711,-0.0168440006673336,0.524457454681396,-0.0121051548048854,-0.114059068262577,-0.0627232417464256,-0.0954898595809937,0.0379330702126026,-0.13336643576622,0.046203974634409,-0.00367964874021709,0.0060659134760499,0.0585489794611931,0.0738716572523117
"cg15146859",0.352384209632874,-0.192292958498001,0.00179670401848853,0.151955813169479,0.0141885718330741,-0.004340467043221,-0.0612867102026939,-0.0522396862506866,-0.188336536288261,-0.012218021787703,-0.0216059181839228,0.0405519865453243,-0.136162683367729,0.0157880149781704,0.0792669430375099
"cg20801007",0.107585534453392,0.0170515347272158,0.0991949439048767,0.0617490522563457,-0.0255209021270275,0.0361577980220318,-0.0538981296122074,-0.209527194499969,0.077157087624073,-0.095152772963047,0.020906338468194,0.114753559231758,0.217326670885086,0.0910787135362625,0.0968109890818596
"rs654498",0.00555189419537783,0.0179572124034166,-0.00279878731817007,0.0136828646063805,-0.00036286620888859,-0.0678930655121803,0.0727865919470787,-0.004341677762568,-0.0298869572579861,-0.0199237745255232,0.0303188636898994,0.00410867668688297,-0.0337748490273952,-0.0193421375006437,0.00379761285148561
"cg22839075",0.391991645097733,0.0176255907863379,-0.0434412136673927,0.0724698603153229,0.00889575202018023,-0.0265244226902723,-0.0601371675729752,-0.0253376252949238,-0.0397177003324032,0.00909948721528053,0.00298847001977265,-8.08024560683407e-05,-0.030601417645812,0.0829384699463844,-0.0315745361149311
"cg03149565",0.344097226858139,-0.0760163962841034,0.000920303515158594,0.0765450894832611,0.00792339909821749,-0.0610305778682232,-0.0740770548582077,0.00270282453857362,-0.119402855634689,0.113539829850197,0.00176768773235381,-0.0140579054132104,0.0049930652603507,0.0116166044026613,-0.0805913805961609
"cg05127821",0.3613261282444,0.0264689512550831,0.0725385770201683,0.00607568584382534,0.00280153239145875,-0.0578632019460201,0.0138381933793426,-0.0825071334838867,0.0109221758320928,0.0312501639127731,0.012044963426888,0.0666834786534309,0.120790861546993,0.00980095099657774,-0.0847857818007469
"cg03970036",0.373890459537506,-0.201398700475693,0.00154545903205872,0.117900632321835,0.00274619879201055,-0.086798682808876,0.0748014748096466,0.0198892932385206,-0.0647655799984932,-0.0216231532394886,-0.0144964549690485,0.0113099841400981,-0.0307020656764507,-0.0106286518275738,0.0017864084802568
"cg11642891",-0.133137673139572,-0.0334670878946781,0.0357688553631306,0.0608320720493793,-0.017785057425499,0.039606649428606,-0.0198305994272232,0.047171413898468,-0.290210098028183,-0.0192231107503176,-0.000102211262856144,0.125841379165649,0.32474148273468,0.11097751557827,0.187034726142883
"cg12825070",0.325906753540039,-0.115651957690716,0.00322045455686748,0.107123628258705,-0.00862216111272573,0.260405600070953,0.00011090037151007,0.00529375439509749,-0.0904497355222702,-0.0157650820910931,-0.00497577665373683,-0.00651498651131988,-0.104157902300358,0.00934977456927299,-0.00633584940806031
"cg19047660",0.0660127252340317,-0.223393231630325,0.0420712679624557,-0.000386183004593477,-0.024197768419981,0.00527579337358475,-0.224716186523438,0.0866313427686691,0.0626758709549904,-0.190299645066261,0.0316583104431629,0.0236791241914034,-0.0200878903269768,0.051422443240881,-0.0170522183179855
"cg26818625",0.307975739240646,-0.222453311085701,-0.0333870872855186,0.174783080816269,0.00188550411257893,-0.172905370593071,-0.169049382209778,-0.0192786678671837,0.0407553650438786,0.0318477153778076,-0.0333750322461128,-0.0193049628287554,-0.0084845582023263,-0.00102951668668538,-0.0209517050534487
"cg04206484",-0.028682678937912,-0.186485126614571,0.0118018575012684,0.0297956485301256,0.00820516794919968,0.285724669694901,0.0109714167192578,-0.0449211671948433,-0.0886301770806313,-0.093982920050621,0.0421952307224274,-0.0144410580396652,0.237883418798447,0.0546409972012043,0.00760904466733336
"cg18401367",0.304745197296143,-0.284457743167877,0.00251477141864598,0.182955980300903,0.0339761190116405,-0.0929164588451385,0.0521743036806583,0.123066373169422,0.202121049165726,0.140169560909271,0.00096201675478369,-0.0129446778446436,0.000171208448591642,-0.0272475071251392,0.103121742606163
"cg18229178",0.292958080768585,-0.0551658682525158,-0.00213357666507363,-0.00517248967662454,-0.0160600133240223,0.0854406878352165,0.119648434221745,-0.0113335205242038,0.161364644765854,-0.189637005329132,-0.00488656805828214,0.125737190246582,0.0841933116316795,0.0394986793398857,-0.0038097258657217
"cg19129687",0.270159363746643,-0.0698375329375267,-0.193942800164223,0.0738468319177628,0.0507910847663879,0.366544812917709,0.126800522208214,-0.0164153091609478,0.189348757266998,-0.0647957175970078,0.00928641762584448,-0.0307262856513262,0.0976404175162315,-0.0996126681566238,-0.014552490785718
"cg21667878",0.355850338935852,-0.0775121748447418,-0.000243361762841232,0.0880475267767906,-0.00300226407125592,0.025812791660428,-0.0340591445565224,-0.0124667258933187,-0.159856677055359,-0.055530671030283,-0.00189125665929168,0.00184880930464715,-0.078664056956768,0.0290275327861309,-0.0325910001993179
"cg19664328",-0.27760323882103,-0.193730592727661,0.102658376097679,0.322127938270569,-0.0161421950906515,0.129122406244278,0.0513287223875523,-0.00176662160083652,0.160135015845299,-0.0322300121188164,-0.0121295861899853,0.00930657144635916,0.0872427374124527,-0.00270436820574105,-0.0064483480527997
"cg07916589",0.307580292224884,-0.22884076833725,0.0130640733987093,0.050557229667902,-0.00301706045866013,0.0912856906652451,-0.0130950408056378,-0.0384543724358082,0.0364013314247131,0.168662890791893,0.00741552747786045,0.0252012591809034,-0.0193494744598866,0.0413742065429688,-0.0752018466591835
"cg17985646",0.297633141279221,-0.0773557052016258,0.0032370830886066,-0.0521146729588509,-0.00216234521940351,-0.00398233067244291,-0.0883669257164001,0.0488763116300106,-0.189822837710381,-0.0300894901156425,0.00451783090829849,0.0153359286487103,-0.0136241419240832,-0.00790954288095236,0.0745512470602989
"cg09652652",0.313930869102478,0.0722023472189903,0.0945692956447601,0.0812511071562767,-0.00937278848141432,0.0829391777515411,-0.00920426566153765,-0.0397934801876545,-0.0304532125592232,0.0424192808568478,0.0339232720434666,0.0741215795278549,0.143908515572548,0.0299918353557587,0.023270059376955
"cg02864844",0.376495778560638,-0.0572448298335075,0.00142890692222863,0.00739786773920059,0.00747817615047097,0.244356289505959,-0.0348961390554905,-0.0868989899754524,-0.10594055056572,-0.00265826121903956,0.0027363111730665,-0.0110911801457405,-0.0637378916144371,0.0883845537900925,-0.0495775081217289
"cg26328510",0.359655112028122,-0.0184258837252855,-0.000383445527404547,-0.0518527515232563,-0.0179911125451326,0.184884250164032,-0.0733064636588097,-0.00453088339418173,-0.275528073310852,0.0028528212569654,0.00892729498445988,0.0243853852152824,-0.170353308320045,0.0177311953157187,0.0257597789168358
"cg03401096",0.331923395395279,0.018961800262332,0.000963852857239544,0.0873967185616493,0.00224640918895602,0.034128088504076,0.0491913929581642,-0.0659255459904671,-0.344351887702942,-0.00433400552719831,-0.0214587952941656,-0.0204603150486946,-0.151390612125397,-0.0285001881420612,0.019665664061904
"cg26978172",-0.136963039636612,-0.349433869123459,0.00812866725027561,-0.00541742285713553,-0.00692788325250149,0.224063560366631,0.13697461783886,0.0689107552170753,0.065851628780365,-0.0584782473742962,-0.040552843362093,0.0779129192233086,0.111053816974163,0.0343338213860989,0.0276130400598049
"cg08632388",0.278075098991394,0.0825910940766335,-0.000397125142626464,-0.0334236547350883,-0.00211863429285586,-0.0819243192672729,-0.058241955935955,-0.135637477040291,-0.0207965932786465,0.0872829109430313,-0.0402368418872356,0.0248170625418425,0.269506394863129,0.0496411919593811,-0.0225695259869099
"cg23011597",0.396181911230087,0.115211635828018,-0.0325888283550739,0.0364773124456406,0.00643859524279833,-0.0335493497550488,0.0713431909680367,-0.0603056959807873,-0.126073479652405,-0.0179602839052677,0.0148094659671187,-0.04604746773839,-0.0863488167524338,-0.0327901095151901,-0.0154560748487711
"cg26839871",0.417076945304871,0.125104397535324,0.00768740940839052,0.107870250940323,0.00364064262248576,0.0202463753521442,0.0622156374156475,-0.0696981027722359,-0.113442704081535,-0.0557091794908047,0.00243797665461898,-0.0210872963070869,-0.0616580992937088,-0.0215909145772457,0.0111101949587464
"cg10196720",0.36661621928215,-0.012174348346889,0.00136650400236249,0.000997624010778964,0.00309258559718728,0.0932946503162384,0.0311547573655844,-0.050287202000618,-0.175361499190331,0.103107966482639,-0.017351895570755,0.0528274960815907,0.0489049144089222,-0.0845137611031532,-0.0158529952168465
"cg14482902",0.330800890922546,0.226441532373428,0.00637644249945879,0.0466941669583321,-0.00296200509183109,-0.15790456533432,0.000517591135576367,-0.109468653798103,-0.0953828915953636,-0.0195381566882133,0.0315817482769489,0.0135667147114873,0.268007218837738,0.0919030010700226,0.0352313183248043
"cg23495748",0.357040345668793,0.0435897894203663,-0.000150989551912062,0.0644418969750404,0.00529452040791512,-0.0294936839491129,-0.00128118472639471,-0.0419847331941128,-0.271461933851242,-0.071954146027565,0.0084727555513382,-0.0596500746905804,0.0607493780553341,-0.0636289417743683,-0.0259781312197447
"cg04097639",0.3790263235569,-0.102766901254654,0.061150137335062,0.106163121759892,-0.00975295621901751,-0.0849723964929581,0.0519181005656719,0.0119419572874904,-0.090465284883976,0.0355972237884998,-0.0183394551277161,-0.0554033443331718,-0.0281159840524197,-0.0271252039819956,0.0495751574635506
"cg02478448",0.339239627122879,0.00156484125182033,0.00213502650149167,-0.0443522073328495,-0.00219882419332862,0.227634057402611,-0.0393326692283154,-0.0472721792757511,-0.242119312286377,0.000761556962970644,0.0315932519733906,0.028846001252532,-0.0833781510591507,-0.0210262443870306,-0.162569925189018
"cg00397324",0.283324986696243,-0.0301679335534573,-0.000597237725742161,-0.00233739824034274,-0.00029824351076968,0.195086851716042,-0.0114878853783011,-0.0605141334235668,0.0741523057222366,0.0138124832883477,-0.0136025911197066,-0.00235898117534816,0.151166960597038,0.0656682699918747,-0.00324395438656211
"cg26203572",-0.0471206419169903,-0.400301426649094,-0.0537370480597019,0.0299619995057583,0.0318409949541092,0.219122365117073,0.0844501852989197,0.180751144886017,0.0403269045054913,-0.0410364605486393,-0.10124634206295,0.0132994269952178,0.00565784610807896,0.00653179176151752,-0.0931833386421204
"cg10665891",0.226830095052719,0.189465031027794,0.135106310248375,0.09439467638731,0.00430779345333576,0.173329681158066,0.0826382264494896,0.113364487886429,-0.0351227335631847,-0.199327006936073,0.0350960120558739,-0.0298855639994144,0.237113922834396,0.0398892164230347,0.135094106197357
"cg21383810",0.366008341312408,0.00805758684873581,-0.00183721107896417,0.0747018754482269,0.0112758846953511,-0.0170331224799156,-0.0532744117081165,-0.00814924668520689,-0.105495385825634,-0.0532028675079346,0.0161088202148676,0.00381083972752094,-0.0382204353809357,0.00650515221059322,0.00856456998735666
"cg16322121",-0.180960476398468,0.0386309996247292,-0.00566385732963681,0.614579617977142,0.00552469491958618,-0.0770934745669365,-0.00360674108378589,-0.0609396733343601,-0.0201143100857735,-0.00468320352956653,-0.00785042252391577,-0.000988462474197149,0.0248533710837364,0.026466004550457,-0.0166153553873301
"cg00928596",0.198908284306526,0.339219808578491,-0.0309277661144733,0.0715604647994041,0.0614320561289787,0.0529590100049973,-0.270840346813202,0.0968075469136238,-0.0609523467719555,-0.0375212468206882,0.0495896860957146,-0.060111939907074,0.17790412902832,0.00172478309832513,0.0258273966610432
"cg15659132",0.339926898479462,0.0126078203320503,0.000418739451561123,0.0224483553320169,-0.00615169666707516,-0.198688954114914,-0.129363194108009,-0.0108894687145948,-0.0361504256725311,0.0389090776443481,-0.0474413633346558,-0.000395509414374828,0.102227427065372,-0.0107521042227745,-0.0265014693140984
"cg05804220",0.331375241279602,-0.0790358409285545,-0.00860569439828396,0.0101274084299803,-0.00496712978929281,0.325452625751495,-0.0571768879890442,0.068377397954464,0.075297549366951,0.0634998828172684,-0.0124529507011175,0.00298082805238664,0.00431467592716217,0.0433527678251266,0.062427707016468
"cg08908184",0.377107560634613,0.00655610719695687,0.0650419667363167,0.0662895888090134,0.00617181323468685,0.0713807642459869,0.0343954712152481,-0.0664085298776627,0.0305100288242102,0.10974108427763,0.0376340001821518,-0.0042214272543788,0.0423438772559166,0.0381859168410301,0.0485260933637619
"cg23884187",0.181774944067001,0.234462156891823,0.0928620994091034,0.00250070355832577,-0.000784746836870909,-0.0614135675132275,0.187369912862778,-0.337232261896133,-0.0896073505282402,-0.2399742603302,0.00977148953825235,0.0295070018619299,0.125900909304619,-0.0707850381731987,0.125900313258171
"cg19384241",-0.00441979011520743,0.00300310668535531,0.0109483813866973,-0.00690631289035082,0.000313119438942522,0.0222789421677589,0.0321671441197395,0.020106403157115,0.0379242226481438,0.0288289412856102,-0.0444769486784935,-0.0426013991236687,0.03480164706707,0.017946993932128,-0.0108619844540954
"cg18002126",0.148463636636734,0.120380505919456,0.033478531986475,0.196534693241119,-0.0209044236689806,0.211699992418289,-0.0292013976722956,0.18505422770977,0.10606986284256,-0.166993737220764,0.0122387791052461,0.0620386451482773,0.0826345682144165,-0.0556825585663319,0.157004594802856
"cg13065507",0.154584795236588,0.285958081483841,0.0347448885440826,0.00668292259797454,-0.0379818119108677,-0.0257373359054327,-0.109629012644291,-0.0701877698302269,-0.0158903412520885,0.0327682606875896,-0.00760217197239399,0.0258859563618898,0.0171251706779003,0.0167962275445461,0.0221038125455379
"cg26419584",0.100827217102051,0.10125969350338,0.06509630382061,0.14814031124115,0.0116569679230452,0.412665456533432,0.0608375333249569,-0.0102887181565166,0.0796394348144531,-0.140933811664581,-0.147798851132393,0.119187951087952,-0.0468954034149647,0.0451740808784962,0.0316873453557491
"cg08113245",0.375897079706192,0.139312252402306,-0.00847587175667286,0.00331162917427719,0.00556745892390609,-0.0919779986143112,-0.0892703533172607,0.0158509965986013,-0.0458928719162941,0.0507244728505611,0.00369881396181881,-0.0432618260383606,0.224525153636932,0.0311131477355957,-0.0391503572463989
"cg00063174",0.224113807082176,-0.286064594984055,0.00645791832357645,0.293856590986252,0.00297970394603908,-0.196688786149025,0.0106146847829223,-0.0531506277620792,-0.0397616662085056,0.0270905923098326,0.026430644094944,-0.0134060094133019,-0.0623001493513584,-0.00224623922258615,0.0432134456932545
"cg21865150",0.182815685868263,-0.42051500082016,0.000294880766887218,0.143579736351967,-0.0166343357414007,0.0458830036222935,0.0652839615941048,0.0785044431686401,0.179462522268295,0.232254981994629,0.0406865254044533,0.00749742006883025,-0.0646862909197807,-0.0991248413920403,0.00309132784605026
"cg16562730",0.361817091703415,0.232726618647575,-0.0199427269399166,0.00275116064585745,0.00361883314326406,-0.128224313259125,-0.0271643940359354,0.0335099846124649,0.0927089154720306,0.0417876802384853,-0.0134124467149377,-0.00327917304821312,0.105186432600021,0.0677193328738213,-0.0350340455770493
"cg08243728",0.331288456916809,-0.0188268907368183,-0.00539972493425012,-0.0756194889545441,0.00615011435002089,0.0526928156614304,0.0602242164313793,-0.0639696046710014,0.0424386821687222,0.000827749434392899,-0.0402473546564579,0.0682725980877876,0.191170439124107,-0.0868633165955544,0.00384858343750238
"cg04540383",0.367420643568039,0.100170835852623,-0.0308752115815878,-0.0453644469380379,-0.00463293865323067,-0.0858060196042061,-0.041270337998867,-0.0186555217951536,0.192978993058205,-0.0371195450425148,0.00215473072603345,0.0912565961480141,0.129580035805702,0.0639593526721001,0.0327678881585598
"cg00660167",0.0836465731263161,-0.0501427762210369,0.000675866031087935,0.0884929895401001,0.0319786667823792,0.253744006156921,0.0478477738797665,0.189606294035912,-0.135401770472527,-0.2709921002388,-0.00660119857639074,-0.000946146028582007,0.0144241685047746,-0.00665186578407884,-0.122793972492218
"cg16665866",0.15824531018734,0.107614129781723,-0.162006482481956,0.253269553184509,0.0132513176649809,0.222255602478981,0.0649783238768578,0.202494561672211,0.0936146676540375,-0.088884674012661,0.0655399858951569,0.00309387687593699,-0.087771825492382,-0.0291544031351805,0.0611367747187614
"cg19516279",0.337947249412537,0.183218941092491,0.00498734414577484,-0.0420474782586098,0.0498696528375149,-0.135062098503113,-0.0683242753148079,-0.00181233941111714,0.0362094864249229,-0.0689033418893814,-0.00287538557313383,-0.0436807759106159,0.109096482396126,-0.0682693868875504,-0.0419003032147884
"cg01594538",0.354381918907166,0.196143954992294,-0.0848740562796593,0.0192797984927893,-0.00235270941630006,-0.149187207221985,-0.180342137813568,0.0949077904224396,0.0953953713178635,-0.019900668412447,0.0468077138066292,-0.00188242236617953,0.0129971532151103,0.117664866149426,-0.000779234222136438
"cg20454073",0.382153064012527,0.15910080075264,-0.00578053155913949,-0.0323679968714714,-0.00230775261297822,0.0711292549967766,0.0335410796105862,-0.165878847241402,0.164162501692772,-0.146429434418678,0.0103708244860172,-0.0076296478509903,0.0120219374075532,-0.00386871653608978,-0.00304888794198632
"cg17214381",0.196329385042191,-0.361939489841461,0.00591677194461226,0.227161824703217,0.00388695602305233,-0.136199057102203,-0.0275806225836277,-0.0125570222735405,0.00154033163562417,0.0162971001118422,-0.0465780161321163,-0.0552304200828075,0.00189032766502351,-0.0791637003421783,-0.000665094354189932
"cg26647332",0.300307214260101,0.0365474484860897,0.021330501884222,0.0985845476388931,0.00292182434350252,-0.105666033923626,0.0503099896013737,-0.0569726713001728,0.13330839574337,0.12186735868454,-0.0057725366204977,-0.107361011207104,0.211604446172714,-0.0163869746029377,-0.00912749022245407
"cg26491818",-0.239349380135536,0.0481907837092876,0.00871943682432175,0.476355969905853,-0.00468830391764641,0.161310762166977,0.0964934229850769,-0.0537041574716568,-0.0737387761473656,-0.0452074781060219,0.0201021302491426,0.0054794424213469,0.0112596796825528,0.017845381051302,-0.0780034437775612
"cg19021412",-0.218330889940262,0.0682923123240471,-0.000760955328587443,0.549646258354187,0.00302506913430989,-0.00174819049425423,0.020145732909441,-0.058217391371727,0.137187108397484,-0.00484825391322374,0.030071672052145,0.0473010055720806,0.0482712537050247,-0.0475161261856556,0.00305704423226416
"cg16865446",0.20790621638298,-0.322983086109161,-0.00423565320670605,0.203388780355453,-0.0196026656776667,-0.278376936912537,-0.0716419517993927,-0.0180529989302158,-0.0986838713288307,0.091024674475193,0.00693015148863196,-0.0223436318337917,0.0411798842251301,0.0211087968200445,0.0205683074891567
"cg07931411",0.417322099208832,0.0431032963097095,-0.00193848018534482,-0.00145132746547461,0.00425518490374088,-0.0819659531116486,0.0547056645154953,-0.0474164448678493,0.11984821408987,-0.118308633565903,0.00799872446805239,0.0054819998331368,0.00862832181155682,0.0685257762670517,-0.00825570337474346
"cg10659382",0.335114061832428,-0.193479984998703,0.00380143756046891,0.112603239715099,-0.00468768691644073,0.111989051103592,-0.112132489681244,-0.0446649082005024,-0.178672254085541,0.0401780754327774,-0.0323592685163021,0.00463445065543056,-0.130041524767876,0.0363924391567707,0.049236323684454
"cg03555299",-0.143376380205154,-0.297605961561203,-0.16088230907917,0.0706707835197449,0.0303307007998228,0.252711713314056,-0.164971873164177,0.118795640766621,-0.051157034933567,-0.136240020394325,0.0175299029797316,-0.0814019069075584,0.174427524209023,-0.103749707341194,0.0236965920776129
"cg23642130",0.259543597698212,-0.268248647451401,0.0241123698651791,0.248817518353462,0.0284074731171131,-0.17016364634037,0.0147766955196857,-0.0599212795495987,-0.240689337253571,-0.0611772611737251,0.00226532248780131,0.000979747390374541,-0.069457583129406,-0.0207572150975466,-0.00485809752717614
"cg19186145",0.338040232658386,0.00299427029676735,-0.00499679706990719,0.0693108588457108,-0.0174605417996645,0.225550174713135,-0.0763405784964561,0.0444782376289368,-0.129967570304871,0.0470395870506763,0.0105409882962704,0.0121506350114942,0.0256008803844452,0.0118599478155375,0.0132353901863098
"cg00527489",0.353805273771286,0.0145115554332733,-0.010184402577579,0.176780372858047,0.0105399591848254,0.0698013082146645,0.0713365897536278,0.0337435826659203,-0.140297055244446,0.0627485513687134,-0.00267815007828176,-0.100786663591862,-0.00977669656276703,-0.0072544370777905,0.134327843785286
"cg09053680",0.348044186830521,-0.0857221782207489,0.0482593104243279,0.0386042855679989,-0.0137757593765855,0.0646688863635063,-0.0979986637830734,0.0170018225908279,-0.260611563920975,-0.104914173483849,2.94278070214204e-05,-0.00902230106294155,-0.0575664043426514,-0.0265105366706848,0.00138737785164267
"cg14367020",0.308558642864227,-0.299518793821335,0.000976394105236977,0.0291880443692207,0.000133626323076896,-0.102293200790882,0.0216739065945148,-0.0169462915509939,0.0120971761643887,-0.0242438707500696,0.000666228181216866,0.0388295389711857,-0.0628460347652435,0.0238531585782766,-0.10282114893198
"cg24645214",0.421696990728378,0.0933218598365784,0.00957376509904861,0.00592764746397734,-0.0026016787160188,0.0490150079131126,0.0988287106156349,-0.000680686847772449,-0.00175261846743524,-0.0795982554554939,0.010576325468719,-0.00956807937473059,-0.0255047511309385,0.033472515642643,0.0324807986617088
"cg10182317",0.31946012377739,-0.0702571123838425,0.000271624274319038,0.206026658415794,-0.000511449528858066,0.0123849604278803,0.109144233167171,-0.015827463939786,-0.207672759890556,-0.0255038347095251,-0.025295851752162,0.01511135045439,-0.147073119878769,-0.00081950961612165,-0.0217743068933487
"cg07931391",0.387706816196442,-0.104877427220345,0.00692881876602769,0.0876355022192001,0.0162081476300955,0.0173302348703146,0.0367818586528301,-0.00255652447231114,0.0806381776928902,0.0800462141633034,0.0144095653668046,0.0538498610258102,0.00405127834528685,-0.0156278256326914,0.0217500887811184
"cg24898738",0.0183622520416975,-0.207394003868103,-0.00862719211727381,0.264611691236496,0.0299064107239246,0.120203092694283,0.0363923944532871,0.0344282649457455,-0.164252713322639,-0.123979821801186,0.00835367478430271,0.0560876093804836,-0.0365380831062794,-0.0187742840498686,-0.0481872446835041
"cg00602115",-0.344699591398239,-0.27717998623848,0.0659703314304352,0.0584255047142506,0.0202432554215193,0.193811878561974,-0.00726120360195637,-0.0827675610780716,-0.0535756386816502,0.0693713873624802,0.0198670085519552,-0.109058201313019,0.0698240026831627,-0.0192220844328403,0.00281817116774619
"cg25385940",0.240958616137505,-0.0244071390479803,-0.00256801582872868,-0.0573802329599857,-0.00848539266735315,0.126286119222641,-0.0521769300103188,0.254705041646957,0.157566606998444,-0.134805500507355,-0.0121298348531127,-0.0138653004541993,-0.0660137683153152,0.0547624640166759,-0.0468153916299343
"cg03544320",0.27619794011116,-0.221834138035774,0.0680688545107841,0.0109214633703232,-0.00444384617730975,-0.00877745170146227,-0.0746494382619858,-0.00197274354286492,-0.284509122371674,-0.175414100289345,-0.0220519863069057,0.0291438587009907,0.00607934268191457,-0.0543037876486778,-0.0775864869356155
"cg00450824",0.393827348947525,0.0856885015964508,0.00967530813068151,0.016265882179141,-0.0038083465769887,0.187492072582245,0.0216982383280993,-0.0636797323822975,-0.165816530585289,0.0147478543221951,0.00200242549180984,-0.079082764685154,0.0185996759682894,-0.0160404425114393,-0.0437657833099365
"cg25816268",-0.185192510485649,0.0124536985531449,-0.00105276878457516,0.619041442871094,-0.0133650209754705,-0.091927245259285,0.0202815029770136,-0.132399365305901,-0.0788414105772972,-0.0547988191246986,0.00673799635842443,-0.0278475023806095,-0.0562274493277073,0.0267504528164864,-0.161148235201836
"cg14029489",0.299443185329437,-0.138399615883827,0.0777367651462555,0.0360050015151501,-0.00705466093495488,0.264246225357056,-0.183029189705849,0.0805914774537086,0.0950752943754196,0.124130420386791,0.00318407965824008,0.00509185157716274,0.0698947235941887,-0.0650033131241798,0.0178063772618771
"cg17080335",-0.235880583524704,0.0704068094491959,0.0753199011087418,0.43973433971405,-0.0107602020725608,0.216187015175819,0.0548209622502327,-0.0284702070057392,-0.036528367549181,-0.0834529623389244,-0.00531985238194466,0.0061286548152566,-0.00489516649395227,0.0124971130862832,-0.0693353787064552
"cg22876812",0.337313741445541,0.0652927458286285,0.0164605155587196,0.00686792051419616,-0.00300579587928951,0.121080480515957,-0.0890676975250244,-0.0011900634272024,-0.084639735519886,0.106259994208813,0.00277396477758884,0.0172573979943991,0.130864903330803,-0.0459910221397877,0.0180629044771194
"cg07810039",0.396724045276642,0.268000274896622,-0.000139642303111032,-0.0158490352332592,0.000519103254191577,-0.138260126113892,0.0741071775555611,0.0572788678109646,0.0720202550292015,-0.0274415500462055,-0.0393325574696064,0.0440117605030537,-0.0167491734027863,0.044274739921093,-0.00869274232536554
"cg07277756",-0.0889807939529419,0.22700060904026,-0.0307840798050165,0.0923482105135918,0.0509719736874104,0.23437711596489,0.0523435957729816,0.132129818201065,-0.147041097283363,-0.0446303263306618,-0.00439042085781693,-0.0104957688599825,0.0127402385696769,0.0250139497220516,0.0357614047825336
"cg09232555",0.0973887369036674,-0.137793853878975,0.0716951191425323,0.277084708213806,-0.00215158448554575,0.0505670048296452,-0.16585710644722,0.0462187826633453,0.224992156028748,0.10203592479229,-0.00702185370028019,0.082279346883297,0.132311806082726,0.0633587166666985,0.0105353957042098
"cg13453904",0.313708305358887,-0.0181773658841848,0.0214364528656006,0.103308647871017,0.00743628432974219,-0.359866827726364,-0.0634752884507179,-0.0720167383551598,0.159988224506378,-0.0927553102374077,0.0548397339880466,0.0108044017106295,-0.0192514825612307,0.0134474197402596,-0.093708373606205
"cg19901801",0.382401794195175,-0.0321369171142578,0.00242738332599401,0.14783488214016,0.01576853916049,-0.00204058201052248,0.00333642121404409,0.02175004594028,-0.216720029711723,-0.0104374894872308,-0.0176012851297855,-0.0233946796506643,-0.00347060337662697,0.00322098680771887,0.0658969581127167
"cg27277463",0.347572296857834,-0.17672199010849,-0.0038457044865936,0.133393511176109,0.00783506315201521,0.0843723118305206,0.0488701723515987,-0.0239052549004555,-0.146394670009613,0.0791031718254089,-0.011804798617959,0.0139194177463651,-0.0877456516027451,0.014951316639781,0.0194485001266003
"cg16104384",-0.21741808950901,0.0265788808465004,0.0661067292094231,0.407146513462067,0.00823533721268177,0.233298972249031,0.142603814601898,0.059006579220295,0.101420015096664,-0.0109182968735695,0.0341779105365276,-0.00488537410274148,0.0374013669788837,-0.0325793474912643,-0.0721709430217743
"cg12072262",-0.148402169346809,0.1382105499506,-0.000911501061636955,0.435491919517517,-0.00134871760383248,0.139637917280197,-0.200986415147781,0.0545135177671909,0.0551580339670181,-0.0418838486075401,-0.0160919539630413,8.86236921360251e-06,0.0322708077728748,-0.000241485991864465,0.0897988602519035
"cg07014673",0.383025467395782,-0.0463014841079712,1.02966023405315e-05,0.071028895676136,-0.00452296389266849,0.0208260007202625,0.0640822574496269,0.00681236339733005,-0.110462583601475,0.11705220490694,0.00478957733139396,0.0234696678817272,-0.0456852205097675,-0.0246127340942621,0.0695222616195679
"cg24311564",-0.241140559315681,0.0342836417257786,0.0504538863897324,0.499678403139114,-0.00537510123103857,0.0969697535037994,0.0300241596996784,-0.0739251673221588,-0.006975123193115,-0.0818649455904961,-0.00324672227725387,0.00129624782130122,-0.00234773801639676,0.0199603121727705,-0.11944667994976
"cg17399362",0.344437181949615,-0.117256984114647,0.00869528297334909,-0.0284890923649073,-0.00576341431587934,-0.0060711563564837,0.0837068408727646,-0.144127428531647,0.120795749127865,0.0282603595405817,-0.0387241803109646,0.00398811558261514,0.164489090442657,-0.0306164883077145,-0.0130830239504576
"cg02772121",0.0593436136841774,0.273379921913147,-0.145632728934288,0.154824510216713,0.029630359262228,0.131413534283638,-0.217243254184723,-0.0927729457616806,-0.0557140372693539,0.00575491413474083,0.0238900482654572,-0.0908978581428528,0.162591502070427,0.00199253181926906,-0.0034419815056026
"cg05447008",0.333575755357742,-0.029844282194972,0.00585697777569294,0.0989142656326294,-0.0267010610550642,0.148711025714874,-0.0410438291728497,-0.0879507809877396,0.00663472292944789,0.104543164372444,-0.00774512998759747,-0.0089626619592309,0.199497044086456,-0.0810826644301414,-0.0667165219783783
"cg22009464",0.300946801900864,0.0851390212774277,-0.00422818213701248,0.0935860127210617,0.0045851836912334,-0.0461164712905884,0.132094517350197,0.0846480578184128,0.0106406109407544,-0.156941264867783,-0.062557078897953,-0.0778287798166275,0.135963618755341,-0.0128798568621278,0.0536648407578468
"cg21981270",0.344218224287033,0.032524473965168,-0.00793937966227531,-0.00189780967775732,-0.00527259800583124,0.147810041904449,0.0230955593287945,-0.0474306121468544,0.260303735733032,-0.0243065766990185,0.0047099688090384,-0.0131765147671103,0.0182693023234606,0.00903174467384815,-0.00878372602164745
"cg04111789",0.294583737850189,-0.0120670581236482,-0.00620511686429381,-0.0575556941330433,-0.00641896668821573,0.168102711439133,-0.0837735757231712,-0.143690228462219,0.10983544588089,-0.117072366178036,-0.00153866747859865,0.0239666048437357,0.126336753368378,0.0644356161355972,0.00559037877246737
"cg25896644",0.308700084686279,-0.182657524943352,-0.00524334516376257,0.14955723285675,0.00562738953158259,-0.118834748864174,-0.0379293859004974,-0.0949312672019005,0.219500109553337,-0.00998274423182011,0.0279519017785788,-0.00479805283248425,0.0124508766457438,0.0305118672549725,0.0870215967297554
"cg12824796",0.363047629594803,-0.000753795087803155,-0.000631403236184269,0.156638845801353,0.0221797116100788,0.0241732839494944,-0.00731905270367861,-0.00442848447710276,-0.178012564778328,0.0364924892783165,-0.015334140509367,-0.0043171476572752,-0.064800888299942,0.00357086188159883,0.0485729984939098
"cg11903133",0.347927808761597,-0.188999846577644,-0.00633825547993183,-0.0364502035081387,-0.000348559959093109,0.0608250088989735,-0.00356300943531096,-0.0476696081459522,0.109547272324562,0.0529058389365673,-0.0160527694970369,0.0588496215641499,0.100992560386658,-0.00326421018689871,-0.0930866673588753
"cg09179211",0.281518280506134,0.14021934568882,0.00789737887680531,0.0370847657322884,-0.000346158805768937,-0.0800032094120979,0.0973034203052521,-0.0743447840213776,-0.0422118306159973,0.102885290980339,-0.0110236695036292,0.0615688748657703,0.233379244804382,0.0313351303339005,0.0268406011164188
"cg22035501",0.276505082845688,-0.041746512055397,0.00153962254989892,-0.0881128534674644,0.0183397382497787,0.161279156804085,0.0882368236780167,-0.105021752417088,0.063900463283062,0.0522327274084091,-0.0660378560423851,0.000178177448105998,0.120477445423603,0.00306637049652636,-0.0328727476298809
"cg08439930",0.255066215991974,-0.195614263415337,0.001656080246903,0.0662543177604675,0.008582953363657,0.0494188070297241,-0.133592635393143,-0.00697238463908434,-0.160606771707535,0.0227650310844183,0.0191842094063759,0.0120473001152277,-0.0400455333292484,0.108043417334557,-0.0959598198533058
"cg00937286",-0.21955244243145,-0.0960708186030388,0.054560698568821,0.308243304491043,0.00549037242308259,0.044278547167778,-0.0796595737338066,-0.00643222080543637,0.174886897206306,0.10506384074688,-0.00637020263820887,-0.125064224004745,0.0515098869800568,-0.0935517773032188,0.0658255442976952
"cg08992360",-0.17786268889904,0.0567728020250797,-0.00873858015984297,0.559992849826813,-0.0362040102481842,-0.0438758507370949,0.00678022019565105,-0.136037811636925,-0.0113162808120251,-0.0720741227269173,7.66369994380511e-05,0.00647054333239794,-0.0283502452075481,0.000661041121929884,-0.135815903544426
"cg03048654",0.289886921644211,-0.129891246557236,-0.0344944335520267,0.157140716910362,-0.0250949934124947,-0.0409627594053745,-0.0535982474684715,-0.00832895096391439,0.00957514438778162,0.137348622083664,-0.0139314029365778,0.0274572875350714,0.0114047788083553,-0.0763764828443527,0.0399654097855091
"cg10020892",0.217529326677322,0.283255100250244,-0.0641830563545227,0.121239244937897,0.0693151205778122,0.0524554960429668,0.00055542920017615,-0.130443155765533,0.0920083373785019,0.10949195176363,-0.0530698746442795,0.00192446878645569,0.06728395819664,-0.0443755313754082,0.0883781537413597
"cg18617005",0.193429350852966,-0.366442978382111,-0.000463154108729213,0.119413793087006,0.0134533867239952,-0.0748486593365669,-0.0146855497732759,0.0120049109682441,0.0676661878824234,0.0333734378218651,-0.00297517143189907,-0.0198142752051353,-0.0559949204325676,-0.0296425390988588,-0.0427458807826042
"cg00056066",0.30154088139534,0.0305796228349209,0.0276624541729689,0.0101738348603249,0.0082137156277895,0.121959611773491,0.302903354167938,0.0876529142260551,0.0260539222508669,-0.0728630349040031,-0.000943114049732685,0.00806458853185177,0.147570833563805,-0.0982283055782318,-0.102974101901054
"cg24495585",0.209649547934532,-0.414854615926743,0.0291124731302261,0.220869198441505,0.00532276555895805,-0.201552078127861,-0.0429317951202393,-0.0547222122550011,0.111692883074284,-0.0495440103113651,-0.0644190385937691,-0.0164840687066317,-0.0619875527918339,-0.0160985495895147,0.110894769430161
"cg15549700",-0.144061535596848,0.133013039827347,-0.0015019333222881,0.534353733062744,-0.00332259084098041,0.0585233718156815,-0.088552251458168,0.0400964841246605,0.104411289095879,-0.0543558783829212,-0.0204570572823286,0.0339118503034115,-0.0572511330246925,0.021793507039547,-0.0432775244116783
"cg14399930",0.197984352707863,-0.210813999176025,-0.0135477082803845,0.078176386654377,0.00707838917151093,0.0505694262683392,-0.0220807194709778,0.0277162082493305,0.0440449789166451,0.0329349376261234,-0.0032208077609539,0.0259747486561537,0.146727621555328,0.0441657081246376,0.0301793497055769
"cg15247111",0.352880120277405,0.0193757936358452,0.0112211089581251,0.111021973192692,-0.0104210702702403,0.238236844539642,0.0474897921085358,-0.00555395800620317,-0.101331226527691,0.109148375689983,-0.0081795658916235,-0.0676146894693375,-0.0148386107757688,-0.0144856460392475,0.0493813753128052
"cg24045038",-0.260643929243088,-0.0590786635875702,-0.00228436407633126,0.50283020734787,-0.000703177822288126,0.0584198459982872,-0.0647532045841217,-0.0563069358468056,0.0952999889850616,-0.0318105034530163,-0.00235362886451185,0.0407078862190247,-0.00992841087281704,0.0599491074681282,-0.104246579110622
"cg03900143",0.373969942331314,0.0534818954765797,-0.0270991772413254,0.0970117226243019,-0.00697476323693991,-0.0612407475709915,0.00465264171361923,0.0770529508590698,-0.0618084743618965,0.00113065040204674,-0.00383167108520865,0.000861467909999192,-0.0524460040032864,-0.0594603270292282,0.0401805192232132
"cg26010218",0.290508508682251,0.140318840742111,-0.0239857621490955,0.12488167732954,0.0517100095748901,0.101729929447174,0.219874799251556,0.20648954808712,-0.0596971400082111,-0.103800684213638,0.00175867159850895,-0.0973324626684189,0.247968927025795,-0.0577159188687801,0.0256332103163004
"cg13985135",-0.386026233434677,-0.25114905834198,0.0311941299587488,0.0561997443437576,-0.00283540459349751,0.227552473545074,0.00305612827651203,0.00244629615917802,-0.0472648628056049,-0.0297631863504648,-0.001159792765975,-0.0722749307751656,0.0612274743616581,-0.0880277454853058,-0.00160336564294994
"cg10321156",0.325430661439896,0.0361914113163948,0.00198817509226501,0.0345437228679657,-0.0400751195847988,0.154898211359978,0.0336480401456356,0.0702404454350471,0.15707840025425,-0.210436701774597,-0.0358625389635563,-0.0047316811978817,0.161688610911369,-0.100347094237804,-0.00629751617088914
"cg26161708",0.000507709570229053,-0.10837971419096,0.0357834622263908,0.00820869393646717,-0.0180496424436569,0.00991202425211668,0.247478634119034,0.00236027012579143,-0.292600125074387,-0.111254148185253,-0.0117390500381589,0.0112623032182455,0.314869731664658,-0.0598682127892971,0.113892011344433
"cg02837536",0.0653199627995491,-0.0168084353208542,0.0873885378241539,0.365758538246155,-0.0301194060593843,-0.00944659672677517,-0.220918163657188,-0.063676044344902,-0.0169476885348558,0.027196554467082,-0.0450167246162891,0.0470973029732704,0.0758488848805428,0.0250429082661867,0.00253450521267951
"cg15788369",0.182514771819115,-0.181004196405411,-0.0792594477534294,0.312839925289154,0.0484726317226887,-0.00110850331839174,0.0499631837010384,0.116653867065907,-0.142464280128479,-0.139587476849556,0.00542980199679732,-0.0805121213197708,-0.0332262776792049,0.0386620424687862,0.01197081618011
"cg11367259",0.013152782805264,0.251278728246689,-0.000789373239967972,0.2522352039814,0.0446714647114277,-0.0969083085656166,-0.18903960287571,0.0847504734992981,-0.0516518987715244,0.0822960585355759,-0.0356793776154518,-0.0678253024816513,0.129304125905037,-0.0498656556010246,0.0756088495254517
"cg14657277",0.386317223310471,0.183091372251511,-0.0307936165481806,-0.0116558149456978,0.0145012456923723,-0.0953284054994583,0.0864949226379395,-0.031878549605608,0.0411364287137985,0.00656725838780403,-0.0371534116566181,-0.0570233389735222,0.0814905390143394,-0.0834584608674049,-0.051608107984066
"cg07171527",0.292299658060074,0.108902752399445,0.0979522839188576,0.052826177328825,-0.000527732889167964,0.0614599026739597,0.0493989400565624,0.0559120513498783,0.0632456541061401,-0.20386691391468,0.0401744693517685,0.00731567991897464,0.250737100839615,0.0199707914143801,-0.089349277317524
"cg23687466",0.196656361222267,-0.127407357096672,0.0644536316394806,-0.00865151826292276,0.00033764453837648,0.175164937973022,0.0845665037631989,0.0636571645736694,0.0848175287246704,-0.267174243927002,-0.0857426673173904,0.0936117097735405,0.182659491896629,0.0252610947936773,0.0304024517536163
"cg07075238",-0.00073049176717177,-0.0366168171167374,0.100723706185818,0.39461624622345,-0.00733549939468503,0.0615151561796665,0.0318778119981289,0.236435815691948,0.211841031908989,0.140192583203316,0.0540525168180466,0.00547539722174406,0.0122472969815135,-0.010916537605226,0.0368978381156921
"cg04638468",0.421231031417847,0.0292681790888309,0.00179479515645653,0.107888713479042,0.0143908625468612,0.0575532130897045,0.0342961996793747,-0.0366197191178799,-0.0530784726142883,0.0329232774674892,-0.0113558061420918,-0.0375662222504616,-0.107715293765068,0.0180334877222776,0.0290659330785275
"cg27183188",0.209521695971489,0.109247721731663,-0.00830541271716356,-0.00710526155307889,-0.00375239085406065,-0.161477625370026,0.124198719859123,-0.150930464267731,-0.167074128985405,-0.0365802422165871,0.0109238186851144,-0.0595862157642841,0.296821117401123,-0.0799408331513405,-0.0091447988525033
"cg18905461",0.344870001077652,-0.123439572751522,0.000224000235903077,0.127010807394981,-0.00342063256539404,-0.0471818558871746,-0.0365769118070602,-0.0127315111458302,-0.0807023867964745,0.0161283724009991,0.00466729840263724,-0.0803205743432045,-0.0645402520895004,0.0375157371163368,0.0747253373265266
"cg26022183",0.156403765082359,-0.0327847041189671,0.0728844627737999,0.0100451046600938,-0.0134136322885752,0.164340868592262,0.0570502653717995,-0.123375467956066,0.039838619530201,0.13232533633709,0.00691342540085316,0.00109967717435211,0.222816005349159,0.0537655875086784,-0.0386542789638042
"cg01135464",0.21380552649498,0.199946120381355,-0.192561790347099,0.00604212563484907,0.000330021575791761,0.165656208992004,0.0756482630968094,0.222447976469994,0.0158772878348827,-0.195546060800552,-0.0251894555985928,0.0776993632316589,0.0309258569031954,0.0439370945096016,0.0113366339355707
"cg09873164",0.312395513057709,-0.118321612477303,0.00259946589358151,0.197740271687508,-0.00736206583678722,0.112300135195255,0.044233214110136,0.00564227206632495,-0.240032732486725,0.116418957710266,0.00173173053190112,-0.0602671094238758,-0.119593173265457,0.0129457460716367,0.00160154397599399
"cg08880849",0.145321652293205,-0.177470162510872,-0.0598061196506023,0.0400972217321396,0.00459106545895338,0.159054428339005,0.144308030605316,0.02617097645998,0.0835880786180496,-0.143984541296959,-0.0138087226077914,0.0151063017547131,0.255093991756439,-0.0100294221192598,-0.0172887463122606
"cg10152131",0.281222730875015,-0.304986715316772,-0.00464425282552838,0.155716940760612,0.00528878904879093,-0.0713801011443138,-0.0852400735020638,0.00468133203685284,-0.0646896660327911,-0.0617810934782028,-0.000431674852734432,0.0331953838467598,-0.099382109940052,0.0339869670569897,0.0041548409499228
"cg11241541",0.410719722509384,0.0990011394023895,-0.00102054909802973,0.000299913546768948,0.023641562089324,0.0631438568234444,0.00226040580309927,0.00852527096867561,0.196225598454475,-0.0647412911057472,-0.00811971630901098,0.00250843679532409,0.030529884621501,0.00417199870571494,0.0382883287966251
"cg11876013",0.0704934671521187,-0.144523471593857,0.108452767133713,0.284727960824966,0.00291696772910655,-0.382904231548309,-0.211403921246529,0.0382453091442585,-0.140370488166809,0.0228608828037977,-0.0122954910621047,0.0067409249022603,0.0957289561629295,0.0187216643244028,-0.00495090940967202
"cg21479226",0.261548906564713,-0.195027723908424,-0.00520172994583845,0.00510285841301084,-0.0288538206368685,0.161157429218292,-0.0911290198564529,0.00119384448044002,-0.176515728235245,0.0649197399616241,0.0404430255293846,0.0164552628993988,-0.114099286496639,0.0318676047027111,-0.0450602993369102
"cg02776659",0.35110530257225,0.0528034679591656,-0.0183137040585279,-0.00510416924953461,-0.00813617557287216,0.104164034128189,0.0528259128332138,-0.0290278270840645,0.074303574860096,0.0479797162115574,0.0130470739677548,0.00929125119000673,0.09156484156847,0.0417965464293957,0.0106034372001886
"cg25274503",0.416558772325516,0.0700016692280769,0.00501833483576775,-0.000479128793813288,0.00328493444249034,0.129061639308929,-0.00922070443630219,-0.0708165168762207,0.0355787463486195,-0.0569046996533871,0.00737372180446982,0.00546290352940559,-0.0417997315526009,0.00286032445728779,-0.021526962518692
"cg05166028",-0.112899355590343,0.117173217236996,0.000885781657416373,0.543668985366821,0.0180452726781368,0.045498251914978,-0.0887910127639771,0.143015414476395,-0.0674373060464859,0.149248629808426,-0.0623668991029263,0.0957381427288055,-0.0606424920260906,0.0573291704058647,-0.155918136239052
"cg13315970",0.371790409088135,-0.0630721226334572,-0.0135714178904891,0.0774621739983559,-0.00440770201385021,-0.0674247518181801,-0.093440480530262,0.0110666435211897,-0.128996819257736,-0.00880456063896418,-0.00177254702430218,-0.056568406522274,0.0469381809234619,0.0169872026890516,0.0068207192234695
"cg17688525",0.314385145902634,0.0182272754609585,0.0044157006777823,0.0911837816238403,-0.0184992644935846,0.199258744716644,-0.0298277530819178,-0.0810596346855164,-0.126182451844215,-0.137775987386703,-0.00720897316932678,0.0140041746199131,-0.183938249945641,-0.0282835438847542,-0.0428044386208057
"cg02539153",-0.0393403135240078,-0.249405115842819,-0.00415411731228232,0.343556433916092,-0.00857970677316189,-0.035543367266655,0.0136440321803093,0.0126850558444858,-0.00669106934219599,0.0952647179365158,0.0167654268443584,0.0117385974153876,-0.0133551293984056,-0.010925960727036,-0.0233403034508228
"cg10336039",-0.0986456871032715,-0.107881531119347,0.0369839891791344,0.0942580327391624,0.0459213703870773,0.267747551202774,0.0478406362235546,-0.0999120399355888,-0.115565568208694,-0.0019297378603369,0.0241280291229486,-0.029599579051137,0.171381756663322,-0.0104131707921624,-0.00376764498651028
"cg13703871",0.362008899450302,-0.0899129882454872,-0.00162070489022881,0.0790662467479706,-0.00382522610016167,-0.144412845373154,0.0568856410682201,-0.0497157089412212,0.0212687831372023,-0.0956638902425766,0.0215890351682901,-0.00912731513381004,-0.0134538654237986,0.0295569766312838,0.0499036498367786
"cg21491163",-0.140208914875984,-0.030854769051075,-0.000894889584742486,0.511431753635406,0.00375713920220733,-0.0808877721428871,0.0682093426585197,-0.13007453083992,0.0414936020970345,-0.0810898020863533,0.00517597794532776,-0.0617369115352631,-0.000456334120826796,-0.00685643870383501,0.0964889749884605
"cg19254119",0.307495266199112,-0.262447893619537,-0.00783452391624451,0.0452259071171284,0.00425764359533787,-0.205603912472725,-0.06035490706563,-0.012600414454937,-0.120545521378517,-0.0959284082055092,-0.00150356360245496,0.0256763081997633,-0.0536595582962036,0.0790218859910965,-0.0901296436786652
"cg07068756",0.367645144462585,0.0200167000293732,0.00349133904092014,0.0647982880473137,0.00276607926934958,0.150487393140793,-0.00315583613701165,0.0113355722278357,-0.152133628726006,0.0861088111996651,0.0106245158240199,0.000215046209632419,0.089741162955761,0.00172861979808658,-0.039640374481678
"cg18322569",0.337031692266464,-0.0588492304086685,0.034927561879158,0.110042445361614,-0.0088532418012619,-0.255214124917984,0.0617613717913628,0.119482167065144,-0.0794076472520828,-0.0127492872998118,0.0104174390435219,0.0131826717406511,-0.0272914282977581,0.038969162851572,0.052689753472805
"cg06360976",-0.123673193156719,-0.0246296655386686,0.0410266146063805,0.0676306486129761,-0.0159684251993895,0.0308902822434902,-0.0148524604737759,0.0556067265570164,-0.286033034324646,-0.0131999105215073,4.65514458483085e-05,0.13334159553051,0.31588476896286,0.116619527339935,0.179714307188988
"cg27649239",0.384946256875992,-0.0817879214882851,0.0203413758426905,0.0471152104437351,-0.0115482900291681,0.126945421099663,0.0048022074624896,0.0998887941241264,-0.146254748106003,0.0187540147453547,-0.00431851111352444,0.00192702817730606,-0.0786952078342438,0.00457466393709183,0.00750382244586945
"cg10603275",0.257923603057861,-0.116361655294895,-0.0110822869464755,-0.0131983626633883,-0.0367428697645664,0.229577377438545,0.117593035101891,-0.0120504396036267,-0.218900695443153,-0.0353361405432224,0.0126954652369022,0.084005206823349,-0.0990894958376884,0.045743465423584,-0.0439875908195972
"cg23363832",0.281316608190536,0.135321453213692,0.00116523669566959,-0.0443035699427128,0.0330304838716984,-0.113177292048931,0.0304129887372255,0.00941292475908995,0.039546113461256,0.0825985744595528,-0.0104394629597664,-0.059747152030468,0.204261004924774,0.00948673859238625,-0.100982993841171
"cg11445123",0.397542715072632,-0.077499620616436,-0.000789253739640117,0.0126044601202011,0.00115963618736714,0.0349357798695564,-0.0239515174180269,-0.0768018662929535,0.0605526305735111,0.0117882154881954,0.00754068279638886,0.00460167555138469,-0.031425204128027,0.0208684261888266,-0.0413714088499546
"cg14473102",0.288588166236877,0.0300328936427832,0.0807882100343704,0.00645112013444304,0.00341874663718045,-0.0324711799621582,0.0643797218799591,0.0108960289508104,-0.242492809891701,-0.0271169934421778,0.0128475716337562,0.0733328983187675,0.0467010401189327,-0.0190373957157135,0.0231277588754892
"cg04347874",0.356525778770447,-0.224067896604538,0.0402351655066013,0.140425845980644,0.00125588872469962,0.00622675241902471,-0.000471516803372651,-0.0071564381942153,-0.156432777643204,0.00948346499353647,-0.0103363059461117,0.00751118222251534,-0.15808393061161,-0.0284058917313814,0.0346394255757332
"cg05227549",0.398934692144394,0.00821467954665422,-0.00469024060294032,0.0527937039732933,-0.0161393228918314,-0.0922333598136902,0.0079109650105238,-0.0739541053771973,-0.0165979024022818,-0.061647891998291,0.018531559035182,0.0128913959488273,0.18924580514431,0.0921990796923637,0.021451385691762
"cg21447117",0.320544540882111,0.0525500476360321,-0.00122399243991822,0.114149518311024,-0.0141883380711079,0.00274021574296057,-0.160119608044624,0.00966212339699268,-0.104400746524334,0.0955448523163795,-0.00131171091925353,0.0255984347313643,0.119814783334732,-0.0555447675287724,0.0508078224956989
"cg00106345",0.32377752661705,-0.139431640505791,-0.0635612085461617,0.115099176764488,0.00702644977718592,-0.0867174118757248,0.118495777249336,0.150892958045006,-0.0408785790205002,-0.109993785619736,0.00971898902207613,-0.000127322738990188,-0.0180779974907637,-0.0226882975548506,0.0389381088316441
"cg10805850",0.133248537778854,0.159992888569832,0.123991198837757,0.0625851675868034,-0.0109524605795741,0.212472006678581,-0.191329106688499,-0.026523482054472,0.101614981889725,0.245894312858582,-0.00414657406508923,0.0125838220119476,0.362132221460342,-0.0377371124923229,0.00777182774618268
"cg12436377",0.311723947525024,-0.116455592215061,0.0897554606199265,0.00305694597773254,-0.0407589040696621,-0.117193304002285,-0.133447483181953,-0.0358839780092239,0.0542013868689537,0.0505299977958202,0.0180632751435041,-0.01059031765908,0.106434211134911,-0.104672290384769,0.0153777068480849
"cg11564981",0.38282385468483,0.0917594879865646,-0.0137798795476556,0.0545065626502037,0.0185470692813396,-0.141370534896851,-0.0304047968238592,-0.029770078137517,-0.0284924395382404,0.0092347264289856,-0.00664425827562809,0.0443925745785236,-0.0381819419562817,0.0612327642738819,-0.0227149985730648
"cg12162138",0.344675958156586,-0.151400417089462,0.00305041554383934,0.0811673626303673,-0.0087778577581048,0.00320166442543268,-0.0672386884689331,-0.0752165913581848,0.0992625951766968,0.0225544478744268,0.0175571776926517,-0.0421607755124569,0.0119493082165718,-0.0196707658469677,0.00935902167111635
"cg12456714",0.325476735830307,-0.185123816132545,0.0027215164154768,0.00171678001061082,-0.0124331275001168,0.0526056736707687,0.000298431405099109,-0.0444038473069668,-0.220702797174454,-0.0642313584685326,0.0104461582377553,-0.0108629409223795,0.0115613872185349,0.0605644918978214,0.0357598699629307
"cg17059658",0.398658841848373,0.0269424933940172,0.00111009506508708,0.0990284457802773,0.0192363765090704,0.0638860836625099,0.000731856387574226,-0.00362027250230312,-0.189299017190933,-0.096110038459301,0.0181741211563349,0.00184960034675896,-0.0774500966072083,-0.0204604454338551,-0.00994629133492708
"cg06560887",0.370994418859482,0.0597964078187943,0.0859856382012367,0.0925392508506775,-0.000718019844498485,-0.0230454932898283,-0.097645103931427,0.0706082209944725,0.0588825233280659,0.0270683113485575,0.00484691094607115,-0.0181733295321465,0.0245407018810511,0.0495627224445343,0.0712307915091515
"cg03063639",0.309016466140747,-0.00480549084022641,-0.0057458421215415,0.0623701773583889,0.0116242049261928,0.190966129302979,-0.03480389341712,0.0087948702275753,-0.275601416826248,0.0737741738557816,0.0104953553527594,-0.0109983831644058,-0.0532292313873768,0.0537130013108253,0.00865497533231974
"cg15133351",0.184939309954643,-0.093714103102684,0.00328600476495922,0.217078968882561,-0.0290330890566111,-0.191835016012192,-0.0774737522006035,0.0357850342988968,-0.266009032726288,-0.00494516547769308,0.0111581292003393,0.00494516966864467,0.133308619260788,-0.0747140347957611,0.104521714150906
"cg26937434",-0.0524325370788574,-0.262993395328522,-0.133935526013374,0.208733037114143,0.0506625585258007,0.312319844961166,0.179425582289696,0.240747034549713,0.0714941099286079,-0.0596514493227005,-0.0279511939734221,-0.0241460129618645,0.0445626117289066,-0.0235114302486181,-0.0287270955741405
"cg03507326",0.0532018132507801,0.343590170145035,0.0705605819821358,0.0879340469837189,0.00107154645957053,-0.0941894054412842,-0.134947597980499,-0.00420483807101846,-0.0423626378178596,0.00102775299455971,0.0672803521156311,0.000273681624094024,0.0894983634352684,0.038664311170578,-0.0648518577218056
"cg13475583",0.377423703670502,0.187858983874321,-0.0485643148422241,-0.0185301937162876,0.00538499327376485,-0.264246195554733,-0.0936580300331116,-0.00231513357721269,0.0591357350349426,-0.0125966090708971,-0.0489140562713146,0.0946669653058052,0.00236183870583773,0.0529523938894272,-0.0308839529752731
"cg22081371",0.360000759363174,0.280419856309891,0.00426116958260536,0.00994695164263248,-0.00875137746334076,-0.200952485203743,-0.0035822237841785,0.0842900276184082,-0.0260543655604124,0.0082273380830884,0.0383061021566391,-0.0407323911786079,0.074396088719368,0.0198299307376146,0.0405096784234047
"cg25340711",-0.190900817513466,-0.155978217720985,0.00189356098417193,0.0851562023162842,-0.0174075271934271,0.276675432920456,0.16295799612999,-0.0534153953194618,0.0254680924117565,0.0536120906472206,-0.0908512026071548,0.0493824742734432,0.0412127338349819,0.0120078241452575,0.233066245913506
"cg26573704",0.365813374519348,0.0586206838488579,0.0205227471888065,0.0555399432778358,-0.000800752430222929,0.134381309151649,0.0620213262736797,8.55249527376145e-05,0.193269938230515,-0.0807416141033173,-0.0231152381747961,-0.065717801451683,0.0585356429219246,-0.0466653294861317,0.00502242567017674
"cg15077193",0.0103030893951654,-0.20346973836422,-0.0330225490033627,0.0339385904371738,0.00156451924704015,-0.0444892309606075,0.266490340232849,-0.0747742503881454,-0.23961029946804,-0.232449799776077,0.0343621373176575,-0.0200589131563902,0.250923931598663,0.0172238685190678,-0.0116801662370563
"cg05920961",0.242437765002251,-0.160570904612541,-0.00701637100428343,-0.0168585516512394,0.00172100320924073,0.270843952894211,0.0333810821175575,0.00754791218787432,0.222253799438477,0.111958771944046,-0.0099805248901248,-0.000433036737376824,0.0652362480759621,0.0975060388445854,-0.0607367008924484
"cg13403271",-0.123589858412743,0.192841663956642,0.00463939644396305,0.487285256385803,0.00946456659585238,0.0930803865194321,-0.0754911601543427,0.236303627490997,0.0126949017867446,0.164025440812111,-0.0665180534124374,0.12745389342308,-0.0692755207419395,0.0213708188384771,-0.214206606149673
"cg11172693",0.353426933288574,0.0158199202269316,8.82255408214405e-05,0.000716799055226147,-0.00416172994300723,0.114745020866394,0.125578433275223,-0.0590303875505924,-0.0099570956081152,-0.03226513043046,0.0146648688241839,-0.020273320376873,0.0821990370750427,0.0216046310961246,0.0538144260644913
"cg12002589",0.226604089140892,-0.201889261603355,2.07213743124157e-05,0.137442424893379,-0.0151341129094362,0.0671666786074638,0.0956571027636528,0.0327738747000694,-0.00424568727612495,0.233947739005089,0.00186090520583093,0.00211726315319538,0.0318039990961552,-0.0819467380642891,0.0110172750428319
"cg14348397",0.352756261825562,0.115714527666569,0.0036321219522506,8.96123019629158e-05,0.0039974469691515,0.115619421005249,-0.0372240468859673,0.178353637456894,-0.162148356437683,-0.0206032209098339,-0.0126774683594704,-0.0588986836373806,0.0406816378235817,-0.0522892624139786,-0.128359153866768
"cg19675288",0.372510701417923,-0.122888803482056,0.0302414987236261,0.217320129275322,0.0107178296893835,-0.00433150725439191,0.00394413061439991,-0.000147568978718482,-0.162908002734184,0.0572468563914299,0.00778633821755648,-0.00982667598873377,-0.169783040881157,0.00554670114070177,0.0637547820806503
"cg07847030",0.40340980887413,0.139296010136604,0.00182032748125494,-0.00595269910991192,-0.00980242341756821,0.00149106199387461,0.0715679228305817,-0.0715428963303566,0.152954638004303,-0.0288349781185389,0.0443506762385368,-0.0630766302347183,0.0909942910075188,0.00115213356912136,-0.00466262036934495
"cg22617773",0.319581985473633,-0.220877394080162,0.0275226142257452,0.161017835140228,0.0186464749276638,-0.151045799255371,-0.00145251175854355,-0.0623029991984367,-0.0434274673461914,-0.0354098714888096,-0.00462575908750296,0.0017840510699898,-0.0618173740804195,-0.000249992997851223,-0.000930485955905169
"cg13052101",-0.213529795408249,-0.0999609977006912,0.136198282241821,0.0184035804122686,-0.0772875249385834,0.165352776646614,0.0908102914690971,0.165029719471931,-0.146710023283958,0.125059202313423,0.0316270217299461,0.0589500479400158,0.232804775238037,0.0865520238876343,0.015247761271894
"cg23749482",-0.0799876004457474,-0.16106341779232,-6.42798249828047e-06,0.222360640764236,0.0031010105740279,0.114685446023941,-0.000638664467260242,-0.220576003193855,-0.0252048075199127,0.134104132652283,0.0847878530621529,-0.0855478495359421,0.292788565158844,-0.0293665658682585,0.0803516954183578
"cg08960448",-0.364080101251602,-0.324353784322739,0.0628403127193451,0.0798783078789711,0.0238672476261854,0.136710405349731,-0.0472084023058414,0.028812687844038,-0.085208460688591,-0.0539398901164532,0.00238835532218218,-0.0119285592809319,0.0970717594027519,-0.0689544752240181,0.0115850102156401
"cg17939040",-0.355872243642807,-0.253340423107147,0.0146427024155855,0.0436901226639748,0.00989402737468481,0.192937776446342,0.0606056787073612,-0.133456006646156,-0.0623002089560032,0.0588272362947464,0.0469824075698853,-0.0863931030035019,0.0783614814281464,-0.0701238214969635,0.0414298176765442
"cg14149680",0.35453462600708,0.0398789048194885,0.00783342309296131,0.060306292027235,-0.000977863091975451,0.180309042334557,-0.0103390822187066,-0.113578945398331,0.164773762226105,-0.145350962877274,0.00192387099377811,-0.00812731310725212,0.0321145057678223,-0.0316607318818569,0.00716159446164966
"cg07962143",0.273809611797333,0.0836220756173134,-0.0142349787056446,0.101599521934986,-0.00703700818121433,-0.0523552633821964,-0.032206866890192,0.064882293343544,-0.332974314689636,-0.0890480354428291,-0.00204940512776375,-0.0529317483305931,0.0435967147350311,0.0297543238848448,-0.0676804184913635
"cg09246479",0.255132347345352,-0.192482739686966,-0.069731704890728,0.145478144288063,0.00625492259860039,0.271712958812714,0.0313527286052704,0.175297632813454,0.0157578978687525,-0.100252486765385,-0.013266995549202,0.0308518558740616,0.100509434938431,-0.0258935913443565,-0.00320333451963961
"cg05684406",0.203751504421234,-0.375102251768112,0.000636102457065135,0.00771162798628211,-0.00115421612281352,0.132503733038902,-0.0106521537527442,-0.0694009959697723,0.247075527906418,0.107452042400837,-0.0281616784632206,0.0442046672105789,0.044197641313076,0.101545050740242,-0.00739278830587864
"cg25996119",0.344233691692352,-0.14277121424675,-0.00324228894896805,0.115389920771122,0.0104419710114598,0.0654408112168312,0.026582071557641,0.0232472326606512,-0.0659150034189224,0.13885872066021,-0.028114590793848,-0.0186818744987249,-0.13428321480751,0.0172874610871077,0.0294768288731575
"cg13178372",-0.309665739536285,-0.19427914917469,0.0317872874438763,0.0840012654662132,-0.0271100308746099,0.186173930764198,-0.222541436553001,0.1105817258358,-0.0869448557496071,-0.014201664365828,-0.00133847305551171,0.100125029683113,0.0986135676503181,-0.0233940053731203,-0.00469064619392157
"cg18250028",0.329117774963379,-0.177925303578377,-0.00067083106841892,0.0257463362067938,0.00539059657603502,0.21080656349659,-0.124779880046844,-0.00230397074483335,-0.0406456515192986,-0.011130946688354,-0.0187267363071442,0.00351265049539506,-0.0582400187849998,0.0410592146217823,-0.0196172278374434
"cg15017004",0.388319432735443,0.0841889083385468,0.013339470140636,0.000937045668251812,-0.00581524847075343,0.190663009881973,-0.00321884639561176,-0.00855957716703415,-0.021058889105916,-0.00138265267014503,0.031965721398592,0.0191701278090477,-0.0277117993682623,-0.0235723797231913,0.0383533835411072
"cg07297397",0.345630317926407,0.139730200171471,-0.00214356742799282,0.126363456249237,-0.00255079474300146,-0.0692167356610298,-0.0850662514567375,-0.0628635510802269,-0.133335649967194,0.0119561273604631,0.0207548011094332,-0.002033761003986,0.110484287142754,-0.0215550065040588,0.0522956326603889
"cg02609127",0.340320020914078,-0.0984471440315247,0.0484128147363663,0.0253307037055492,-0.00238263141363859,0.123704232275486,-0.0552173405885696,0.0984674915671349,-0.0791607275605202,0.0709185674786568,0.00484260777011514,-0.0265805516391993,-0.0664873421192169,-0.0329033061861992,-0.00367978517897427
"cg05164933",0.41884046792984,0.0601555034518242,0.0427210442721844,0.00423649325966835,0.00210300856269896,0.0120516363531351,0.140462979674339,-0.00978429242968559,0.0301781669259071,-0.0519684031605721,0.000711677712388337,-0.023292837664485,-0.0230644419789314,0.000834811537060887,0.0537889301776886
"cg22779651",0.180462583899498,0.409925639629364,0.0631893649697304,0.0976512730121613,0.00119372841436416,0.0662221908569336,-0.160636499524117,-0.0950575619935989,0.0164936538785696,0.0323587320744991,0.00288251950405538,0.00796139612793922,0.106302447617054,0.00523391459137201,0.108955144882202
"cg21607700",-0.290765702724457,-0.111412890255451,0.00164629577193409,0.343359857797623,-0.0120019344612956,0.101893432438374,-0.021411020308733,0.00180129846557975,0.059921607375145,0.0315512306988239,-0.00293836672790349,0.0194658450782299,0.0287298988550901,0.0324144884943962,0.12333520501852
"cg07471018",-0.130642309784889,0.0671616569161415,0.00487955566495657,0.418535172939301,0.0250375345349312,0.010667122900486,-0.104766570031643,0.093765452504158,-0.0104858474805951,-0.0339885577559471,-0.0299072153866291,-0.0536892637610435,0.0609408244490623,0.0337915532290936,0.133437588810921
"cg14192957",0.382203549146652,-0.0672676041722298,0.00252404389902949,0.102715708315372,0.00727647636085749,0.161678940057755,0.00305983168072999,-0.000770455168094486,-0.145171999931335,0.0515474267303944,0.000847845629323274,-0.0149022163823247,-0.0741775184869766,0.045267790555954,0.0227396506816149
"cg16857858",0.348396807909012,0.00472782691940665,0.0290351957082748,0.115562066435814,0.0282712243497372,0.0508284568786621,-0.0211228784173727,-0.00449194619432092,0.0644393786787987,0.0116632515564561,0.000218892353586853,0.04489766061306,-0.167497381567955,-0.0805055126547813,-0.0411327071487904
"cg18496841",-0.232475087046623,0.0501337647438049,0.0204811748117208,0.432473331689835,-0.017897741869092,0.23392578959465,0.106665521860123,-0.0685771331191063,0.043134942650795,-0.0723260343074799,0.00493287900462747,-0.00221028341911733,-0.0337933823466301,-0.0108464602380991,-0.0975896716117859
"cg10375890",0.350775718688965,-0.0752668753266335,-0.0559709817171097,0.121650941669941,-0.0173251405358315,0.0689082071185112,-0.0483876280486584,0.00399395590648055,-0.176865369081497,0.0871625691652298,0.00990894809365273,0.00195921398699284,-0.0526225417852402,0.00112544954754412,0.0130332140251994
"cg04920527",0.132493808865547,-0.104452691972256,0.0207862909883261,0.0120337316766381,-0.00916591100394726,0.0318053215742111,0.0859488323330879,-0.18621937930584,0.0840804278850555,0.0397822968661785,-0.0732759460806847,0.011858438141644,0.23965135216713,-0.0653194114565849,0.0405777096748352
"cg17737967",0.216669023036957,-0.256193548440933,-0.0574422366917133,0.00309610925614834,-0.0194765496999025,0.142333254218102,0.0898533388972282,-0.0810504406690598,-0.0121334083378315,-0.10888335108757,-0.0432145558297634,0.120078258216381,0.111955471336842,0.0216116160154343,-0.00892028864473104
"cg02768721",0.0627025812864304,0.311102837324142,0.061108723282814,0.320914685726166,0.00431066518649459,-0.0139040658250451,-0.288275539875031,0.106210805475712,0.095119521021843,0.28405699133873,0.0346886292099953,0.0681381598114967,-0.058385144919157,0.00847279652953148,-0.102607056498528
"cg22878622",0.358363896608353,-0.145885050296783,-0.000906090426724404,0.0400921776890755,-0.00517672393471003,0.044949147850275,-0.0244684852659702,-0.0755793228745461,-0.098434291779995,0.0729753822088242,0.000548638869076967,0.0495149753987789,-0.0324396714568138,-0.0083883861079812,0.0321942083537579
"cg06126713",0.380833774805069,0.156635984778404,-0.0183435901999474,0.00985426362603903,0.00285361683927476,0.011111207306385,0.109626613557339,0.081515945494175,-0.033962719142437,-0.0565065443515778,-0.0107385572046041,-0.0873514264822006,0.0875565856695175,-0.0395167656242847,-0.00568104302510619
"cg14419975",0.245451211929321,0.125802740454674,0.00495220487937331,-0.00719811813905835,-0.00576640293002129,0.0669391676783562,-0.0768336728215218,-0.0146801909431815,-0.234509959816933,0.103343583643436,0.0117734503000975,0.023488637059927,0.129954099655151,-0.0109860729426146,0.019031023606658
"cg18586886",0.32907971739769,0.0169170238077641,0.11146979033947,-0.00847806874662638,-0.00542355189099908,-0.21552774310112,-0.0034272416960448,-0.137750640511513,0.112947314977646,0.00513408100232482,-0.00958407763391733,0.107282906770706,0.0349324755370617,0.0833040550351143,-0.00820842292159796
"cg03017520",0.331549644470215,0.0314971022307873,-0.0491207055747509,0.0231617167592049,-0.0146135464310646,0.137807562947273,-0.172071188688278,0.0692500174045563,-0.158172503113747,0.00246721715666354,-0.00437801005318761,-0.00160934240557253,0.0211297068744898,-0.00887912418693304,0.0311808735132217
"cg26809635",0.299775749444962,-0.330560386180878,0.0395672991871834,0.00451919855549932,0.00223905686289072,0.0351596511900425,0.124691121280193,-0.0119838127866387,0.0817346498370171,0.0933170691132545,-0.0123603027313948,0.02981186658144,0.042952299118042,-0.13138136267662,0.0175879839807749
"cg18177414",0.24927844107151,-0.303297400474548,0.0887588933110237,0.00148854195140302,-0.00750428019091487,-0.123832449316978,-0.0554131865501404,0.00612109433859587,-0.0191979017108679,0.092616081237793,-0.00572105683386326,0.0273341368883848,0.094231516122818,-0.0211279056966305,-0.00829142332077026
"cg11274314",0.28195059299469,0.0554452687501907,0.00176741671748459,0.0206249039620161,-0.0127606857568026,0.157479241490364,0.152095258235931,0.0584943071007729,0.0384301207959652,-0.00444451905786991,-0.00298414751887321,-0.000549287826288491,0.143995031714439,-0.0223392769694328,-0.0610404945909977
"cg17983217",0.334479153156281,0.182152181863785,-0.00226536369882524,0.0183902643620968,-0.00614262092858553,-0.216043531894684,0.104928083717823,-0.0456514954566956,-0.0432961881160736,-0.0566582530736923,0.00916340667754412,0.148533284664154,0.150185123085976,0.0820345655083656,-0.0753060430288315
"cg13594075",0.345695674419403,-0.0854123309254646,0.00161153404042125,0.0210265871137381,-0.000276761886198074,-0.0451447293162346,0.0837506055831909,-0.132281228899956,0.0937246680259705,-0.0933481529355049,-0.0188174657523632,-0.0274671465158463,0.00774903176352382,-0.0307426303625107,-0.0961602255702019
"cg16135989",0.134725227952003,0.0571472980082035,0.0867940410971642,0.190327793359756,0.00934581086039543,0.00838514696806669,-0.211144089698792,0.200615182518959,0.0888237804174423,0.0927033126354218,0.0800871327519417,-0.153105199337006,0.163629963994026,-0.0580068826675415,0.054137822240591
"cg03352287",0.347290217876434,-0.060331717133522,-0.00106043484993279,0.135401219129562,0.00317565747536719,0.0705913007259369,0.0227602925151587,0.00986988376826048,-0.283552706241608,0.101705588400364,0.000291698233922943,-0.0668187886476517,-0.097040519118309,0.0282766353338957,0.0051341294310987
"cg13002945",0.284690827131271,0.101979292929173,-0.0118055939674377,-0.0965408459305763,-0.0156639516353607,0.0263167787343264,-0.102475516498089,-0.0538479015231133,-0.258727610111237,-0.00334498193114996,0.0236794650554657,0.0332350023090839,0.0370255187153816,-0.00449002860113978,-0.0647389814257622
"cg05530568",0.3294617831707,0.150181457400322,0.00181596050970256,0.00264460826292634,0.00637245364487171,-0.0730356574058533,-0.00246930448338389,0.00407562032341957,-0.102253824472427,0.0759538635611534,-0.00547827640548348,-0.00933289527893066,-0.00634519942104816,-0.00362675404176116,-0.00612308876588941
"cg09491991",0.337115317583084,-0.00171968142967671,-0.00278445542789996,0.00969658978283405,-0.00308493035845459,0.262619912624359,-0.0894161686301231,0.0224749613553286,-0.230256870388985,0.0203349962830544,0.0161137823015451,0.00532393623143435,-0.0229051988571882,-0.0462590456008911,-0.00720095448195934
"cg25266629",0.290526419878006,-0.325027376413345,-0.00243532191962004,0.0724926814436913,0.0239289738237858,-0.000305323337670416,0.0659717246890068,0.0552788153290749,0.0805037319660187,0.15644870698452,0.0399006009101868,0.044720359146595,-0.0146504426375031,-0.0561119876801968,0.0311686974018812
"cg03192598",0.110150516033173,-0.267710417509079,0.00177737476769835,0.00422462169080973,-0.00154595030471683,0.115709312260151,0.102333262562752,0.0876961648464203,-0.0705606415867805,0.0350989736616611,0.0462285988032818,0.000298452738206834,0.0639903694391251,-0.00523563334718347,0.00832547433674335
"cg22178238",0.303423970937729,-0.288373917341232,0.0290672406554222,0.0911096781492233,0.0243338104337454,-0.069086067378521,-0.134548276662827,0.0947926267981529,-0.0942654758691788,-0.000823958776891232,-0.031640037894249,0.0202900730073452,-0.0548632331192493,0.00556320138275623,-0.0227880552411079
"cg27068330",0.20762774348259,0.102478638291359,0.0168956033885479,0.029933737590909,0.016043022274971,-0.0805421993136406,0.271450281143188,-0.192758604884148,-0.0472724102437496,-0.014345689676702,-0.0163108520209789,-0.0133734159171581,0.203893303871155,-0.0954377204179764,0.00125422503333539
"cg26074603",0.207372352480888,-0.326957941055298,0.00522056082263589,0.0357687510550022,0.0126111032441258,-0.0847055315971375,0.0935216397047043,-0.092273510992527,-0.125727519392967,-0.0164365824311972,-0.0196767430752516,-0.0070442040450871,0.00727504165843129,-0.080013670027256,-0.0457471236586571
"cg24190603",0.341497540473938,0.0488138347864151,0.0106728235259652,0.00923789292573929,-0.0196315813809633,0.206156343221664,0.00331155490130186,-0.0285893976688385,-0.145898699760437,-0.105146586894989,0.0310013350099325,0.00239723711274564,-0.156921476125717,-0.0251665208488703,-0.0762118473649025
"cg13236378",0.271245241165161,0.000328745605656877,0.0229102242738008,0.136084586381912,0.0151827754452825,-0.0147732859477401,-0.0721922293305397,-0.00585199519991875,-0.349646508693695,-0.0146841732785106,-0.0192092191427946,-0.0353688187897205,-0.0341414585709572,-0.0336830094456673,0.0474490150809288
"cg20386316",0.32684862613678,-0.142154917120934,-0.0620530471205711,0.10547149181366,-0.0127659821882844,-0.229315891861916,-0.147022694349289,-0.0103838350623846,0.012873356230557,0.0350728146731853,-0.0510902293026447,-0.0289430897682905,-0.00770630454644561,-0.0459826327860355,-0.005854447837919
"cg17164063",0.256560802459717,0.128900393843651,0.00098029593937099,0.107428871095181,-0.00204065372236073,0.085413008928299,-0.0151920383796096,-0.0200922451913357,-0.0883387178182602,0.0859914049506187,-0.0310121718794107,-0.0510358847677708,0.175955712795258,-0.130561113357544,0.00251470529474318
"cg24886257",0.328457325696945,-0.27359339594841,-0.000963820260949433,-0.00570599921047688,0.0127473128959537,-0.242212250828743,0.00217002769932151,-0.0779983550310135,-0.0339295007288456,-0.0329576395452023,-0.00324667594395578,0.0644198060035706,-0.00917680095881224,0.0280288755893707,-0.0712857767939568
"cg09627874",0.327823489904404,0.0446327961981297,0.0833483710885048,-0.107206828892231,0.00103259272873402,-0.0663543343544006,-0.0870126560330391,-0.0504983998835087,0.154561668634415,0.0379215106368065,0.0286796316504478,0.00751066440716386,0.113858550786972,0.00409938953816891,-0.0252525843679905
"cg16965605",-0.145235806703568,-0.0711755603551865,0.0271189659833908,0.260098218917847,0.00126282207202166,0.0268979705870152,-0.236198008060455,-0.156213358044624,0.22157147526741,0.213511437177658,-0.0156701374799013,-0.0738190710544586,0.0175652243196964,-0.0697750300168991,0.218386009335518
"cg21788045",-0.182611882686615,0.0464748777449131,-0.00087648764019832,0.52593982219696,-0.0233987644314766,-0.00219799671322107,-0.0354649350047112,0.0319225117564201,0.0185925774276257,-0.0639722943305969,-0.0351465567946434,-0.01171241607517,-0.0343209356069565,0.0202118828892708,0.036444365978241
"cg26007189",0.135727390646935,-0.0269214920699596,0.00547041045501828,0.143366470932961,0.0155501421540976,0.158268094062805,-0.13594263792038,0.374623417854309,0.152619034051895,0.036631241440773,0.0877636298537254,-0.0869821086525917,0.14590322971344,-0.0920242220163345,-0.028097003698349
"cg14069088",0.0725951865315437,0.422474771738052,0.126052394509315,0.0339329056441784,0.00916612334549427,-0.0118701104074717,0.0560125038027763,-0.119056843221188,-0.0566180236637592,-0.00382448546588421,-0.0117234187200665,-7.21482865628786e-05,0.124276734888554,-0.0284018069505692,-0.0579908266663551
"cg22232327",0.27297231554985,-0.219744488596916,0.00243986817076802,0.00846315082162619,-0.00151658873073757,-0.12575489282608,-0.159398928284645,0.0291687846183777,-0.240544676780701,0.0633777379989624,-0.00462863361462951,0.0744130983948708,0.007858045399189,-0.0438956767320633,-0.0105281379073858
"cg06421774",-0.0426357612013817,0.235732480883598,0.110375665128231,0.527061104774475,-0.0377504043281078,-0.0864571258425713,-0.0288680735975504,0.100462816655636,-0.00706700934097171,0.0161364544183016,0.0574050024151802,0.0793853253126144,0.106230393052101,0.0376893766224384,0.0403594933450222
"cg11590053",0.236652672290802,-0.224084258079529,0.0705398097634315,0.00908883381634951,-0.0086741978302598,0.0626067519187927,-0.129976198077202,0.0244776774197817,0.136134937405586,0.209376692771912,-0.0150072434917092,0.000589992210734636,0.116493836045265,-0.00820988602936268,0.0280202236026525
"cg06007271",0.402895867824554,0.0757833793759346,0.00341171119362116,0.0796369612216949,0.00878413487225771,-0.140761405229568,0.000141664131660946,-0.0758008360862732,0.143407911062241,-0.152112483978271,0.0369904637336731,-0.00911443214863539,0.0208859127014875,0.0397930219769478,0.0296424273401499
"cg05482942",0.330205976963043,-0.180787280201912,-0.00991146359592676,0.00692879315465689,0.0236506815999746,-0.0293875467032194,0.0153789054602385,0.141179174184799,0.126444801688194,0.227922961115837,0.00387317920103669,-0.0207962840795517,0.0958826616406441,-0.0573020242154598,-0.00322574842721224
"cg03953626",0.333786010742188,0.016757408156991,0.0863004922866821,-0.00524088460952044,-0.00402955990284681,-0.208191990852356,0.0110649950802326,-0.116486772894859,0.0937213450670242,0.00173321890179068,-0.00725204916670918,0.110000945627689,0.0427414067089558,0.0782745406031609,-0.00848295260220766
"cg17412886",0.33942323923111,0.0203757658600807,-0.000723167031537741,0.244207382202148,-0.00375544838607311,0.0268193855881691,0.00846841745078564,0.0487126894295216,-0.155097857117653,-0.0170677676796913,-0.000435509980889037,-0.0170765537768602,-0.152269408106804,-0.0293201580643654,-0.0116490516811609
"cg06351537",-0.125472351908684,0.0212861504405737,0.0669709146022797,0.552618086338043,-0.0322218649089336,0.0383116267621517,0.0810732617974281,0.00944617297500372,-0.043247614055872,-0.0101387426257133,0.0100780008360744,0.00139991682954133,0.0097657535225153,0.02811692468822,-0.0420443974435329
"cg24755163",0.053885992616415,0.171795815229416,0.140371963381767,0.0266306549310684,0.00588960153982043,0.106082163751125,0.0319990925490856,-0.141436159610748,-0.0979784727096558,0.266839116811752,0.00339339138008654,-0.00365626648999751,0.205780357122421,-0.0625842064619064,-0.0397370830178261
"cg00332802",-0.150165662169456,0.0301572550088167,-0.00114938721526414,0.508500456809998,-0.00683312211185694,-0.0417988933622837,-0.0670225024223328,-0.0227807573974133,0.0739506855607033,-0.160290151834488,-0.0151205081492662,-0.0391552746295929,-0.0405202582478523,0.0248931422829628,-0.0102440267801285
"cg19065831",0.365946978330612,0.0565291531383991,0.00692444294691086,0.00372678879648447,0.0134020894765854,0.137993767857552,-0.0890943929553032,0.0615437105298042,-0.107437983155251,0.00985167361795902,0.0041169747710228,0.0110782226547599,-0.0409526601433754,0.0322266146540642,0.0209743473678827
"cg22222281",0.344069361686707,0.14063335955143,-0.0819816663861275,0.000481174763990566,0.0288326051086187,-0.0192220211029053,0.14319820702076,0.148074761033058,-0.00473253522068262,-0.165783733129501,-0.0100177973508835,0.00180035445373505,0.169850379228592,0.0651885569095612,0.0433893427252769
"cg15975865",0.35675460100174,-0.0719443932175636,0.00931521598249674,0.145035982131958,0.00290468218736351,0.0839502140879631,0.0783786848187447,-0.0570840910077095,0.155185416340828,0.0136126028373837,-0.0124179758131504,-0.0604002922773361,-0.101837806403637,-0.0294884629547596,0.133384361863136
"cg19535896",0.381886720657349,-0.00830680597573519,-0.0101949963718653,0.00116972823161632,-0.00459366617724299,0.135737106204033,-0.105120554566383,0.00361791648901999,-0.00431065121665597,0.0627213791012764,-0.051990132778883,-0.101197496056557,0.071599006652832,-0.00252705998718739,-0.00129260250832886
"cg20291855",0.234360337257385,-0.274743378162384,-0.00756869604811072,0.249108985066414,-0.0117541570216417,0.0422813817858696,-0.0486846081912518,0.00576249696314335,0.0805930271744728,0.194005027413368,-0.000678565760608763,0.00879344716668129,0.0716002956032753,-0.0924371480941772,0.0973654687404633
"cg05600740",0.384156078100204,-0.0579425655305386,0.0164535399526358,0.0292745269834995,0.024577908217907,0.128224745392799,0.0724375024437904,-0.016341345384717,0.0265828482806683,0.087320402264595,0.029902245849371,-0.00758565962314606,0.100338622927666,0.00718311173841357,-0.0593233965337276
"cg13546240",0.374596804380417,-0.0245779305696487,-0.00318412715569139,-0.0518283769488335,0.00119349535088986,0.150609791278839,0.0435348339378834,-0.0423134192824364,0.296292722225189,-0.0886007249355316,0.00153386907186359,0.000199036949197762,0.0985322371125221,0.0485863611102104,0.0593768060207367
"cg21235151",0.272356659173965,-0.124787598848343,0.00469276402145624,0.0119772562757134,0.0130218900740147,-0.124265983700752,-0.0167756788432598,-0.0207306183874607,-0.0165019445121288,-0.0209839511662722,0.0247758440673351,0.00450320309028029,0.0564710423350334,0.000368502602213994,-0.0378962382674217
"cg22413388",0.300032883882523,-0.0329691618680954,-0.0127977374941111,-0.0203087441623211,-0.00809535477310419,0.204115226864815,-0.0299451593309641,-0.0237862858921289,0.0983849391341209,-0.0242990255355835,0.0279052685946226,-0.0116686979308724,0.0565185062587261,0.0735098719596863,-0.0199394356459379
"cg14650610",0.31762969493866,-0.146097794175148,0.000673092494253069,0.0447592437267303,0.00424840580672026,0.254151284694672,-0.0705582052469254,-0.0457782745361328,-0.112693294882774,0.0207406133413315,0.0153803424909711,0.0127486940473318,-0.0663779973983765,0.039598423987627,-0.077081210911274
"cg09015921",-0.202437490224838,-0.158343940973282,0.0966755971312523,0.0378305055201054,-0.00327342213131487,0.319952189922333,0.00183678418397903,0.00859280861914158,-0.0263445675373077,-0.0413670614361763,0.0128159588202834,0.062444694340229,0.157472282648087,-0.043733038008213,-0.034517090767622
"cg25361844",0.241123452782631,0.0975416079163551,-0.000875381345394999,0.0176488850265741,0.0239911787211895,-0.128400892019272,0.232512250542641,-0.201588243246078,-0.0571664683520794,-0.00145932892337441,-0.019105426967144,-0.0267772227525711,0.217566281557083,-0.0768787935376167,-0.0408573932945728
"cg10596483",0.0874990969896317,0.161453083157539,0.0110641214996576,-0.000726840808056295,0.00322713376954198,0.0518717020750046,-0.0512054264545441,0.0328971147537231,-0.0367475003004074,-0.0269154272973537,-0.00614611059427261,-0.0516547001898289,0.028060445562005,-0.0014016852946952,0.0273172724992037
"cg08711175",0.234920769929886,-0.0627554282546043,0.0030487016774714,0.0864720642566681,0.00241256505250931,0.13261005282402,0.122846461832523,-0.0665214732289314,0.105932034552097,0.184622585773468,0.0460862852632999,-0.0763196051120758,0.109259039163589,0.0322458110749722,-0.0514765679836273
"cg12421755",0.348397731781006,-0.110311165452003,-0.0067994655109942,0.135868459939957,0.000381382153136656,0.0631450638175011,-0.0181858539581299,0.0648439675569534,-0.229458123445511,-0.0137704657390714,0.00364250247366726,-0.00364866433665156,-0.0534045621752739,0.0149378459900618,0.0643581598997116
"cg02740007",0.209316775202751,0.151394590735435,-0.0603563003242016,0.283266305923462,-0.00570296263322234,-0.197034761309624,0.262498766183853,0.159988507628441,0.0384066440165043,-0.0286779720336199,-0.027462475001812,0.04091901704669,0.0115518886595964,0.00297002168372273,0.140413418412209
"cg22623223",0.286752104759216,-0.246576949954033,-0.00131480058189481,0.251013875007629,0.00409363582730293,0.0195961333811283,-0.0631559416651726,-0.0105424113571644,-0.0467314720153809,-0.023389482870698,-0.030610891059041,0.0262435041368008,-0.118294633924961,-0.0415820218622684,-0.00962434895336628
"cg02460251",0.291127413511276,-0.240207135677338,-0.00126182613894343,0.1522196829319,0.0174615941941738,-0.0869433283805847,0.0711756199598312,0.1408661454916,0.202296629548073,0.175679117441177,0.000407849176554009,-0.00650875642895699,0.0294379778206348,-0.0387090519070625,0.166555762290955
"cg23913421",0.147138133645058,-0.325801104307175,0.109513714909554,0.127163290977478,0.00625835778191686,-0.303329467773438,-0.0662846118211746,0.0531217679381371,-0.154643699526787,0.148574024438858,-0.0265439469367266,0.0297673959285021,-0.0302253887057304,0.0318609662353992,-0.00222158501856029
"cg01890568",-0.135357558727264,0.143064484000206,0.000258788146311417,0.307704657316208,0.0109783113002777,0.113934338092804,-0.152585923671722,0.0352456383407116,0.174494728446007,0.241703629493713,0.00307594798505306,0.00971904583275318,-0.0225022248923779,-0.0551193170249462,0.148386418819427
"cg22848598",0.244617030024529,-0.0172767322510481,-0.00713732047006488,-0.0293248202651739,0.00257275602780282,0.17239873111248,0.0866395309567451,-0.0594633109867573,-0.0209344420582056,0.0351691134274006,0.00538202282041311,0.0554702281951904,0.167893067002296,0.0304271224886179,-0.0240283105522394
"cg27664085",0.124562740325928,0.0684641748666763,0.11113515496254,0.151361748576164,-0.00974459853023291,0.0891550183296204,0.0545232966542244,0.0792550817131996,-0.150898545980453,-0.035747118294239,-0.056409627199173,0.0152644943445921,0.243687838315964,-0.141848757863045,0.0281347502022982
"cg21914290",-0.0101639833301306,-0.188145250082016,0.177267730236053,0.387866586446762,-0.0287808794528246,-0.381000071763992,-0.124371908605099,0.0097453286871314,0.0149055831134319,0.150810554623604,-0.00566102843731642,0.0124197378754616,0.0340334549546242,0.040257640182972,0.130943924188614
"cg08420572",0.362926810979843,0.177166134119034,0.000700643926393241,-0.0111078480258584,-0.00759471952915192,0.101747818291187,0.0852663367986679,-0.154316678643227,0.183892458677292,-0.136830344796181,0.00977153424173594,-0.0258239209651947,0.0137211363762617,-0.0165968108922243,0.000897471036296338
"cg18451016",0.082176998257637,-0.182788327336311,0.00129080808255821,0.00138431985396892,0.00101441447623074,0.161197409033775,0.146026909351349,0.0683256164193153,0.101486012339592,-0.0899915471673012,-0.0143179493024945,0.0101335244253278,0.161823615431786,0.00758758373558521,0.0194948073476553
"cg11224582",0.276106953620911,-0.261724859476089,-0.00579922366887331,0.113955423235893,-0.00998391769826412,0.118981152772903,-0.0024262135848403,-0.0149651756510139,-0.250916808843613,-0.0556757636368275,-0.00458179321140051,0.0169292967766523,-0.135241627693176,0.0720058679580688,0.047721654176712
"cg03070236",0.108024246990681,0.0866204798221588,0.154760465025902,-0.00157545751426369,-0.0405964851379395,-0.290644735097885,-0.20783169567585,-0.162728473544121,-0.119081653654575,0.143972367048264,0.0466238558292389,0.0934195816516876,0.308938145637512,0.0234045423567295,0.104838833212852
"cg08406370",0.395542740821838,-0.116494067013264,0.00270788092166185,0.116078697144985,0.0356054902076721,0.00459509901702404,-0.0729484260082245,-0.0582017339766026,-0.143901094794273,0.00672452664002776,-0.00622329255566001,-0.0049090008251369,-0.129422798752785,0.0430407896637917,-0.0195677205920219
"cg14168530",0.297427296638489,-0.281762629747391,-0.0095707019791007,0.0803037658333778,0.00414004642516375,0.202675804495811,-0.0056779021397233,0.00293023907579482,0.0356891192495823,0.138675436377525,-0.0319434627890587,0.0188445523381233,-0.136154875159264,-0.00887570437043905,0.0673010051250458
"cg08146483",0.382662564516068,-0.0399306900799274,-0.00231632846407592,0.000218765970203094,-0.00174952042289078,-0.0721274390816689,-0.0226088315248489,-0.0130466800183058,-0.0837976783514023,-0.0517513826489449,0.0290521718561649,0.00734953675419092,-0.0643312036991119,0.0140270069241524,-0.0091471578925848
"cg24118856",0.142365232110023,0.284901529550552,-0.0105296615511179,0.0719468742609024,0.0307919550687075,-0.10195554047823,-0.0603610724210739,-0.0993334576487541,-0.111373193562031,0.039114560931921,0.059346679598093,-0.015934469178319,0.27438673377037,0.0365882404148579,-0.0899324491620064
"cg14498592",-0.18732962012291,0.126087218523026,0.0568785779178143,0.364572405815125,0.00429612630978227,0.103824824094772,0.0761033371090889,0.053070280700922,-0.264343708753586,-0.00432457868009806,0.00172303116414696,0.0265299268066883,0.157871395349503,0.017331063747406,-0.00819660350680351
"cg17949969",0.335793018341064,-0.0185298454016447,0.000657450291328132,0.0889110341668129,0.065477691590786,-0.302144169807434,-0.114246912300587,0.0128297312185168,0.140659272670746,-0.0174608081579208,0.0229040216654539,0.0117765162140131,0.0443767383694649,0.0725727900862694,0.0328683890402317
"cg16301599",-0.140948310494423,0.06412523239851,0.00184337061364204,0.514255344867706,0.00066476030042395,-0.0908350646495819,0.0872993394732475,-0.0098244920372963,-0.0707631409168243,-0.0502255335450172,0.000680304132401943,-0.0153060415759683,-0.0413865968585014,0.101745188236237,-0.042583167552948
"cg11412935",0.337508529424667,0.0652872547507286,-0.00101605243980885,0.00542091950774193,-0.00434770155698061,0.103218056261539,-0.0213298406451941,0.00251422403380275,-0.220206439495087,0.0804179981350899,0.00221817055717111,-0.0256504099816084,-0.0183645058423281,0.00751740718260407,0.0130558283999562
"cg05375728",0.34637638926506,-0.101307965815067,0.00218137190677226,0.0630935579538345,0.00231697154231369,0.103989385068417,0.0183345880359411,-0.0983554422855377,-0.204238146543503,0.0038135692011565,0.0310762543231249,-0.0189886968582869,-0.0553470328450203,0.0430192835628986,-0.00737109780311584
"cg26110130",0.318818509578705,0.165645927190781,-0.00889435969293118,-0.0872115045785904,-0.00984224118292332,0.135582223534584,-0.0944714993238449,0.0491562820971012,0.152478337287903,-0.0740273371338844,-0.0319230630993843,0.0666019320487976,0.0970070287585258,-0.0110929515212774,-0.012062263675034
"cg14072016",-0.207832396030426,0.00148657092358917,0.0699569806456566,0.017443310469389,0.00729549955576658,0.438654273748398,0.0520081259310246,-0.0449688695371151,-0.0239059180021286,-0.0240024589002132,-0.0472824834287167,0.0164021924138069,0.0250620953738689,0.0136720603331923,0.00290742237120867
"cg05617413",0.350237220525742,0.0296428091824055,0.00222373171709478,-0.00259866402484477,-0.0122122103348374,0.244797259569168,-0.0132859535515308,-0.00255061662755907,0.107183299958706,0.0224285740405321,0.0194279477000237,-0.00369349215179682,0.0598773136734962,0.0241813454777002,-0.0510477051138878
"cg05135549",0.154555320739746,-0.0331091098487377,0.0173314679414034,0.0431298613548279,0.00472028972581029,-0.190134987235069,-0.051921408623457,0.0054598362185061,-0.319097340106964,0.0314850546419621,0.0116647928953171,0.00896307919174433,0.105568841099739,-0.0157651714980602,-0.00746766617521644
"cg04568492",0.240586638450623,-0.354876041412354,-0.00720950681716204,0.234022334218025,0.0115056419745088,-0.0230627972632647,-0.0980703383684158,-0.0884053185582161,-0.0172586776316166,-0.00924170762300491,-0.0157655663788319,0.0259055010974407,-0.10398768633604,0.071438267827034,-0.00878249388188124
"cg20872937",0.344953805208206,-0.204370677471161,0.00719713792204857,0.0958937481045723,0.0227881893515587,-0.000555285660084337,-0.0195151828229427,-0.01935307495296,-0.211785197257996,-0.0383693985641003,-0.013940466567874,0.0197706203907728,-0.120709396898746,0.00825097505003214,0.0572226569056511
"cg20558091",-0.0349217914044857,0.146269664168358,-0.0039127473719418,0.276941120624542,0.00883805193006992,0.119789980351925,-0.120101630687714,0.129212439060211,0.0017198339337483,0.0652693212032318,-0.0211822669953108,0.0917137041687965,0.13834685087204,-0.0188195742666721,0.236295402050018
"cg17037963",0.363185673952103,-0.147032991051674,0.00995883345603943,0.0338890254497528,0.0173039380460978,0.0377564430236816,-0.0356776230037212,0.0216948445886374,-0.125817403197289,0.0790016055107117,-0.0122338701039553,-0.000636179349385202,-0.0437135808169842,0.0361623279750347,-0.0597048364579678
"cg09737197",0.218091905117035,0.278443783521652,0.0884191021323204,0.0815122574567795,-0.00886822119355202,-0.0962310954928398,-0.153890386223793,0.135744750499725,-0.120082922279835,-0.0758745521306992,0.0504947155714035,-0.061977569013834,0.352130204439163,-0.000890159397386014,0.00449845986440778
"cg10192893",0.378882825374603,0.0267502944916487,-0.00901534780859947,0.122752383351326,0.00930093601346016,-0.100124418735504,-0.00620768964290619,0.0704438909888268,-0.00351971108466387,-0.0705612823367119,-0.0473939888179302,0.0452000796794891,-0.0920280516147614,-0.00644806120544672,0.0117881763726473
"cg01925738",0.135432168841362,-0.116546362638474,0.0265978686511517,0.261209785938263,-0.0173556748777628,-0.139860332012177,0.0647896230220795,0.0460892058908939,0.0111362058669329,-0.0885336473584175,-0.0233241636306047,0.0277925338596106,-0.0353435873985291,0.00209344900213182,0.00544711761176586
"cg08196968",0.321468025445938,-0.0629753842949867,0.00156901287846267,0.0579487197101116,-0.0184791292995214,0.257905572652817,-0.0224696863442659,0.115318670868874,0.0142830265685916,0.00321826688013971,-0.0312395021319389,-0.077343612909317,0.170506671071053,0.0604626573622227,-0.00152652803808451
"cg18156204",0.388451308012009,-0.0518381483852863,0.00142570293974131,0.0507972128689289,-0.00962452124804258,0.12115266174078,0.0122514013200998,0.0596910715103149,0.00289317383430898,0.0048883450217545,-0.00667809695005417,-0.0570730268955231,0.0465353205800056,0.0430573560297489,0.0446926839649677
"cg20281962",0.00667854119092226,-0.0956408604979515,0.180821523070335,0.0240683909505606,-0.0510925576090813,0.0402533859014511,-0.0401109121739864,-0.161376655101776,0.0381830222904682,0.0220395307987928,0.0353615991771221,0.0121748158708215,0.117489017546177,0.0805576965212822,-0.0339295938611031
"cg19106932",0.292995005846024,0.215183556079865,0.00217037997208536,0.0040028216317296,0.00504246121272445,-0.0551501214504242,0.0102675287052989,0.0329108200967312,-0.0609563291072845,-0.0761368125677109,0.0136751346290112,0.0558052510023117,0.105401992797852,0.0251811277121305,0.00557835819199681
"cg08441803",0.0821093767881393,-0.100319504737854,-0.00417326251044869,0.178814917802811,0.00460255471989512,-0.219396904110909,0.169250220060349,0.26525154709816,-0.168450117111206,0.0235705841332674,-0.0336425714194775,-0.010522079654038,0.199645757675171,-0.041606217622757,0.077513724565506
"cg24225517",0.401545137166977,0.0587341077625751,-0.0265956521034241,0.0822795480489731,-0.0161112397909164,0.057237021625042,-0.0129053806886077,-0.0091162258759141,-0.149601802229881,0.044478002935648,-0.00758656626567245,0.0133146289736032,-0.0414520427584648,0.0332706496119499,0.039464496076107
"cg04964672",-0.142023399472237,-0.0847311168909073,-0.00337745831348002,0.491926163434982,-0.002093062736094,-0.0304752122610807,-0.0180612448602915,-0.190185710787773,0.0383678153157234,-0.0936991050839424,0.0592158921062946,0.0241315234452486,-0.0120790787041187,-0.0082194022834301,-0.0424684099853039
"cg06817490",0.411904811859131,0.0426325052976608,-0.00215539010241628,0.0377457104623318,0.00137389253359288,-0.0460801534354687,0.00384737085551023,0.0256736185401678,0.133890047669411,-0.136712566018105,0.00914191827178001,-0.00588693888857961,0.0412582606077194,0.0476880259811878,0.0243304912000895
"cg02246055",0.324754625558853,-0.0740000605583191,-0.0478055849671364,-0.073185533285141,-0.00223181559704244,0.0825771689414978,-0.0822693482041359,-0.153124839067459,0.250817358493805,-0.0751704350113869,0.0264041237533092,0.0288335289806128,0.0760757774114609,0.0659133344888687,-0.0682769119739532
"cg17480646",0.214980810880661,0.109704740345478,0.00573836825788021,0.0192318875342607,0.0163520332425833,-0.110452085733414,0.257028341293335,-0.194436818361282,-0.0559914298355579,-0.00421903980895877,-0.0165797974914312,-0.00847427919507027,0.210918232798576,-0.0966422781348228,-0.0117886532098055
"cg06223767",0.358964830636978,-0.0543686561286449,0.022383825853467,0.194712445139885,0.00107645022217184,0.110146164894104,0.033776193857193,-0.022661279886961,-0.214713394641876,0.0715107023715973,-0.00503334542736411,-0.0046957153826952,-0.178709581494331,-0.013978130184114,0.0888835266232491
"cg17760405",0.278847575187683,-0.224440857768059,-0.0485629178583622,0.00338717526756227,0.0104596586897969,-0.0812504217028618,-0.207273498177528,-0.012493846938014,-0.128734901547432,0.124923624098301,0.0985695645213127,-0.0358839966356754,0.115682974457741,-0.0527083836495876,-0.0750671327114105
"cg25070340",-0.11422161757946,-0.234739720821381,-6.75157571095042e-05,0.14326736330986,-0.00956048350781202,0.138781562447548,-0.0302911326289177,-0.0606374070048332,-0.0986176952719688,0.0178066864609718,0.0240836087614298,0.0361994951963425,0.161895766854286,0.136525437235832,0.0986265987157822
"cg12664209",0.345961332321167,0.0190230943262577,-0.000178285408765078,0.00659736013039947,-0.00536202918738127,0.236627370119095,-0.068309411406517,0.0320511870086193,-0.253095000982285,0.00478786882013083,0.0107688382267952,0.0021479744464159,-0.0233478397130966,-0.0496486015617847,-0.00765469111502171
"cg08887400",0.334398448467255,0.0173612684011459,0.112464673817158,-0.0159858167171478,-0.00435370113700628,-0.206267073750496,-0.0132046351209283,-0.130237847566605,0.112875401973724,0.0047423429787159,-0.00506927724927664,0.120724387466908,0.0421180874109268,0.0885568708181381,-0.00422938214614987
"cg23858040",0.323537021875381,-0.0577935092151165,-0.0015925943152979,0.0793203711509705,-0.017691059038043,0.154872745275497,-0.0534458197653294,-0.0342916361987591,-0.280468821525574,0.0101731140166521,0.0132680526003242,0.0062065627425909,-0.203838765621185,0.00048875727225095,-0.0028999513015151
"cg13670833",0.291699290275574,-0.103518597781658,0.0024990844540298,0.0240052808076143,-0.0031797478441149,-0.217514514923096,-0.0244500860571861,-0.0215882007032633,-0.0996615961194038,-0.0236851703375578,-0.00583588937297463,-4.55194422102068e-05,0.0901883244514465,0.0308067910373211,-0.0336732529103756
"cg22491927",0.309151589870453,-0.16140541434288,-0.00718022929504514,0.161872044205666,0.00192701735068113,0.0306597389280796,0.0046257209032774,-0.000989860622212291,-0.269579827785492,0.0385515578091145,-0.012605887837708,-0.00792388431727886,-0.137696504592896,0.0335015691816807,0.0364076755940914
"cg26353296",0.277433186769485,0.19805520772934,-0.00739871151745319,-0.0011479725362733,0.0124206328764558,-0.221097692847252,-0.00385916023515165,-0.0184708256274462,-0.0592986978590488,-0.0396307222545147,-0.00220479210838675,-0.0315401144325733,0.288265943527222,0.0489299558103085,0.00488820439204574
"cg05523911",0.336160212755203,0.0632899105548859,0.00180804159026593,0.195330768823624,-0.00470431940630078,-0.0535295680165291,0.0656948834657669,0.0595863796770573,-0.0389288328588009,0.0897075459361076,0.00228617549873888,0.0215348340570927,-0.0735078155994415,-0.104037925601006,0.0821387991309166
"cg12219325",0.321996480226517,0.165109112858772,-0.0651103258132935,0.000326825014781207,0.0268534403294325,0.138979509472847,0.00365743017755449,-0.174071043729782,0.231456488370895,-0.124936006963253,-0.0136321112513542,-0.0492010861635208,0.0741309002041817,0.0761033445596695,0.0070929522626102
"cg12060744",0.279590874910355,-0.164525181055069,0.00409023929387331,0.100268699228764,0.00531364046037197,-0.0217661485075951,0.015742490068078,-0.101006664335728,-0.156033456325531,-0.0313987918198109,0.0017844766844064,0.00482793897390366,-0.0286948662251234,0.0363754779100418,0.0923479869961739
"cg02374745",0.376811176538467,0.000963900703936815,-0.000210110287298448,0.0490169338881969,0.00182885210961103,0.11089713871479,0.052647303789854,0.0082996292039752,-0.0715414956212044,0.00788774620741606,-0.0112488064914942,0.0184129122644663,0.0337301939725876,-0.0175773184746504,-0.00536939408630133
"cg02657401",0.128031045198441,-0.337159425020218,-0.00255702924914658,0.266026943922043,-0.00847929064184427,-0.13880680501461,0.0203908663243055,0.0138460258021951,-0.124235816299915,-0.0937751680612564,-0.0063506024889648,-0.00214076414704323,-0.0781246274709702,-0.0146442642435431,-0.00924977380782366
"cg05298922",0.366267651319504,-0.016443595290184,0.00218226318247616,0.138586029410362,0.00187406595796347,0.00982930790632963,0.0364055670797825,-0.0489892326295376,0.0568625703454018,0.0583711974322796,-0.00429067853838205,-0.00671612424775958,-0.0961822047829628,-0.0322422757744789,0.0279594324529171
"cg01778345",0.0282178558409214,-0.0322059616446495,-0.0033959848806262,-0.0294400434941053,0.000830162665806711,0.0175256319344044,-0.0489457733929157,0.0379924327135086,-0.00247082207351923,-0.0107825435698032,0.0228319764137268,-0.0187928359955549,0.0375428423285484,0.0222218558192253,0.0155578544363379
"cg06223834",0.19268573820591,0.29592701792717,-0.0189931150525808,-0.000577292346861213,0.0182864554226398,0.304222464561462,0.0481794625520706,0.0891291499137878,0.0646360889077187,-0.227745696902275,0.0674213394522667,-0.120061457157135,0.0819517746567726,-0.0853693261742592,0.00153411319479346
"cg11270393",0.279289066791534,-0.307408154010773,-0.00208252086304128,0.0143134705722332,0.000858296756632626,0.109806962311268,-0.0297995433211327,-4.21640506829135e-05,0.254790723323822,0.0125561244785786,0.0155516695231199,-0.00488795340061188,0.0649866908788681,0.0467380471527576,0.0106252282857895
"cg20647610",0.232581123709679,-0.25718155503273,0.000591783900745213,0.287127733230591,0.00763218384236097,-0.244801327586174,0.00368898967280984,-0.0538400188088417,-0.0263956561684608,0.0428347028791904,0.025800796225667,-0.0160641279071569,-0.0455717816948891,0.0065154149197042,0.0583642832934856
"cg14684457",0.259544730186462,0.320842087268829,0.137739688158035,0.0106623573228717,0.0163321532309055,0.0348672345280647,-0.0890729576349258,-0.088711604475975,0.135036200284958,0.154686272144318,-0.00640020426362753,-0.046141691505909,0.0770956128835678,-0.0772130340337753,0.0156158609315753
"cg13246235",0.329179644584656,-0.0761513113975525,0.0760239213705063,0.0566628687083721,-0.0175164900720119,0.010398200713098,0.0384093783795834,0.105718232691288,-0.0926385968923569,-0.111967146396637,0.0121147008612752,0.0147310299798846,-0.0876976102590561,0.0192966647446156,-0.0889768153429031
"cg18553732",-0.229116633534431,-0.24775792658329,0.0833078101277351,0.0999195575714111,0.011230724863708,0.171291694045067,0.0948892161250114,-0.032791581004858,-0.0775491148233414,0.0886932536959648,-0.0340459942817688,-0.0204435158520937,0.136677369475365,-0.148775562644005,0.00222505652345717
"cg06951647",-0.277990847826004,-0.122027494013309,0.0728801116347313,0.305482178926468,-0.00543473102152348,0.0246048122644424,-0.153834611177444,-0.0634160861372948,0.0949582830071449,-0.0112443175166845,-0.00254738796502352,-0.00164428260177374,0.0997235104441643,-0.0448997132480145,0.0750913769006729
"cg16049391",-0.0226835440844297,-0.0307103861123323,0.149135425686836,0.316459387540817,-0.0115055227652192,0.0144327916204929,-0.304102182388306,-0.0784405693411827,0.225070685148239,0.143210515379906,0.0358454994857311,-0.0759506374597549,0.0640392377972603,-0.0329765528440475,0.162253454327583
"cg07909759",0.033954132348299,-0.237766161561012,0.0183540433645248,0.00170846609398723,-0.00243863603100181,-0.288951814174652,0.0167716294527054,-0.0899433642625809,-0.0861288905143738,0.142320677638054,-0.0738880485296249,0.0363737866282463,0.239582628011703,0.000355206895619631,-0.0893207490444183
"cg21858255",0.354905545711517,-0.074735514819622,-0.00285228923894465,-0.0587599948048592,-0.0007753154495731,0.0140653904527426,0.0259316023439169,-0.0999548584222794,0.114335119724274,-0.000670395907945931,-0.00852237362414598,0.0209442619234324,0.0868365690112114,-0.0566733442246914,-0.0635415986180305
"cg15205547",0.388292819261551,0.260343015193939,0.0118587538599968,-6.03818443778437e-05,0.00330208148807287,-0.114055514335632,-0.000106440478703007,-0.0370295755565166,-0.105779401957989,0.00557960337027907,-0.0098516745492816,0.0222544074058533,0.000348205940099433,-0.00316612771712244,-0.0655355080962181
"cg23592392",-0.0941708236932755,0.000688716187141836,0.00861125346273184,0.500412046909332,0.020352715626359,-0.0220418926328421,0.00537585560232401,-0.0235184542834759,-0.215104848146439,-0.0937473550438881,0.00870950520038605,-0.0125472620129585,-0.0481708645820618,0.0174439754337072,-0.114942111074924
"cg05783185",0.25484311580658,0.0392946563661098,0.00618576537817717,0.0861286595463753,-0.00327478069812059,0.0669560208916664,0.110918872058392,-0.0130194639787078,0.0831291973590851,-0.325133919715881,-0.000271683093160391,-0.000246654642978683,0.0427633821964264,-0.0151524683460593,0.0493369325995445
"cg17757602",0.367083609104156,0.0225234478712082,0.00333499652333558,-0.040072362869978,-0.00276435539126396,0.0801063179969788,-0.105500988662243,-0.0202434938400984,-0.0322933197021484,-0.019600585103035,0.0274411719292402,-0.0020460186060518,0.0512943528592587,-0.0546822138130665,0.0274378061294556
"cg03347632",0.0866702049970627,0.0383273661136627,-0.158676952123642,0.216640949249268,0.0157175548374653,0.0154302539303899,-0.0300037562847137,0.419990658760071,0.0642107278108597,0.0795121192932129,0.111347168684006,-0.0568173788487911,0.0624376013875008,-0.105077408254147,0.0850828886032104
"cg00157796",0.389581203460693,0.168685495853424,0.0238203071057796,0.0471332930028439,-0.00620467634871602,-0.00903932843357325,0.00811110902577639,-0.0337450951337814,-0.123565472662449,0.0463779717683792,0.0085476990789175,0.0202264506369829,-0.0147614078596234,-0.00216421973891556,-0.011435491964221
"cg08253164",0.214730367064476,-0.0302015729248524,-0.0134777603670955,0.0915935486555099,0.00226767966523767,-0.0632800608873367,0.192236363887787,-0.108722619712353,-0.023426815867424,-0.156139925122261,-0.00189342733938247,-0.0023333674762398,0.184697389602661,-0.00599698629230261,-0.0387578718364239
"cg18318649",0.272857576608658,-0.314465284347534,-0.0104201687499881,0.102073535323143,-0.000425434351200238,-0.0861670523881912,-0.0678008049726486,-0.0926457718014717,-0.0938437208533287,0.0482152849435806,-0.00846384838223457,0.024638282135129,-0.0391091629862785,-0.0656070932745934,-0.0236575789749622
"cg21282630",0.353279918432236,-0.0482702478766441,-0.00332795339636505,0.167847245931625,0.0111456280574203,0.0626692399382591,-0.0250306595116854,-0.0395683348178864,0.00850897561758757,-6.77846619510092e-05,0.0156175969168544,-0.0645169988274574,-0.0694998651742935,-0.0292500369250774,0.0958828181028366
"cg01764252",0.298701107501984,-0.230532795190811,0.0363313965499401,0.143046393990517,0.00183490465860814,-0.225860297679901,-0.105965748429298,-0.0096723660826683,-0.00523836025968194,0.0717518255114555,-0.000612105242908001,-0.0387074276804924,-0.00820652022957802,-0.0793765634298325,0.00196682056412101
"cg02221866",0.21155771613121,-0.223605707287788,0.0217226408421993,-0.0928689986467361,0.0291554033756256,0.0202108435332775,-0.187174469232559,-0.0155874714255333,0.0798621401190758,-0.0991533696651459,-0.0491769202053547,-0.00492867361754179,0.142495825886726,-0.0127411969006062,0.0260429661720991
"cg25633678",0.12565752863884,-0.349043279886246,-0.0662881135940552,0.3909692466259,-0.026301346719265,-0.254638969898224,-0.0958613604307175,-0.0274330861866474,-0.0107791125774384,-0.0889186561107635,-0.0321446098387241,-0.0340104810893536,-0.0694778710603714,0.00545909116044641,-0.0172796286642551
"cg13910785",-0.0588852614164352,-0.0261997822672129,-0.00380759756080806,0.160544663667679,-0.00377693702466786,0.0185369085520506,0.0177280623465776,0.0105866491794586,0.0437826216220856,0.0320578441023827,-0.00256928708404303,0.0339980609714985,0.0359020307660103,-0.0744791328907013,0.0342830009758472
"cg02654411",-0.149590238928795,-0.299999296665192,0.00144334114156663,0.0848330706357956,0.0115319900214672,0.332119971513748,-0.173297673463821,0.112375676631927,-0.0512264110147953,0.00252725859172642,0.0139824170619249,0.0020975018851459,0.108517006039619,0.0497500970959663,0.0198871083557606
"cg02236650",0.326974809169769,0.143862009048462,0.0082913851365447,0.117090821266174,-0.000950336630921811,-0.172138184309006,-0.0211844369769096,-0.0373216457664967,-0.0557833053171635,-0.0246315374970436,0.0469427853822708,-0.0364998281002045,0.102386809885502,0.0330755859613419,0.00865814741700888
"cg15617814",0.137696385383606,-0.249339237809181,-0.000197821413166821,0.0347237586975098,-0.0157412756234407,0.0994094014167786,-0.141173869371414,0.0542370788753033,-0.0493373796343803,-0.132864832878113,0.0320127308368683,0.00883913692086935,-0.125085353851318,0.0580747276544571,0.0453622005879879
"cg09313053",0.227966770529747,-0.044059157371521,0.00399248721078038,0.0630955994129181,0.0260940138250589,0.00603037513792515,-0.0105455964803696,-0.00834784191101789,-0.0627051740884781,-0.0509690009057522,0.0115928929299116,-0.0332083813846111,-0.0608411617577076,0.00239441124722362,-0.0109460959210992
"cg08495115",0.38741871714592,-0.0279213041067123,0.00243729539215565,0.054320927709341,0.0134480651468039,0.0700274333357811,-0.0580399632453918,-0.0423169732093811,-0.115166150033474,-0.0131617756560445,0.000196966415387578,0.0108081344515085,-0.10981472581625,0.01022810023278,-0.0194416884332895
"cg04246763",0.260515987873077,0.273087531328201,0.194666057825089,0.0862880349159241,-0.0490075014531612,-0.179521486163139,-0.126689940690994,-0.0659606009721756,0.0345248132944107,0.101846002042294,-0.0613161846995354,0.00186797697097063,0.0455898493528366,0.044676411896944,0.0412334091961384
"cg11734845",-0.197540521621704,0.102436780929565,-0.00108559464570135,0.491844177246094,0.00220454134978354,0.0899569168686867,0.083392545580864,-0.0813523381948471,0.129760548472404,-0.0442767217755318,0.0265529155731201,0.016557777300477,-0.0805050283670425,0.00968326348811388,-0.137131690979004
"cg10834205",0.326986849308014,-0.120602019131184,-0.00142237998079509,-0.0311723425984383,0.00227389088831842,0.234268069267273,0.0373680330812931,-0.0243809744715691,0.203547790646553,0.0453052595257759,-0.0560367815196514,-0.0265176836401224,0.0533199608325958,-0.0727101862430573,-0.00565937533974648
"cg10372476",0.347770005464554,0.0628471970558167,0.0012280207592994,0.131846785545349,0.00745153101161122,0.0310100875794888,0.0646660849452019,0.0247341431677341,-0.194824874401093,-0.00500594638288021,0.0188529305160046,-0.0102901291102171,-0.132484406232834,-0.00525607587769628,0.0162548962980509
"cg10956848",-0.215797901153564,0.150683537125587,-0.00133094331249595,0.254937142133713,0.0371131859719753,0.228856071829796,0.0130666689947248,0.0487039685249329,-0.152851432561874,0.00850904826074839,0.0025623778346926,0.043740376830101,0.124495536088943,-0.0474544949829578,0.049565639346838
"cg18465484",0.302833706140518,-0.0818117633461952,0.132040292024612,0.189253911375999,-0.00474198022857308,-0.125837624073029,0.0590184070169926,-0.0437503345310688,0.0590388290584087,0.0713647827506065,0.0067445607855916,-0.0203567035496235,0.0994576066732407,0.0472473353147507,0.0875374376773834
"cg09684233",0.378813326358795,0.201991498470306,0.00408156448975205,-0.000670917972456664,-0.00802975334227085,-0.0451286360621452,0.107188515365124,-0.00425316439941525,-0.0457612201571465,0.0185866225510836,-0.000801759539172053,-0.0052652764134109,0.0470404103398323,-0.00447763781994581,-0.0163886118680239
"cg03599978",-0.0154629992321134,0.0898294225335121,0.160999611020088,0.160529986023903,-0.00402481108903885,-0.0892228484153748,-0.0345224551856518,-0.109775617718697,-0.0210570693016052,0.121268600225449,-0.00868953950703144,0.0321765728294849,0.0346561633050442,0.0048131700605154,0.0158869214355946
"cg04110601",0.328307896852493,-0.0879181623458862,-0.000575134938117117,0.12429216504097,0.00114074419252574,0.263880908489227,0.068454921245575,-0.0145687805488706,-0.044249389320612,0.124193347990513,-0.000410656095482409,-0.0152256162837148,-0.136339500546455,0.0282399225980043,0.0273090600967407
"cg10883503",0.284087091684341,0.391253054141998,0.0635160282254219,0.000360770791303366,0.0120920520275831,-0.0377533920109272,-0.104646362364292,-0.09457977861166,0.0405005365610123,0.0567416250705719,-0.0125960595905781,-0.030298164114356,-0.000648570770863444,0.00467201229184866,0.0364080183207989
"cg14045872",0.380711227655411,0.0364474542438984,0.00240885303355753,0.104135058820248,-0.00331603898666799,0.0905929803848267,0.0569074414670467,-0.0816266238689423,-0.217708453536034,0.0426076911389828,0.00456241611391306,-0.0296722315251827,-0.133914768695831,-0.0124886576086283,-0.0730191171169281
"cg03217795",0.396554619073868,0.0291799400001764,-0.00136550073511899,-0.00857972167432308,0.0169221181422472,-0.159032642841339,-0.0112038664519787,-0.0555430799722672,-0.095851719379425,-0.0313498824834824,0.0117590725421906,0.0049369428306818,-0.0691469088196754,0.0476128198206425,0.0280789416283369
"cg21459340",0.365943491458893,-0.131591513752937,0.00971253588795662,0.0372446998953819,0.00122264947276562,0.126994520425797,0.101462699472904,-0.0934503376483917,0.0832246989011765,0.000807611853815615,0.00373140117153525,0.00374964578077197,-0.0370356515049934,-0.0260006263852119,-0.00963864102959633
"cg18077971",0.332355111837387,0.0395223088562489,0.0148805566132069,0.181306049227715,-0.0214503463357687,-0.194700852036476,0.106786742806435,0.0928465500473976,-0.0230732448399067,0.0957820862531662,-0.00255267531611025,-0.00758393807336688,-0.0380327068269253,-0.0127982748672366,0.0989443585276604
"cg01896761",0.26453560590744,-0.00339416996575892,0.0150840310379863,0.0877465754747391,0.00370845897123218,0.274584263563156,-0.0499459654092789,0.105778940021992,-0.129697501659393,0.0296660102903843,0.000634870550129563,0.0396451540291309,0.0929879024624825,-0.0204068217426538,0.012730267830193
"cg23205034",-0.357915550470352,-0.270305156707764,0.0515439659357071,0.0583241730928421,0.00531521998345852,0.105227716267109,-0.122734904289246,-0.0402945317327976,-0.101155683398247,0.0886354669928551,0.0325082279741764,-0.0585176311433315,0.114063836634159,-0.0857119634747505,-0.00616557663306594
"cg06958766",-0.0403982773423195,-0.231249868869781,0.0477190166711807,0.0393314957618713,0.0342491567134857,0.154291883111,0.00148201652336866,0.184999465942383,-0.00395635841414332,-0.115092448890209,-0.00028938619652763,0.0726277083158493,0.181141465902328,0.0681478083133698,-0.121765360236168
"cg25318809",0.305638819932938,-0.0980387926101685,-0.0132983876392245,0.00243787933140993,-0.0312273260205984,0.310510218143463,0.0403559841215611,-0.0608975850045681,0.0554760694503784,0.0637022256851196,-0.0148587180301547,-0.00246872077696025,0.0766946822404861,0.0173241589218378,-0.002346201101318
"cg25958283",0.340107917785645,-0.160027295351028,0.00483741331845522,0.187615424394608,0.00890987366437912,-0.0101958923041821,0.00979651417583227,-0.0566453486680984,-0.147394254803658,-0.0134468777105212,-0.00969350710511208,-0.0025499879848212,-0.15142922103405,0.0043330006301403,0.068402498960495
"cg08015388",-0.286326974630356,-0.137966722249985,0.00226830109022558,0.416787564754486,-0.0231415517628193,0.111956365406513,0.00384223903529346,-0.0642677322030067,0.0574253648519516,-0.043036337941885,0.00348557927645743,-0.0193223636597395,0.00513169448822737,-0.0289048161357641,-0.059372715651989
"cg10868817",0.319224864244461,-0.0477991886436939,0.0482441633939743,0.104196034371853,-0.0649986788630486,0.0692161023616791,-0.0459521226584911,-0.00748095288872719,-0.179855450987816,0.0072410861030221,-0.00150131760165095,0.0094879912212491,-0.135231032967567,-0.0237081870436668,-0.103978522121906
"cg25319067",0.0489376224577427,-0.0519874729216099,0.188943266868591,0.00176662253215909,-0.0384962037205696,0.0712196826934814,-0.095936194062233,-0.118705004453659,-0.000674448325298727,0.0858056843280792,-0.0123200314119458,0.0442197285592556,0.134772941470146,0.0617164969444275,0.10883817076683
"cg10791959",0.111914798617363,-0.269571751356125,-0.00523311505094171,0.329160332679749,0.00274796993471682,-0.231938719749451,-0.0578372962772846,0.0723059475421906,0.136180818080902,-0.0265630204230547,0.0281938165426254,0.0118648195639253,-0.0127486661076546,0.0635054633021355,0.0343661904335022
"cg16171526",0.307615876197815,-0.0613640248775482,0.038589671254158,-0.0311792623251677,-0.006028535310179,-0.0189624130725861,0.0892480984330177,-0.192708492279053,0.147304251790047,-0.091506227850914,0.00269024167209864,0.017879044637084,0.164129018783569,0.0553441010415554,-0.00801241397857666
"cg02474799",0.345621287822723,-0.203246727585793,-0.00615186151117086,0.00392525410279632,0.00423547858372331,0.0113084306940436,-0.0411846525967121,-0.085298091173172,0.0441646538674831,0.00295199337415397,-0.00778771610930562,-0.000180952934897505,0.121748216450214,0.0742935314774513,0.0539216436445713
"cg03949284",0.397136867046356,0.131579518318176,-0.0485417395830154,0.0490145683288574,0.00126214954070747,-0.018448643386364,0.0305942445993423,0.0477082766592503,-0.0702825933694839,-0.0507616363465786,0.0373147390782833,0.0517486408352852,0.206409245729446,0.085718609392643,-0.0710994228720665
"cg16725050",0.289946436882019,0.0249990336596966,0.0849186033010483,0.00134810851886868,0.00388319906778634,0.07110246270895,-0.0972895920276642,-0.107251986861229,0.202424511313438,-0.159082695841789,-0.0116562908515334,-0.00198442721739411,0.172246411442757,-0.0672695711255074,-0.029645262286067
"cg00904966",0.21873976290226,-0.226830542087555,0.000611388473771513,0.204732045531273,0.00908856373280287,0.0602562800049782,0.0352219194173813,-0.00404024170711637,-0.164461567997932,-0.119466044008732,0.0114990212023258,0.000783662719186395,-0.0701297968626022,0.0283019971102476,-0.0592235065996647
"cg09258813",0.36390095949173,-0.0569133870303631,0.00172887661028653,0.136600434780121,0.0118216956034303,0.171933174133301,-0.0328982993960381,0.00496985670179129,-0.120265275239944,0.0247467719018459,0.037154458463192,0.0059369090013206,-0.110012404620647,-0.00654364982619882,0.0352868102490902
"cg23528400",0.38313952088356,-0.0546561516821384,0.0310654900968075,0.0666573494672775,0.0302342008799314,0.0911924168467522,-0.0122507158666849,-0.00694283097982407,-0.118557833135128,0.00251309503801167,-0.0161421969532967,-0.0159683097153902,-0.0600067675113678,0.00112264323979616,0.0391888022422791
"cg04579966",0.28005775809288,0.113543778657913,-0.000801030953880399,-0.0815968066453934,-0.00562273245304823,0.118544451892376,-0.186756432056427,-0.0222011022269726,-0.00556916603818536,0.00698111159726977,0.0398892126977444,0.022607235237956,0.135726824402809,0.104793436825275,0.0130375260487199
"cg11791751",0.374311327934265,-0.0680264309048653,-0.0118907084688544,0.0608500987291336,-0.000783319643232971,0.0892443209886551,-0.099078431725502,0.0285395830869675,0.12816309928894,-0.0105148442089558,-0.0360083915293217,-0.0320377834141254,-0.0556269362568855,-0.00473067024722695,0.03983498737216
"cg03198578",0.279917627573013,-0.124866388738155,-0.0631391480565071,0.0167007744312286,-0.013187569566071,0.0179995000362396,-0.0284259002655745,-0.106527388095856,0.14213627576828,-0.0567228831350803,0.0113394232466817,0.0534819923341274,0.0992263481020927,0.000747474550735205,-0.013457597233355
"cg02574073",0.163920193910599,-0.111820533871651,0.0436769463121891,0.188148573040962,-0.0128109073266387,-0.0572534985840321,0.0140210427343845,0.202260434627533,-0.0619698874652386,-0.123352698981762,-0.00507490197196603,0.0949592217803001,0.123399615287781,0.0121527714654803,0.0109239974990487
"cg11197206",-0.358004152774811,-0.253525614738464,0.0581509172916412,0.0582645125687122,0.0185107365250587,0.228516727685928,0.0920469239354134,-0.00622577406466007,-0.0621955282986164,-0.00173961382824928,-0.0133340265601873,-0.0543981902301311,0.0609669536352158,-0.067454881966114,0.0737776160240173
"cg14511739",0.272947192192078,-0.0422924757003784,0.000674891518428922,-0.0758826360106468,0.0166100189089775,0.163438782095909,0.0838443115353584,-0.103095337748528,0.0671802386641502,0.0494728051126003,-0.0692507699131966,-0.000608888687565923,0.112255737185478,0.00418722117319703,-0.0241699926555157
"cg14603098",0.354276388883591,-0.036674365401268,-0.0258705969899893,0.151077091693878,-0.00127083424013108,-0.14419087767601,-0.0705117657780647,-0.00393280573189259,-0.265776723623276,-0.0143270809203386,-0.00786055438220501,-0.00906360521912575,-0.0566846318542957,0.0788319855928421,0.038540568202734
"cg21672292",0.106616660952568,-0.292146861553192,0.0290044043213129,0.00198167469352484,-0.0146542033180594,0.0866929665207863,0.0787031278014183,-0.207792580127716,0.0376801453530788,-0.19842055439949,-0.0482988208532333,0.102077379822731,0.161377027630806,-0.0198329593986273,0.0318722501397133
"cg07133994",-0.195745602250099,-0.0765613317489624,0.00451305415481329,0.296293288469315,-0.00139409815892577,0.0950191169977188,-0.148143693804741,-0.0388250425457954,0.152992725372314,0.0950939431786537,-0.0647488161921501,-0.0185830760747194,0.00297890417277813,-0.0140536203980446,0.218660816550255
"cg25485294",0.301294326782227,-0.0412075370550156,0.00269975932314992,-0.0427911467850208,0.000516432512085885,0.116604715585709,-0.17371754348278,-0.0027864626608789,0.213602945208549,-0.0163678620010614,-0.00105266098398715,-0.00869152974337339,0.112144209444523,-0.0437679477035999,-0.0398491285741329
"cg21587238",0.181145191192627,-0.36353799700737,-0.00193055800627917,0.144790425896645,0.00668074795976281,-0.0280873719602823,0.179114773869514,0.0445343181490898,0.0127390008419752,-0.0896710082888603,-0.00291287410072982,0.00152380869258195,-0.00018388606258668,-0.0318676307797432,-0.00280082551762462
"cg07852757",0.371234595775604,0.0270132012665272,-0.015167485922575,-0.00135032122489065,-0.0149395978078246,0.217791840434074,-0.064646914601326,0.0151188587769866,-0.193218722939491,0.100661680102348,-0.00492420559749007,-0.0353812389075756,-0.0599340051412582,0.00169216829817742,-0.00944138132035732
"cg26859593",-0.188249155879021,0.0411341972649097,-0.00467617576941848,0.55279666185379,-0.026770755648613,0.0554810427129269,-0.00963746104389429,-0.0648202300071716,-0.0205289535224438,-0.00245663104578853,-0.00917214713990688,-0.0103903682902455,-0.0381021276116371,0.0138826835900545,-0.1028917953372
"cg03736795",0.163377046585083,-0.283028274774551,0.012316825799644,0.220920905470848,0.0119577748700976,-0.246216744184494,0.00220264540985227,-0.126121789216995,0.118350058794022,0.0862253904342651,0.0222803726792336,0.00446204375475645,-0.0267858188599348,-0.0372872613370419,0.0312457866966724
"cg06632027",0.350833117961884,-0.157158151268959,-0.0229889415204525,0.120081685483456,0.0272173322737217,-0.0387419797480106,-0.0695271641016006,0.00961343944072723,-0.0406108573079109,-0.00626786798238754,-0.00653116917237639,-0.000591070216614753,0.0561086758971214,0.0145074790343642,0.0873537734150887
"cg10440578",0.345032066106796,-0.0964373424649239,-0.000577253405936062,0.0836158469319344,0.0271565709263086,-0.215439230203629,-0.0101990811526775,0.00345651502721012,0.0660953521728516,0.0129082249477506,-0.0100958403199911,0.0143511090427637,-0.0822195634245872,-0.00048761346261017,0.0718325600028038
"cg14501061",0.201517090201378,0.102238275110722,-0.00232098833657801,-0.00275912997312844,-3.46133929269854e-05,-0.15303735435009,0.141206473112106,-0.151432514190674,-0.180074483156204,-0.051568116992712,0.00436255615204573,-0.0675818026065826,0.289469599723816,-0.0860106945037842,0.00169962830841541
"cg12905252",-0.199639990925789,-0.0653796717524529,0.070772111415863,0.369105637073517,-0.0453997179865837,0.237779498100281,0.163991719484329,-0.00653334334492683,0.0834395885467529,0.121032997965813,-0.0216819196939468,0.0098959319293499,0.0223249588161707,0.00971526373177767,-0.0328732803463936
"cg10606490",0.127072706818581,-0.306699126958847,5.71888558624778e-05,-0.00680485181510448,-0.0103477034717798,0.00923337135463953,-0.329559713602066,0.00100057944655418,-0.0707897767424583,0.0261991377919912,-0.00158307631500065,0.0123052252456546,0.149645119905472,-0.0652976632118225,0.00726338662207127
"cg19851816",0.0500223264098167,0.0655844062566757,0.0602085702121258,0.0539572574198246,-0.0180210005491972,-0.0015889136120677,0.015096471644938,0.0106718577444553,-0.207080617547035,-0.243093147873878,-0.0216368585824966,0.0122426273301244,0.212959498167038,0.0054705273360014,0.179291322827339
"cg22125968",0.284352093935013,-0.188800826668739,-0.00704984180629253,-0.0125323468819261,0.0161289609968662,0.0132916420698166,-0.0225305669009686,-0.0778211876749992,0.102508708834648,0.111504502594471,-0.0159777458757162,-0.037019569426775,0.237460598349571,-0.00666939606890082,-0.000428612343966961
"cg05739476",0.254375845193863,0.397528558969498,0.15583424270153,-6.90896122250706e-05,-0.010649343021214,-0.192376554012299,-0.145051389932632,-0.0695994794368744,-0.0582764223217964,-0.028382109478116,-0.000993248540908098,0.0527053736150265,0.111709624528885,0.0233006943017244,-0.00522832851856947
"cg16937268",0.273177951574326,-0.212462171912193,-0.000205675547476858,0.281260818243027,-0.0263739712536335,-0.163392767310143,0.0516375415027142,-0.0716530829668045,0.0511279851198196,-0.0206515304744244,-0.00887317396700382,-0.0118297105655074,-0.0872252658009529,-0.0405292548239231,0.0676408857107162
"cg22881914",0.378294199705124,0.0435747690498829,0.0722722709178925,0.0404502898454666,0.0172631833702326,0.0471473373472691,0.100498706102371,0.0655056163668633,-0.091049425303936,0.000299731153063476,0.00406568916514516,0.00112817017361522,-0.0639791414141655,0.00169497611932456,0.0411339439451694
"cg16436210",-0.179211392998695,-0.137466296553612,-0.0612032786011696,0.37399286031723,0.0471984259784222,-0.0610863342881203,-0.0742735788226128,0.0625464916229248,0.00911697186529636,-0.0707616955041885,-0.00734336441382766,-0.0851251184940338,0.0843762457370758,-0.0824956223368645,0.00852607376873493
"cg27635394",0.241845428943634,-0.214003026485443,0.00263006892055273,-0.0920125171542168,0.0188778322190046,0.0346007905900478,-0.212384730577469,-0.00758730666711926,0.114859439432621,-0.0940451472997665,-0.0511601939797401,-0.010534648783505,0.124902121722698,-0.00358089059591293,0.00810982193797827
"cg00663077",0.25635227560997,-0.305254429578781,0.0100574856624007,0.174929544329643,-0.00389402965083718,-0.159547120332718,-0.0200249291956425,-0.0114626791328192,-0.0708554461598396,0.0426563955843449,-0.0435767248272896,-0.039903424680233,0.00634020892903209,-0.0978136211633682,-0.0125362779945135
"cg05106294",0.298070132732391,-0.14752371609211,0.00544025050476193,0.00417786324396729,0.0385524369776249,-0.148866534233093,-0.0510942339897156,0.0229065846651793,-0.118405684828758,0.093669593334198,-0.0186477024108171,-0.0716189071536064,0.137184724211693,0.0537277050316334,-0.0202812943607569
"cg23774356",0.342307686805725,-0.102142818272114,0.00473210960626602,0.15752862393856,0.00133448571432382,0.211680486798286,-0.00831406936049461,0.00118060980457813,-0.189197942614555,-0.00565712852403522,-0.00737046217545867,0.00381510378792882,-0.152584627270699,0.0288053974509239,0.00970835797488689
"cg24169669",0.127675995230675,-0.196452364325523,0.12980417907238,-0.0638597160577774,-0.0157649368047714,-0.180607035756111,0.045210063457489,0.0309827756136656,0.0170490089803934,0.0711025595664978,0.0176969897001982,0.0701829418540001,0.159677147865295,0.0517084263265133,-0.0875474736094475
"cg23221052",-0.057859867811203,0.0245650187134743,-0.0569938234984875,0.0915281921625137,0.0175277423113585,0.0225073881447315,-0.0319514125585556,-0.0368467047810555,0.0285692475736141,0.0278640780597925,-0.00499988486990333,0.0125849395990372,0.028835179284215,-0.0112749747931957,0.0334067344665527
"cg03064067",0.326405256986618,0.0927698910236359,1.12162133518723e-05,0.0788547396659851,-0.0123941516503692,0.0653010383248329,0.0782792642712593,-0.0246048085391521,-0.159545049071312,0.0668125599622726,0.00396270724013448,-0.00627103075385094,-0.053006537258625,-0.0293542481958866,-0.00427585607394576
"cg11281641",0.374735832214355,-0.0657489597797394,0.00647488608956337,0.0580465607345104,-0.0136244352906942,0.174352928996086,-0.0165841933339834,-0.0638184919953346,-0.101550400257111,-0.0457535348832607,0.0143924951553345,0.00351377157494426,-0.104272529482841,0.00138501892797649,0.0397560261189938
"cg02846648",-0.229884594678879,-0.00724538415670395,0.00431958306580782,0.516712427139282,-0.0331104695796967,0.0700130462646484,0.100972473621368,-0.0805418863892555,0.00372750405222178,-0.0245490428060293,0.0350735671818256,-0.0316270180046558,-0.00662751030176878,-0.00150892988312989,-0.106201961636543
"cg14972139",0.19630429148674,-0.115941472351551,-0.087085597217083,0.0545918829739094,0.028609735891223,0.254952102899551,-0.0182873960584402,0.319612860679626,-0.0240970347076654,-0.107592396438122,-0.00408388394862413,0.00839108601212502,0.20262710750103,-0.0816670954227448,-0.0445966683328152
"cg18363918",0.0672064647078514,-0.181363314390182,-0.00387574569322169,0.297776699066162,-0.0131207397207618,0.0528491288423538,0.0176020227372646,0.0338094532489777,-0.190556690096855,-0.0754415690898895,0.0173697732388973,0.00430838577449322,0.0503271520137787,0.0204843487590551,0.021516527980566
"cg13211683",0.330940097570419,-0.244694426655769,-0.000325848493957892,0.160657420754433,0.00229429267346859,0.0217995792627335,-0.0981316789984703,-0.00307693518698215,-0.0543535277247429,0.0056343786418438,0.00270366785116494,-0.00261004059575498,-0.131296500563622,0.00639816373586655,0.0198914911597967
"cg15006175",0.347404330968857,0.224827647209167,0.0588719137012959,-0.00842589139938354,-0.0391813702881336,-0.0941044390201569,0.016988568007946,0.00197057914920151,0.129261493682861,0.0117331864312291,0.00526493089273572,0.0711802393198013,0.103485643863678,0.020821513608098,0.0213388241827488
"cg05183931",0.298521101474762,-0.191677257418633,-0.0676210075616837,0.157429397106171,-0.0075077498331666,0.0957450792193413,-0.116588674485683,0.0314695835113525,-0.0530997663736343,0.0331618040800095,-0.0443641357123852,-0.0085867652669549,0.0565691851079464,0.00767628708854318,0.0745371654629707
"cg00065215",0.272400707006454,-0.230690479278564,-0.0492992289364338,0.171276822686195,0.0022084885276854,-0.0703751444816589,-0.0129578728228807,0.00248005567118526,0.0183130968362093,0.097593292593956,0.00641907984390855,0.0160040631890297,-0.0565401874482632,-0.035902377218008,0.00666417134925723
"cg19757573",0.0400194637477398,0.201584160327911,0.0393465831875801,0.386070281267166,0.010396939702332,0.0541675798594952,0.0495055615901947,-0.132167354226112,0.142147213220596,0.0539903677999973,-0.0258606784045696,-0.0325612872838974,-0.00243452889844775,-0.0907863304018974,0.127311661839485
"cg18224395",0.240571796894073,0.147802993655205,-0.0949214696884155,-0.0144485393539071,0.0213484242558479,0.139177858829498,-0.235286220908165,-0.128237515687943,0.147737339138985,-0.0599204413592815,0.125402122735977,0.000294258847134188,-0.00597830023616552,-0.00657090032473207,-0.0924221202731133
"cg13912117",0.256549954414368,-0.317593604326248,0.00116953894030303,0.163605630397797,0.000949945650063455,0.038371916860342,-0.0878338515758514,-0.0472254157066345,-0.117619358003139,-0.0703929364681244,-0.0151332402601838,0.0456260442733765,-0.167887195944786,0.053090326488018,-0.00953172333538532
"cg10643691",0.362928479909897,-0.185512557625771,0.0017628027126193,0.0304826349020004,0.026036448776722,0.104444533586502,0.0158997774124146,-0.0043135485611856,0.109700836241245,-0.0631004646420479,-0.0595008172094822,-0.059390015900135,0.112294003367424,-0.00246496684849262,0.0612667091190815
"cg26153054",0.317842334508896,-0.142855525016785,-0.00947879161685705,0.0709990561008453,0.00692338496446609,0.131997063755989,0.131810739636421,0.218933194875717,0.0792677104473114,-0.111863754689693,-0.00992670189589262,-0.0338435769081116,0.0686461925506592,-0.061634536832571,-0.0234651397913694
"cg04656042",0.230877131223679,-0.361693620681763,0.000680026598274708,0.135233327746391,0.0217491798102856,0.177286937832832,0.0184859819710255,0.145483925938606,0.0910725146532059,0.0811084806919098,0.00264568743295968,0.0514001585543156,-0.0529760979115963,-0.0517145693302155,0.0828532800078392
"cg21200408",0.361320823431015,-0.0734172612428665,-0.000358896446414292,0.0896879211068153,-0.00706230057403445,-0.0763197243213654,-0.0566463842988014,-0.019542770460248,-0.157027333974838,0.0112697016447783,-0.00650039501488209,0.00806647725403309,-0.135362461209297,-0.00928680598735809,0.0365352742373943
"cg09291131",-0.0128962956368923,0.126242846250534,0.0332017727196217,0.471199631690979,0.0131466826424003,0.093368723988533,0.089404359459877,-0.0273596588522196,0.183665156364441,0.00241986359469593,-0.0195132680237293,-0.0551121272146702,-0.00316723366267979,-0.0670527443289757,0.130492478609085
"cg08708961",0.0958583578467369,-0.010604090988636,0.0551092810928822,-0.013972457498312,0.0130325667560101,-0.169351816177368,-0.270159095525742,-0.129961177706718,0.0204946268349886,0.188851684331894,0.0024719478096813,-0.0412034727632999,0.0586825236678123,0.0497961901128292,0.155205979943275
"cg13703049",0.366866439580917,0.161552831530571,0.0545081347227097,-0.000109685919596814,0.0107929883524776,0.0444506704807281,-0.147410422563553,0.0261481329798698,-0.085106685757637,-0.0750926956534386,0.0177772529423237,0.0185872539877892,-0.0348005369305611,-0.0980139374732971,-0.012245511636138
"cg16999254",0.349709451198578,-0.0553138144314289,-0.00953602325171232,0.0945180058479309,0.0438319928944111,-0.0278927311301231,-0.140127018094063,0.101870559155941,-0.00578107591718435,0.117113575339317,-0.00720042549073696,0.00454682717099786,0.160136789083481,-0.0136944307014346,-0.0173279400914907
"cg07676859",0.300721436738968,-0.311825662851334,0.0675337016582489,0.0543176420032978,0.000326929119182751,0.0438534691929817,0.0207730326801538,0.0907611399888992,-0.0945242121815681,-0.0471699237823486,-0.0205264240503311,0.00433781184256077,-0.100950196385384,0.0295570809394121,-0.00200653867796063
"cg04970570",0.184910506010056,-0.37933561205864,-0.00565320113673806,0.228481724858284,0.00369383092038333,-0.0904792696237564,-0.0636138916015625,-0.00133262597955763,-0.0309528447687626,0.0731601491570473,-0.0403765551745892,-0.0467003919184208,-0.0536479353904724,-0.0666941255331039,-0.0141804181039333
"cg09623400",0.238167211413383,-0.204128950834274,0.000799603702034801,0.117748983204365,-0.00314666307531297,0.00720072910189629,0.0110325533896685,-0.0524956546723843,-0.387636601924896,-0.0476734675467014,0.0204451382160187,-0.0135340765118599,-0.0961620509624481,0.0259020030498505,0.126806110143661
"cg05385513",0.292352735996246,-0.068951278924942,0.037533812224865,-0.00024042722361628,0.0303504504263401,-0.0847693681716919,0.061785064637661,0.0557187311351299,0.00645754812285304,0.0819339752197266,-0.109260581433773,-0.0887755379080772,0.173239186406136,-0.042201329022646,-0.101482391357422
"cg18567924",0.28499248623848,-0.149311646819115,-0.002012551529333,0.241028368473053,0.0248219072818756,-0.119915351271629,0.051376573741436,0.0177792329341173,-0.0431889593601227,0.0546382740139961,0.036626759916544,-0.0402495004236698,-0.0125504555180669,-0.00198707450181246,0.106582969427109
"cg18323466",0.379656732082367,0.00764492340385914,-0.000355950964149088,-0.0499180369079113,-0.00897815730422735,0.196581125259399,-0.0782505497336388,-0.0357512310147285,-0.0903325080871582,0.0106748742982745,-0.0125348214060068,-0.048240602016449,-0.0548014752566814,0.0264966133981943,-0.0027031151112169
"cg03940848",0.375855922698975,-0.239319249987602,9.93088906398043e-05,-0.0101585201919079,0.0280466694384813,-0.141734078526497,-0.0615066364407539,-0.0173537395894527,0.117423616349697,0.0406037829816341,-0.0033177190925926,-7.14476409484632e-05,0.120110727846622,-0.0536902733147144,-0.00385464634746313
"cg24631482",0.36113715171814,0.0400467738509178,0.00208986480720341,-0.0714115053415298,-0.00819181930273771,0.0966888666152954,-0.080011859536171,-0.0192474499344826,0.200969368219376,-0.00189225294161588,-0.0625146105885506,0.071984201669693,0.150312140583992,0.0167165696620941,-0.0579312928020954
"cg02653559",0.312620371580124,0.0360489636659622,-0.0659853890538216,0.120055094361305,-0.00147648388519883,0.00772063620388508,-0.1212273016572,0.0160132516175508,-0.11680606752634,0.0481048561632633,0.00339150219224393,-0.0199467968195677,0.0024276243057102,0.00824068486690521,-0.0182908847928047
"cg15959715",0.334118723869324,-0.137442469596863,0.00538083305582404,0.256347417831421,0.00174040254205465,-0.0815678536891937,-0.0434969328343868,-0.0134455664083362,-0.0770096108317375,-0.0055764140561223,0.0078393230214715,0.000437483889982104,-0.186089217662811,-0.0139092933386564,0.0877575948834419
"cg20509869",0.134321719408035,0.152742654085159,0.18629989027977,0.216432377696037,-0.0428774580359459,0.135684818029404,-0.0844523385167122,-0.0332881212234497,-0.117919988930225,0.125301346182823,-0.0241886340081692,0.0124140810221434,0.251065164804459,0.0534332171082497,0.110625229775906
"cg07204280",0.308538794517517,-0.301456391811371,-0.00324604357592762,0.07840845733881,0.00373689457774162,-0.00981445889919996,-0.0585351251065731,0.0214173439890146,-0.0387167818844318,-0.0125912688672543,-0.00889504980295897,0.00973216071724892,-0.0685629695653915,0.0230090860277414,0.0310489051043987
"cg10416963",0.316974431276321,0.121405132114887,0.0411121994256973,0.0910614654421806,0.000305569468764588,-0.0825342461466789,-0.0720931217074394,0.0201028045266867,-0.0336846299469471,0.00625448487699032,-0.0298641044646502,-0.0604738742113113,0.168265089392662,-0.0372519269585609,-0.000421661708969623
"cg07810282",-0.192821204662323,0.0440762303769588,0.00623436737805605,0.551756799221039,-0.0266188271343708,0.109438426792622,0.0578654259443283,-0.0665625408291817,-0.0182344987988472,-0.0737447664141655,0.029446242377162,-0.009641801007092,0.00958079565316439,0.00712567009031773,-0.0666701793670654
"cg01520402",-0.198851093649864,-0.285497814416885,0.030471408739686,0.339721471071243,0.0021267777774483,0.0840214043855667,-0.0359801091253757,0.00220690411515534,0.100122824311256,-0.0551212504506111,-0.0259400904178619,-0.00856264773756266,0.025811180472374,0.00696935364976525,0.0739294812083244
"cg00802903",0.201167017221451,0.278344094753265,0.0866690427064896,0.264376103878021,-0.0164024960249662,0.0153450239449739,0.00670262519270182,0.148557707667351,0.0425663664937019,-0.0447901524603367,-0.00928753055632114,0.00703603541478515,-0.0045437989756465,-0.0583711937069893,0.137013405561447
"cg23727983",0.307940304279327,-0.223050311207771,0.000743632786907256,-0.00301527534611523,-0.00206514378078282,0.00815721228718758,0.022555023431778,-0.11115001142025,-0.0356686934828758,-0.0105417100712657,0.00168413168285042,0.0163352191448212,-0.0524651557207108,0.0334445796906948,-0.0236194897443056
"cg14038391",0.366825371980667,-0.0847622454166412,-0.0571265630424023,0.00666028121486306,0.0205447506159544,0.0571527443826199,0.089252769947052,0.0824349001049995,0.0895749777555466,0.191137492656708,0.00104896980337799,-0.0013415846042335,0.0294731575995684,-0.0606992244720459,-0.00479032006114721
"cg24127874",0.284921824932098,0.0632717832922935,0.000189864906133153,0.00105258950497955,-0.00749960448592901,0.05234569683671,0.00153493543621153,0.0763439834117889,0.00405604997649789,-0.0525443516671658,0.10209945589304,-0.0260710921138525,0.254862457513809,0.0644166618585587,0.0564985275268555
"cg01642521",0.395592868328094,-0.0496354922652245,-0.000306706933770329,0.140412881970406,0.00516126537695527,0.0580820180475712,0.0498729459941387,0.0495487824082375,-0.0753756463527679,0.0241539105772972,0.0048328684642911,-0.041754599660635,-0.109084330499172,0.0060741719789803,0.0914009734988213
"cg24114154",0.244984030723572,-0.0858844965696335,-0.0508427061140537,0.0345172882080078,-0.00172494992148131,-0.0566643960773945,-0.179499819874763,-0.0232805777341127,-0.0443663857877254,-0.0188435055315495,0.00241104932501912,-0.0196789149194956,-0.0687641873955727,0.069937139749527,-0.0187726691365242
"cg16610086",0.35187816619873,0.0692746862769127,0.00252535729669034,0.00705962255597115,0.0092858262360096,-0.00172912597190589,-0.0407843813300133,0.0559016093611717,0.0575106702744961,-0.00600221985951066,-0.00961194466799498,-0.0558671541512012,-0.0102687617763877,-0.0617708452045918,-0.000922272389288992
"cg08958294",0.244817912578583,-0.26264625787735,0.00162688957061619,0.196476876735687,-0.00472686300054193,-0.29318031668663,-0.0246993582695723,0.0139734512194991,0.0153543315827847,-0.152651146054268,0.00682209245860577,-0.00765223940834403,-0.0772196054458618,-0.0137960193678737,-0.0201128721237183
"cg07986239",0.200789928436279,-0.0664302483201027,0.0121490936726332,0.255303412675858,-0.00456073228269815,0.0380377136170864,0.0234605148434639,-0.0118549130856991,-0.114258758723736,0.235862538218498,0.0142798284068704,0.0427977442741394,0.1270532310009,0.0254995189607143,-0.0120368748903275
"cg05562381",0.354312628507614,-0.0637176036834717,-0.00429718103259802,0.00144853082019836,-0.00463024899363518,0.20125387609005,-0.14986751973629,-0.0139272343367338,0.15706279873848,0.00547736883163452,0.0210049748420715,0.0173422526568174,0.0654125139117241,-0.000707205210346729,-0.0492089428007603
"cg26636193",0.328743249177933,0.0255811363458633,0.00045025919098407,0.122285783290863,0.00210267654620111,0.149112910032272,-0.0593534596264362,0.0311552155762911,-0.221025958657265,-0.0865448042750359,0.00462055159732699,-0.015295784920454,-0.166654482483864,-0.0685417577624321,-0.0435619167983532
"cg20072171",0.313309848308563,-0.284406870603561,0.00117451080586761,0.0208069439977407,0.00930327642709017,-0.229263797402382,-0.0409989580512047,-0.0744721218943596,0.0143506592139602,0.0255052242428064,0.00867647305130959,0.0370737016201019,-0.00753372721374035,-0.030389279127121,0.0602595917880535
"cg26749518",0.275265902280807,0.0891278833150864,-0.0935606881976128,0.120577767491341,0.00893415231257677,0.0152175473049283,0.00465094484388828,0.0194162763655186,-0.132961928844452,-0.168638199567795,-0.0410535149276257,0.0256914421916008,0.0228140223771334,0.0635568127036095,-0.0100440327078104
"cg27224069",-0.210906237363815,0.0108709959313273,-0.000687747611664236,0.405361592769623,-0.00219915877096355,0.0621905811131001,-0.0395111590623856,0.113167501986027,0.146270513534546,0.0740780457854271,-0.0028074299916625,-6.92916946718469e-05,0.0310559626668692,5.12731676280964e-05,0.0832805037498474
"cg10800833",0.369883418083191,-0.0957179963588715,0.00514588318765163,0.00419708155095577,0.00786838494241238,0.245420560240746,0.0839131623506546,0.0610149651765823,0.0460730828344822,0.134969010949135,-0.0178133714944124,0.000765188247896731,-0.0345796123147011,-0.0194665510207415,0.00723600760102272
"cg11564601",0.266756296157837,0.294768571853638,0.0487854145467281,-6.55712847219547e-06,-0.0100387129932642,0.00372407562099397,-0.053419042378664,0.113065704703331,0.0458025448024273,-0.193518325686455,-0.0369985103607178,-0.0112067041918635,0.0891000479459763,0.0456585362553596,-0.00472414074465632
"cg04262140",0.301285713911057,-0.293417423963547,-0.0238570868968964,0.112765319645405,0.00294318795204163,-0.110156118869781,-0.0329317934811115,0.0133862216025591,0.138423398137093,0.138370156288147,-0.00323469121940434,0.021389976143837,-0.0895703956484795,-0.0205923244357109,-0.012618494220078
"cg18479593",0.227670460939407,-0.33148854970932,-0.00303399423137307,0.192025512456894,-0.00914206635206938,-0.0705741867423058,-0.226140469312668,0.156481742858887,0.125949919223785,0.107009164988995,-0.0243852417916059,-0.0682318210601807,-0.106089286506176,-0.024342892691493,-0.0241326000541449
"cg10641615",0.278431385755539,-0.299064546823502,0.0697955042123795,0.0513953380286694,0.00748384557664394,-0.0602548718452454,0.0958992168307304,-0.0721538439393044,0.172808974981308,0.126018837094307,0.0042722444050014,-0.0322664454579353,0.00438413675874472,-0.0502240173518658,-0.00319954752922058
"cg24940370",-0.135361418128014,-0.0700313746929169,0.126976802945137,0.447117567062378,-0.0368673354387283,0.0134251788258553,0.0183693431317806,0.0107691269367933,0.199076429009438,0.156392395496368,0.0182251688092947,0.00194615416694432,0.0682954713702202,-0.00837552640587091,0.112074628472328
"cg26378179",-0.171605423092842,0.00872594490647316,0.00995786301791668,0.274201989173889,0.0374026522040367,0.0861226171255112,-0.0968603789806366,-0.0701575502753258,0.129572615027428,0.131733566522598,-0.0200329218059778,-0.140057846903801,0.0654576867818832,-0.0990766510367393,0.128424897789955
"cg04066019",0.259210646152496,-0.0309120807796717,0.0684730336070061,0.0337882712483406,-0.00674630096182227,0.0646020323038101,-0.202428415417671,-0.0236099250614643,0.126189321279526,0.138167545199394,-0.00617159157991409,0.0249152928590775,0.064061127603054,0.0353200919926167,0.00380247039720416
"cg18762036",-0.264834374189377,-0.117233410477638,0.00278289429843426,0.402577728033066,-0.00330293597653508,0.0293609127402306,-0.0123855154961348,-0.0025034612044692,-0.0126534746959805,0.00622668396681547,-0.00462300051003695,-0.0132486149668694,0.0531333200633526,-0.0294592753052711,0.00227825320325792
"cg16626194",-0.251897364854813,-0.18797954916954,0.047467116266489,0.418269991874695,-0.00293569196946919,-0.0159247145056725,-0.00283673102967441,0.00399621110409498,0.0674814358353615,0.00106665107887238,0.0176500882953405,-0.0373695865273476,0.0851245671510696,-0.0440605469048023,0.0692051947116852
"cg04262428",0.373628586530685,0.237553268671036,-0.00926532596349716,-0.0334750190377235,-0.00796582922339439,-0.136085748672485,-0.00225566839799285,0.0331415683031082,0.0053286855109036,-0.038214199244976,0.0229147188365459,0.00754848262295127,0.0579484179615974,0.0932024717330933,0.0517488904297352
"cg19171161",-0.374922454357147,-0.23399792611599,0.0138123584911227,0.104915343225002,0.0170704461634159,0.162816807627678,-0.00237403530627489,-0.0298210047185421,-0.0689458549022675,0.012646353803575,-0.0011549920309335,-0.0572873577475548,0.0858694836497307,-0.130451157689095,-0.0146555555984378
"cg12099952",0.400258839130402,-0.0641968101263046,-0.000320578488754109,-0.000358796678483486,-0.00488386256620288,0.124351173639297,-0.0167835634201765,0.00264463783241808,0.10355319827795,0.0110567016527057,0.000229239201871678,0.0128086060285568,0.0182385575026274,0.0107677355408669,0.0252051837742329
"cg12678562",0.222669765353203,0.166324287652969,0.00662395358085632,0.00181615992914885,0.0298209618777037,-0.0171888321638107,-0.0353487692773342,-0.00397520558908582,-0.385092586278915,0.123655684292316,-0.00525078596547246,-0.00567912263795733,0.174176648259163,-0.0662745535373688,-0.0081575270742178
"cg16423285",-0.0492259226739407,-0.0458678230643272,2.18984750972595e-05,0.183879241347313,0.00152549659833312,-0.0370219759643078,0.00767887663096189,-0.0456173978745937,0.0784177035093307,0.0629356577992439,0.0318195484578609,0.018289428204298,0.0108344610780478,-0.0258623473346233,0.00358417211100459
"cg08470875",0.0384052321314812,-0.0180051866918802,0.0536924079060555,0.021509051322937,0.00741851376369596,-0.0288281254470348,0.01118428632617,-0.041520468890667,0.0924283489584923,0.051114521920681,-0.0336102247238159,-0.00710385013371706,0.0233736615628004,-0.00407762546092272,-0.024596806615591
"cg04462627",0.310500591993332,-0.0833670198917389,-0.0222497619688511,0.0102619659155607,-0.00166123767849058,0.0283023454248905,-0.130747005343437,-0.0294709075242281,0.0264654159545898,0.00893465708941221,-0.00574452336877584,0.0272538978606462,-0.09961998462677,0.0588239654898643,-0.0663017854094505
"cg13495205",0.324030309915543,-0.167273059487343,0.13129223883152,0.129755303263664,-0.0195953268557787,-0.096353217959404,-0.0540514029562473,-0.0366844944655895,-0.103696845471859,0.0211051665246487,0.0045347148552537,0.0156652592122555,-0.0299247168004513,0.0130671868100762,0.0339514911174774
"cg26615127",0.370718747377396,-0.0486355796456337,0.00329262646846473,0.0435729697346687,0.00666444096714258,0.227062687277794,-0.0107266353443265,-0.00712902471423149,-0.0278429128229618,0.0793020576238632,-0.0263443626463413,-0.0638490095734596,-0.0734722465276718,0.0291935577988625,0.0219779442995787
"cg06945523",0.29093810915947,-0.213341891765594,-0.0107326144352555,0.224606841802597,0.0052130576223135,-0.06668870896101,-0.0460300333797932,-0.0713253766298294,-0.0684390738606453,0.124501347541809,-0.0143685219809413,-0.0143941771239042,-0.0783880352973938,-0.0324543416500092,0.0490653924643993
"cg16332610",0.296121507883072,-0.167388319969177,-0.00471384217962623,-0.0339499861001968,-0.0111350957304239,0.256118595600128,0.00246604764834046,0.0759267359972,0.216080605983734,0.108381189405918,-0.00678525073453784,-0.0288575571030378,0.033422127366066,0.0302008520811796,-0.0158978160470724
"cg10846615",0.19864559173584,0.26536551117897,0.130184143781662,0.244940102100372,-0.0102106584236026,-0.11174537986517,0.0251791644841433,-0.113892912864685,0.0540432557463646,0.201320841908455,0.0399067588150501,-0.0280221942812204,-0.0690068602561951,0.0482515320181847,0.136801615357399
"cg09795127",-0.367007046937943,-0.25347825884819,0.0391896553337574,0.091301828622818,2.70564578386256e-05,0.207448720932007,-0.0378268137574196,-0.0180237870663404,-0.0193338505923748,-0.0111669776961207,0.00191021093633026,-0.0608687214553356,0.0551415979862213,-0.0491853915154934,0.00625033397227526
"cg20114732",0.259025901556015,-0.303337693214417,-0.0137539897114038,0.198694959282875,0.00368065689690411,-0.281548857688904,-0.0971238017082214,-0.0411364026367664,-0.0445109345018864,0.0271252803504467,0.0399744026362896,0.00752006471157074,-0.0498911328613758,0.00399137381464243,-0.0554066151380539
"cg01089498",0.227082997560501,-0.168774902820587,0.0090265953913331,0.201807603240013,0.00998231582343578,-0.223688423633575,0.108516737818718,0.0317869037389755,-0.0251174513250589,0.178394854068756,-0.0662441477179527,-0.0214402917772532,0.0147758312523365,0.0379792973399162,0.00418173614889383
"cg00074145",0.190501749515533,-0.272902220487595,0.00345118693076074,0.274204105138779,0.000272229808615521,-0.0544986240565777,0.042260717600584,0.140747427940369,0.00908982194960117,0.146194830536842,-0.00600084336474538,-0.0555614568293095,0.0341420322656631,-0.0516539961099625,0.0634336099028587
"cg02072885",0.312421411275864,0.0364654809236526,-0.00228369841352105,-0.00154008669778705,0.00202584732323885,0.167514756321907,-0.170593738555908,0.0279244724661112,-0.221248313784599,-0.0193645618855953,-0.00519212102517486,0.0077966614626348,-0.0714270025491714,0.027201334014535,-0.0567569434642792
"cg19045644",0.342701584100723,0.0511738732457161,0.00214214716106653,0.0818559527397156,-0.00579435145482421,0.129169061779976,-0.043959729373455,0.0081850066781044,-0.107374452054501,0.0561368763446808,0.0251747947186232,0.0129168406128883,0.0468325093388557,0.0178499855101109,-0.00317577295936644
"cg13215579",-0.213010400533676,0.0481622889637947,0.0309594068676233,0.311330586671829,-0.00302429916337132,0.0572422854602337,0.00126507121603936,-0.119439266622066,-0.0622685663402081,-0.224338576197624,0.00602311827242374,-0.0569373555481434,0.108710959553719,-0.0518291145563126,-0.0340049639344215
"cg21463763",0.320085406303406,-0.133595019578934,-0.000185757045983337,0.0198952797800303,0.00299042067490518,0.308837711811066,-0.0564667508006096,0.0742724686861038,0.135765478014946,0.0378696508705616,-0.0144264744594693,-0.00686816498637199,0.0504461079835892,0.0841730609536171,-0.0262457355856895
"cg20615879",0.292072892189026,-0.0590228289365768,0.00894077308475971,0.0616044960916042,0.0208037439733744,-0.00155706203076988,0.105653651058674,0.125100582838058,0.160622909665108,0.261079281568527,0.0398336723446846,-0.0168973878026009,0.0824517831206322,-0.0440872795879841,0.0515128746628761
"cg05638439",-0.0322200320661068,-0.0618255287408829,0.00467660091817379,0.144242182374001,0.00656047742813826,-0.142428413033485,0.170177519321442,-0.00801176205277443,-0.170551598072052,-0.115865133702755,-0.0137233976274729,-0.00254625477828085,0.282041966915131,-0.0145478248596191,0.0444148629903793
"cg08322102",0.295013695955276,-0.229182884097099,0.00215119868516922,0.183952897787094,0.00983808562159538,0.0208413489162922,-0.0550459921360016,-0.0556437335908413,-0.0429877266287804,-0.0889831185340881,-0.0153626790270209,-0.00343141821213067,-0.097575269639492,-0.0461727567017078,-0.0588783323764801
"cg15873301",0.370262801647186,0.118920259177685,-0.001498888945207,0.00860270112752914,0.00330841890536249,-0.0131834549829364,0.0936906114220619,0.00881545804440975,-0.0577016770839691,-0.00767141440883279,-0.013302962295711,-0.056630115956068,-0.0407440811395645,0.0888818353414536,0.00221552862785757
"cg19021076",0.326853930950165,0.209974303841591,0.0584797151386738,0.0528052598237991,0.00171182269696146,-0.0330864302814007,-0.0415872298181057,-0.0872924774885178,0.0798261091113091,-0.215184971690178,0.0282714124768972,-0.0276934653520584,0.0560253486037254,0.0106572918593884,-0.0445213355123997
"cg12628196",0.269432365894318,-0.164146423339844,0.0645460113883018,-0.0732758343219757,0.0126850912347436,0.1239383071661,0.00107574777211994,-0.0197964794933796,-0.112073622643948,0.00310736894607544,-0.00591631792485714,0.0336285009980202,0.100109599530697,0.0720126405358315,0.0290811005979776
"cg06886374",-0.293856233358383,-0.326713740825653,-0.00148930773139,0.0703713819384575,0.0312881581485271,0.224261790513992,0.117455676198006,0.0789256766438484,-0.0587944313883781,-0.00679309759289026,-0.0300995521247387,0.00141044124029577,0.108695067465305,-0.0412253029644489,7.71717022871599e-05
"cg17202313",0.355188369750977,-0.194289654493332,-0.00343382987193763,0.0592101737856865,0.00989100709557533,0.0924297943711281,-0.0384666994214058,-0.00808318704366684,-0.011916721239686,0.0398431979119778,-0.0133770816028118,-0.00732613261789083,-0.0430714637041092,-0.0033593459520489,-0.00552348373457789
"cg04855678",0.149129092693329,0.297960937023163,-0.00406585820019245,0.0702989399433136,0.0289024878293276,0.1410051882267,-0.10438396781683,0.307217001914978,-0.0730290859937668,-0.01150868460536,0.0180755723267794,-0.0496384017169476,0.210965484380722,-0.128579244017601,-0.111303091049194
"cg00268840",0.36383131146431,-0.0260423123836517,0.0037520935293287,0.127355977892876,-0.00739181181415915,0.0914274081587791,0.00899746082723141,-0.0652347579598427,0.0019337892299518,0.107377946376801,0.02151919901371,-0.0411935113370419,-0.0732216686010361,-0.0404963232576847,0.104472391307354
"cg11207763",0.406362354755402,0.0900637656450272,0.00398811884224415,0.0225367844104767,0.0153629472479224,0.0379743166267872,0.0153921004384756,-0.0161916129291058,0.169094771146774,0.0542847588658333,0.0170762930065393,-0.00357368239201605,0.0111623182892799,0.00206845928914845,0.00707241194322705
"cg00157199",0.00335543276742101,-0.224437013268471,-0.00889288168400526,0.429418325424194,0.00341767794452608,-0.0923939347267151,-0.0136979967355728,0.0295780021697283,-0.000695924856700003,-0.0577764250338078,0.000762166106142104,0.00415769452229142,-0.0544312559068203,0.00781502481549978,-0.093072697520256
"cg03889013",0.123845666646957,0.39359050989151,0.10760111361742,0.0776047110557556,0.0119576090946794,-0.0873834565281868,-0.13589246571064,-0.125065267086029,-0.105767473578453,0.131441161036491,0.00482312543317676,-0.00715269986540079,0.176109150052071,0.0439031012356281,-0.00757880788296461
"cg09043941",-0.252850294113159,-0.266573518514633,-0.0803592726588249,0.0871150717139244,0.0395861454308033,0.281594604253769,0.0116441221907735,0.11675626039505,-0.0403729602694511,-0.0226082801818848,-0.00231835572049022,-0.0837015807628632,0.112284928560257,-0.0820091292262077,0.000582001404836774
"cg05661282",0.205875232815742,-0.401573926210403,0.0126872546970844,-0.0463920310139656,0.000318279227940366,0.0105809848755598,0.00840767845511436,-0.0693123191595078,0.0150160724297166,0.0213571041822433,-0.0445321053266525,-0.0102834030985832,0.052775651216507,0.015277000144124,-0.0163640789687634
"cg07137955",0.395900994539261,0.184914857149124,-0.000283835339359939,-0.0322908647358418,-0.00800158735364676,-0.0111640226095915,0.0851591974496841,-0.0301065556704998,0.0601623728871346,0.00504870433360338,-0.00381812965497375,0.0138946883380413,-0.0116945216432214,-0.0478280670940876,0.00242232764139771
"cg23267759",0.349060714244843,-0.0690042078495026,0.0676646679639816,-0.0690767541527748,0.000884804932866246,0.107593864202499,-0.0359374657273293,0.0266414433717728,0.0236556064337492,-0.11588741093874,0.00804706290364265,0.0132242068648338,0.0320593528449535,-0.0403989814221859,-0.0585271790623665
"cg11051055",0.261601954698563,-0.113218151032925,-0.00267625320702791,-0.0122351432219148,-0.00231227860786021,0.113270953297615,-0.0339899733662605,-0.0633263662457466,-0.213525861501694,-0.0905710458755493,-9.74411377683282e-05,0.0289842821657658,-0.0357385873794556,-0.0207261070609093,-0.054968323558569
"cg04283162",0.271042495965958,0.0349746569991112,0.00558663858100772,-0.0112160136923194,0.00390404067002237,0.185297161340714,-0.0255102925002575,-0.0619132071733475,-0.312294632196426,-0.0584319867193699,-0.00297879287973046,0.0231338404119015,-0.00328897009603679,-0.0937141478061676,-0.0187640674412251
"cg24838949",-0.245025172829628,0.0174087211489677,0.0246279891580343,0.468330472707748,0.00486131245270371,0.138988867402077,0.00366264162585139,-0.00797298550605774,0.0800028964877129,0.00139136204961687,0.00729997782036662,0.00566006638109684,0.0268490146845579,0.0234933979809284,-0.0088450126349926
"cg14699728",0.326718389987946,-0.172537192702293,0.0476682335138321,0.0691660642623901,-0.0149273406714201,-0.0066888714209199,0.113089337944984,-0.0367775820195675,-0.110239885747433,-0.0610269866883755,0.000782618473749608,-0.0213686283677816,-0.0515914149582386,-0.0303650442510843,-0.0840048119425774
"cg15036529",-0.187732577323914,0.138196215033531,-0.0127807147800922,0.314786791801453,0.0178791023790836,-0.0916072949767113,0.00494791008532047,0.0257602799683809,-0.0554022900760174,0.232749834656715,-0.0239023864269257,-0.0566480793058872,0.0176965072751045,0.000715068483259529,0.0606285855174065
"cg08160350",0.299385994672775,-0.162118971347809,-0.000520586501806974,0.02324746735394,0.0135100847110152,0.18249623477459,-0.0860791504383087,0.00647499691694975,0.0703584030270576,-0.000146072503412142,0.0253487769514322,0.0628817155957222,0.0300827454775572,0.0223616119474173,-0.039363507181406
"cg02623991",0.397288620471954,0.0582998432219028,-0.00206837500445545,0.121090807020664,0.000792741251643747,0.0652788504958153,0.061267051845789,-0.00317823048681021,-0.160894095897675,0.0153304636478424,-0.0162473544478416,-0.0283291302621365,-0.13764500617981,0.0191021356731653,0.0148636698722839
"cg10494684",0.343140482902527,0.111075349152088,-0.00177678174804896,-0.00168574589770287,-0.00881986971944571,-0.0461382865905762,0.0562230013310909,0.136362582445145,-0.00474679796025157,-0.0105636510998011,0.0105573777109385,-0.0235256049782038,0.189682617783546,0.0627807453274727,-0.0417389757931232
"cg20567847",0.336426168680191,-0.206678688526154,0.0128413932397962,0.110485255718231,0.0100079355761409,0.0417894460260868,0.00557255651801825,-0.0671914741396904,-0.0750112906098366,-0.0130920382216573,7.09900268702768e-05,0.00743398349732161,-0.148761928081512,-0.010220062918961,0.108280710875988
"cg05506209",-0.25076225399971,-0.0591054894030094,0.0160718653351068,0.402139812707901,0.00575498957186937,0.0848181620240211,0.0521861426532269,-0.00208221143111587,0.145996555685997,0.0677868872880936,-0.00203791400417686,0.0235773082822561,0.0091111296787858,-0.00564013980329037,0.059223897755146
"cg09841842",0.310181885957718,0.296774178743362,-0.0608852580189705,-0.034824475646019,-0.0053771398961544,-0.100497700273991,-0.0508714094758034,0.202761575579643,-0.0303964950144291,-0.030262989923358,0.0678002238273621,0.000869445619173348,0.1012292355299,0.0317877568304539,-0.0859417989850044
"cg17415451",0.349121510982513,0.0901091545820236,0.000671219604555517,0.0954137966036797,0.00179790856782347,-0.130917549133301,-0.124514564871788,0.0026862386148423,0.0161961764097214,-0.136661931872368,0.0250111110508442,-0.0273442976176739,0.110398426651955,0.0139679312705994,0.0819463804364204
"cg14639847",0.123942323029041,0.25696387887001,0.0692161545157433,0.013239030726254,-0.0436034426093102,0.00216945656575263,-0.185693517327309,0.0301018953323364,-0.00649883132427931,0.11622566729784,0.0645578801631927,-0.0707742273807526,0.201626747846603,0.0791445672512054,-0.00495101604610682
"cg01288184",0.310908496379852,0.34227055311203,0.0639990642666817,-0.0250882040709257,-0.0259555634111166,-0.172420904040337,-0.149103105068207,-0.061395674943924,0.100481048226357,-7.07049621269107e-05,-0.107760854065418,0.0974978432059288,-0.0120760835707188,0.0470628961920738,0.00215731118805707
"cg23177772",0.351662635803223,0.0689820870757103,0.00329012353904545,0.0651728883385658,0.0028879321180284,0.0823558270931244,-0.0617623366415501,-0.00898668542504311,-0.132294893264771,0.0473055019974709,0.00479773012921214,0.00384476454928517,-0.0824447348713875,-0.0857349187135696,0.0842908546328545
"cg18863595",0.300842672586441,-0.187112525105476,0.00212677521631122,0.14554138481617,-0.00784382224082947,0.053479976952076,0.0367997474968433,-0.00368071207776666,-0.200477436184883,-0.0786840692162514,-0.0168030634522438,0.0114644262939692,-0.158334329724312,0.0745644867420197,0.0112387612462044
"cg25577023",0.370509564876556,-0.0928436443209648,-0.00470923120155931,0.042012482881546,0.0129740945994854,0.171577930450439,0.0211974233388901,-0.111918330192566,0.116669476032257,0.123149335384369,0.00523656932637095,0.0796574428677559,0.0425847321748734,-0.00404612673446536,-0.0120921023190022
"cg19897940",0.394584268331528,0.0979608446359634,-0.00611474458128214,0.0830868184566498,0.00772359082475305,-0.12638832628727,0.0217220894992352,-0.0509764701128006,-0.0942025855183601,0.00785545073449612,0.000505991978570819,-0.0240709390491247,-0.118710108101368,0.046782098710537,0.0683346316218376
"cg27632318",-0.260315597057343,0.0288377590477467,-0.00199986482039094,0.333351373672485,0.00498019764199853,0.155551895499229,-0.101949468255043,0.0738965943455696,0.110993720591068,0.0116009023040533,-0.0701963603496552,0.00547441001981497,-0.00125425402075052,0.0212758239358664,-0.0302346795797348
"cg05696706",0.247538223862648,-0.0441975630819798,-0.054158192127943,-0.00614543817937374,-0.0152708720415831,0.0680601373314857,-0.00781274121254683,-0.184397876262665,0.0134376995265484,-0.151706978678703,-0.0568898767232895,0.0219390988349915,0.00535706477239728,0.0821137428283691,0.0580254159867764
"cg01405445",0.277327924966812,-0.0741418525576591,-0.0149485403671861,-0.00768648646771908,-0.01717808842659,0.0676323249936104,0.104980304837227,-0.0074343578889966,0.160698875784874,-0.192590102553368,-0.00924934260547161,0.128981441259384,0.0853962823748589,0.0622001700103283,-0.0212796870619059
"cg17589883",-0.138506218791008,-0.296667158603668,-0.0558431819081306,0.000383677630452439,0.0356874763965607,-0.0199226904660463,0.047505509108305,0.22363443672657,-0.143048137426376,0.0885467976331711,-0.0395800061523914,0.0361995585262775,0.126661255955696,0.0429827533662319,-0.0277966149151325
"cg18384778",0.203897163271904,-0.364799022674561,0.0106067126616836,0.234299048781395,-0.000103039710666053,-0.0798529982566833,0.0148761123418808,0.0874036848545074,-0.147118046879768,-0.0424079932272434,0.0120854927226901,0.000354130024788901,-0.147942945361137,-0.000803230737801641,0.00162648665718734
"cg13339083",-0.167512997984886,-0.0724348947405815,0.0283607169985771,0.396053671836853,0.019719947129488,-0.0586602278053761,0.0486208088696003,-0.0940428301692009,0.018681850284338,-0.00305755995213985,-0.0373917855322361,-0.0382365547120571,0.0519564934074879,0.0113053312525153,0.163986012339592
"cg04025964",0.236002177000046,-0.291766345500946,-0.0123488865792751,0.279174745082855,-0.00238461932167411,-0.0335090346634388,-0.0927444100379944,0.0201007965952158,0.102927014231682,0.102746687829494,-0.0678877383470535,-0.0104314861819148,-0.0676345154643059,-0.0356515906751156,0.00994676444679499
"cg17735539",-0.00486713880673051,0.117928355932236,0.0734160393476486,0.358100891113281,-0.000913073075935245,0.08891361951828,0.0263589564710855,-0.212478637695312,0.20991875231266,0.161116600036621,-0.0348970293998718,0.0212383419275284,0.0126804569736123,0.0498515479266644,0.0470784157514572
"cg23899408",0.118038430809975,0.037550188601017,-0.0207167007029057,0.00343397120013833,0.00332329561933875,-0.0671452060341835,0.0759503096342087,-0.0379563383758068,-0.0298856906592846,-0.0328705310821533,0.00237940833903849,-0.0459012575447559,0.0829303860664368,-0.0049219261854887,0.00478658266365528
"cg16970232",0.264906615018845,-0.00648415042087436,0.00189015048090369,-0.0535998828709126,0.0167741011828184,0.159248888492584,0.127888545393944,-0.08747299015522,0.0718381032347679,0.0424712039530277,-0.0676305964589119,-0.00927996728569269,0.144384384155273,-0.018062936142087,-0.0278707817196846
"cg01561304",-0.011774611659348,-0.0329667814075947,0.171597272157669,0.483450889587402,-0.0181213486939669,-0.0997806116938591,0.119015760719776,-0.0348482243716717,0.154001489281654,-0.0725894868373871,0.0158199686557055,0.060576755553484,0.0578481592237949,0.0118498234078288,0.117131270468235
"cg05799507",0.0764460116624832,-0.303751260042191,0.0166360698640347,-0.0144033106043935,-0.0164759177714586,0.0035831299610436,-0.287174552679062,0.0395573005080223,0.19820436835289,-0.00627970136702061,-0.021490016952157,-0.00885430537164211,0.152556762099266,0.0573437921702862,-0.00773028330877423
"cg02693150",-0.278533279895782,-0.270542144775391,0.0649417787790298,0.114300832152367,0.0420662239193916,0.205078065395355,-0.131382584571838,0.115484334528446,-0.100066520273685,-0.0578332990407944,0.0285924393683672,-0.0458138436079025,0.119839377701283,-0.0305100996047258,0.0226696338504553
"cg18770350",0.353989332914352,0.0417345426976681,0.0447406396269798,0.0665329173207283,-0.00766476197168231,0.00758742867037654,0.0904533639550209,0.0164966229349375,-0.257747620344162,0.00860434956848621,0.00625039450824261,0.0126124136149883,-0.0952614098787308,-0.0134174861013889,0.0495578125119209
"cg04118610",-0.0488025471568108,0.12788799405098,0.0233420729637146,0.173016905784607,0.0113791720941663,-0.016124127432704,-0.0634167343378067,-0.0988056212663651,-0.0333819054067135,0.0241671502590179,-0.0079444432631135,-0.1601951867342,0.0559128820896149,-0.0474589802324772,0.110866948962212
"cg26331172",0.401425004005432,0.0918810442090034,0.000397988187614828,-0.00237860716879368,-0.00852320715785027,0.0897624492645264,0.0454964637756348,0.124747551977634,0.0634794011712074,-0.0407880432903767,0.0601757988333702,-0.0155538534745574,0.175927326083183,0.00661917077377439,0.000137083086883649
"cg03207574",0.330306112766266,0.0112512577325106,0.0150117371231318,0.0128164160996675,0.00737271271646023,0.0111058913171291,-0.00157116050831974,-0.0859185382723808,0.116690695285797,-0.014006988145411,-0.00155359879136086,-0.021554434671998,0.123004861176014,-0.0213734395802021,-0.00348806497640908
"cg25794823",0.209507241845131,-0.230574205517769,-0.00768106989562511,0.117752820253372,-0.0178848244249821,-0.0111002307385206,-0.0707112550735474,-0.0759303197264671,-0.0831649005413055,0.105833254754543,-0.0233990494161844,0.0194907337427139,0.100766777992249,-0.11637407541275,0.0132852531969547
"cg04809453",0.287172615528107,-0.152324229478836,0.0107500366866589,0.126058310270309,0.0312267318367958,0.0451626107096672,0.120432786643505,-0.00337482267059386,0.0787265077233315,0.129227504134178,0.0127176754176617,-0.0446276552975178,0.00276552815921605,-0.0779855400323868,0.0223737712949514
"cg15922174",0.124670274555683,0.0945001915097237,0.174359455704689,0.149201840162277,-0.0251939259469509,0.133309185504913,-0.0979147627949715,-0.0480226241052151,-0.205500438809395,0.194927215576172,-0.0147076044231653,0.102477684617043,0.0985908657312393,0.0581827014684677,0.0800607800483704
"cg19945931",0.0574163720011711,0.077417716383934,0.0838469639420509,0.148959815502167,0.00740193761885166,0.0564787350594997,0.106693848967552,0.0414697788655758,-0.0151550183072686,-0.0124780619516969,-0.0301136542111635,0.0676498040556908,0.0150032704696059,-0.00747889885678887,0.00803642813116312
"cg06490869",0.352133423089981,0.0242054779082537,-0.00778596103191376,-0.0576034113764763,-0.00890390481799841,-0.0444955229759216,-0.0751407966017723,-0.0455192290246487,-0.183681175112724,-0.126062124967575,0.0314878560602665,-0.0128076774999499,-0.0233261790126562,0.0341352224349976,-0.0444768629968166
"cg10450897",-0.169032335281372,-0.00752774765715003,0.0197423622012138,0.32494443655014,0.0102046402171254,-0.111059218645096,-0.06413883715868,0.213609993457794,-0.0134778348729014,0.0241218879818916,-0.0891169831156731,-0.025922242552042,0.129691243171692,0.0455772243440151,0.196366384625435
"cg01663018",0.340202182531357,-0.0717896744608879,-0.00777947902679443,-0.0072772866114974,-0.0101399887353182,0.199323549866676,-0.144840374588966,0.0495442189276218,-0.125310435891151,0.109578467905521,-0.00742403976619244,0.00177597464062274,-0.0488129444420338,0.00568590452894568,-0.0383622199296951
"cg23632985",0.358196645975113,0.0486362166702747,-0.00341029232367873,0.189053103327751,-0.00111474865116179,-0.00486716954037547,-0.00611491780728102,0.0229580104351044,-0.102861426770687,0.0804801508784294,-0.00796526577323675,-0.0018837028183043,-0.110990069806576,-0.0253039691597223,0.0480667091906071
"cg04865180",0.322142779827118,-0.012143325060606,-0.000753425585571676,0.108042061328888,0.00562210474163294,0.0476738177239895,0.0333239212632179,-0.0761035308241844,-0.212088525295258,0.00524352909997106,0.00193227815907449,0.0153048569336534,-0.127175271511078,0.0231661796569824,0.0821267440915108
"cg07222505",0.202175557613373,0.0194141212850809,0.0661571472883224,0.129843711853027,0.00348873343318701,0.0662956163287163,0.191593766212463,0.062731072306633,-0.150301530957222,0.00666331872344017,-0.00881633628159761,-0.0110528832301497,0.270407259464264,-0.0492018647491932,-0.0387262217700481
"cg14123923",0.399113118648529,-0.0247246827930212,0.000914675823878497,0.0317047834396362,0.0280087366700172,0.0505850724875927,-0.0200850442051888,-0.0730597451329231,-0.0390918627381325,0.0126861315220594,0.0142364585772157,0.0237271748483181,-0.0978840216994286,0.0191763788461685,0.027905248105526
"cg00795341",0.359077662229538,-0.0624356493353844,0.000582509848754853,0.226205751299858,0.0167012140154839,0.0049952594563365,-0.019332280382514,-0.011510519310832,-0.0756160989403725,0.076009564101696,0.0143729792907834,-0.0335275568068027,-0.0793686658143997,0.0407702699303627,0.00498988060280681
"cg03814644",-0.104255527257919,0.21248534321785,-0.0528232641518116,0.484678328037262,-0.0130401523783803,0.084957480430603,0.0805203840136528,-0.00825746264308691,0.0748190060257912,0.0625021755695343,-0.0102480454370379,0.0131042134016752,-0.053118884563446,0.0981719344854355,0.0888600721955299
"cg02898500",-0.272841840982437,-0.151970252394676,-0.00250527518801391,0.0911600366234779,-0.015448440797627,0.08880715072155,0.0696676671504974,-0.00120122311636806,-0.10026603937149,0.0372108109295368,0.0238070450723171,-0.0586407966911793,0.135984376072884,0.148284956812859,0.164015024900436
"cg20167074",0.203990206122398,0.271739512681961,0.0828061550855637,0.11600411683321,0.0477538853883743,-0.0990727171301842,-0.105912618339062,-0.0558280907571316,-0.0288228876888752,0.0583028607070446,-0.0844085440039635,0.052535992115736,0.255866199731827,-0.0525933131575584,0.0265919174998999
"cg22031964",0.158784240484238,0.336973607540131,-0.160962343215942,0.0334193781018257,0.0255616754293442,0.151383176445961,-0.172806352376938,0.138083651661873,-0.0871577262878418,-0.226809933781624,0.049263384193182,-0.103855028748512,0.124380812048912,-0.097950167953968,0.0113103976473212
"cg27504292",0.404531896114349,0.0727428942918777,0.00551297096535563,0.0482890158891678,-0.00304098497144878,0.023094430565834,0.0420635715126991,0.0738939121365547,-0.110985867679119,0.0122758755460382,0.00411090208217502,-0.0456377267837524,0.0289591308683157,0.0465852841734886,0.0291996728628874
"cg14823201",-0.182692557573318,-0.0644561424851418,0.00458926428109407,0.37836942076683,0.00936631020158529,-0.0902664586901665,-0.037820141762495,-0.0281763169914484,0.163070812821388,0.0717315301299095,0.00186406436841935,-0.0140819819644094,0.019519554451108,-0.0542064495384693,0.207746669650078
"cg13605398",0.212645009160042,-0.110491715371609,-0.0110271237790585,-0.06589225679636,-0.0113732973113656,0.116910509765148,0.054583977907896,-0.099932961165905,0.193784087896347,0.0272020157426596,0.0400132648646832,0.0199618004262447,0.17208132147789,-0.00107445439789444,0.000646470405627042
"cg07936950",0.177850306034088,-0.123980954289436,0.0144464466720819,0.0852574184536934,0.0106574790552258,-0.129697859287262,-0.204511865973473,0.0936097428202629,-0.210981607437134,0.111289389431477,0.00168854487128556,-0.0336939170956612,0.202219545841217,-0.0548781789839268,0.0267797503620386
"cg20311501",0.264783829450607,0.00444716028869152,0.0045592007227242,-0.0580642223358154,0.016812440007925,0.152633652091026,0.139722436666489,-0.0788112729787827,0.0645173937082291,0.0355077721178532,-0.0672225579619408,-0.0128578757867217,0.157216981053352,-0.0240832399576902,-0.0327807515859604
"cg08320225",0.342735111713409,0.239806935191154,-0.0661032572388649,0.0022898088209331,-0.00418673921376467,-0.13506481051445,-0.0920502543449402,0.103867821395397,0.10446048527956,-0.0399785116314888,0.00829424615949392,-0.0325225107371807,-0.0172261465340853,0.0734705254435539,0.0176325123757124
"cg12864389",0.116522371768951,-0.301412314176559,0.00169993448071182,0.00104679143987596,-0.0117957973852754,0.0555660091340542,0.0543820336461067,-0.231277287006378,0.0376562587916851,-0.151871934533119,-0.0482774749398232,0.0856651961803436,0.134092152118683,0.00307620014064014,0.0288938991725445
"cg23563008",0.345429807901382,0.00865282118320465,-0.00438935589045286,0.12913766503334,0.00669440114870667,0.104218445718288,0.0219611544162035,-0.0348465666174889,-0.166094660758972,0.0685243234038353,-0.0059354268014431,-0.0211823284626007,-0.0854527056217194,0.0336464084684849,-0.00960654299706221
"cg08202754",0.100311852991581,-0.265006303787231,0.10700299590826,0.381234526634216,-0.00679235858842731,-0.216267943382263,-0.0848414674401283,-0.103730827569962,0.0284745693206787,0.0592004209756851,-0.000849411240778863,0.0903996527194977,0.0167512279003859,-0.00766043178737164,0.0417177453637123
"cg06301550",0.263772577047348,0.0689762458205223,-0.0405520871281624,-0.0137750338762999,-0.0105651365593076,0.0811406821012497,-0.123500488698483,0.0940334349870682,0.212017640471458,0.0344157665967941,-0.0199316889047623,-0.00739670963957906,0.0493034012615681,0.0907446816563606,-0.0195126850157976
"cg08822897",-0.0343010388314724,0.248140826821327,-0.00683261267840862,0.34060674905777,0.00372357643209398,0.0121458526700735,-0.10719271749258,-0.112462498247623,-0.182868391275406,0.0878318920731544,0.00300571066327393,-0.0169001147150993,0.0978005230426788,0.00517584476619959,0.0983691290020943
"cg19256731",0.346410840749741,0.167620033025742,0.00294312043115497,0.0233789253979921,0.0140699865296483,-0.15991847217083,0.140579491853714,0.0513773746788502,0.0890767946839333,-0.0740916877985001,0.00362799293361604,-0.00986166205257177,-0.00350736733525991,0.00916602462530136,0.062932975590229
"cg27196974",0.132579803466797,-0.288023442029953,0.0133341988548636,0.170212507247925,-0.0171943921595812,0.0113730560988188,0.0593746043741703,0.0771961584687233,-0.0372705794870853,0.00205173762515187,0.00649902876466513,0.0044662025757134,0.032658651471138,0.0237702131271362,0.0770478993654251
"cg04887807",0.398685336112976,0.121461130678654,0.00926385354250669,0.0778291448950768,0.00334868161007762,-0.106961064040661,0.000174049229826778,-0.0878674387931824,0.14322267472744,-0.12994596362114,0.0461296029388905,-0.011790438555181,0.0127732856199145,0.0224425867199898,0.0419896170496941
"cg25017223",0.112871713936329,0.0385481975972652,-0.0591412000358105,0.324317157268524,0.0176145322620869,0.0965858846902847,0.0265859179198742,0.229795783758163,-0.0486138612031937,0.00811854843050241,0.0878992080688477,-0.00127087463624775,0.294974595308304,-0.0244393292814493,0.0622973628342152
"cg22191981",0.279280215501785,0.18401987850666,0.0693803131580353,0.0681495517492294,-0.0169278904795647,0.109149508178234,-0.156614735722542,0.10570851713419,0.0739739164710045,0.0766465440392494,0.021350858733058,-0.0395073220133781,0.187008738517761,-0.00316260126419365,-0.0082238269969821
"cg04701618",-0.0853858217597008,0.0720197185873985,-0.10204654186964,0.566216826438904,0.00967965740710497,0.0887534245848656,0.0371087417006493,0.0217250026762486,0.0816930755972862,-0.0663808137178421,0.0510268770158291,-0.0114889293909073,-0.0611376985907555,-0.0199885964393616,-0.0615824833512306
"cg13239420",0.386869370937347,-0.0464858375489712,0.0325736105442047,0.0833806172013283,-0.000255504361120984,0.0901150107383728,0.0409957878291607,-0.00687219435349107,-0.220438316464424,-0.00757638784125447,-0.0053831348195672,0.0122352195903659,-0.150107190012932,-0.0261069517582655,0.0140742463991046
"cg21769093",-0.235164567828178,-0.058999739587307,0.00387001107446849,0.266386598348618,-0.00123313744552433,0.0116770612075925,-0.192609533667564,-0.117148496210575,0.17381988465786,0.128890231251717,0.0212193988263607,-0.0667852982878685,0.0192505121231079,-0.0394959636032581,0.192055627703667
"cg13575161",0.302586793899536,0.00508093787357211,-0.00818897131830454,0.049968495965004,-0.00245943944901228,-0.00552617618814111,-0.154881209135056,0.0437683835625648,-0.362734645605087,0.0276704952120781,0.0121828848496079,-0.00332821952179074,0.0366213954985142,0.0474880263209343,0.017571734264493
"cg16615829",0.304129183292389,-0.0563061647117138,-0.000449203886091709,-0.0014875385677442,-0.00803146418184042,0.072294682264328,0.116261973977089,-0.0265751555562019,0.124989815056324,-0.192196890711784,-0.00274222274310887,0.102011270821095,0.104223556816578,0.0601953901350498,-0.0139812640845776
"cg20663376",0.354083150625229,0.234065890312195,-0.0069161644205451,-0.0042374711483717,0.00057148578343913,-0.180242583155632,-0.0787839442491531,0.0797748863697052,0.0356849804520607,-0.117492474615574,0.00386887951754034,0.0745679065585136,0.0104511389508843,-0.0127276657149196,-0.0280837696045637
"cg19596804",-0.2684585750103,-0.135642692446709,0.0458369255065918,0.270894795656204,0.000585475179832429,0.085024394094944,-0.177917435765266,-0.0307670142501593,0.0939193367958069,0.00195273908320814,-0.000593969656620175,-0.117348752915859,0.0679665505886078,-0.0851927697658539,0.0753863304853439
"cg04942251",0.297804951667786,0.0441788248717785,0.00410474371165037,0.0465919710695744,-0.0445751696825027,0.155146539211273,0.0728190019726753,0.108537830412388,0.145715698599815,-0.237750977277756,-0.0408884696662426,-0.00793378613889217,0.164190232753754,-0.096120297908783,-0.0167543236166239
"cg25095032",-0.108486771583557,-0.350000023841858,-0.000524507777299732,-0.00403274921700358,-0.00482708495110273,0.191231533885002,0.15605728328228,0.0821953564882278,0.0331064984202385,-0.067836731672287,-0.0315013341605663,0.0827659070491791,0.119930118322372,0.0302387792617083,0.0154265547171235
"cg02018277",0.351337373256683,-0.0278988480567932,0.0268509704619646,-0.102623455226421,-0.00223712925799191,0.253063052892685,0.0148360338062048,-0.035063311457634,0.0365135557949543,-0.028239332139492,0.00590603007003665,-0.0137147316709161,0.0798017233610153,0.0485591404139996,-0.0696561560034752
"cg19870512",0.290810227394104,-0.247898265719414,-0.00297137978486717,0.0563638918101788,-0.00514316838234663,0.0906123518943787,-4.04873826482799e-05,-0.0109349312260747,-0.28888064622879,-0.0674475282430649,-0.0112215271219611,0.0141222886741161,-0.152144551277161,0.088240884244442,0.0876150652766228
"cg03480346",0.319927275180817,0.129554867744446,0.00694948388263583,0.10355394333601,-0.00666170055046678,0.199170082807541,0.167716190218925,0.123700857162476,-0.0722621455788612,-0.020644573494792,-0.00580662302672863,0.00139732460957021,0.157392770051956,0.045205969363451,0.0332389660179615
"cg09734791",0.353327244520187,-0.0695079937577248,0.00161860545631498,0.211414769291878,-0.000956579868216068,0.0604000315070152,0.0364752970635891,-0.0140280239284039,-0.153925895690918,-0.0198187232017517,0.000293506163870916,-0.0210412628948689,-0.195262804627419,-0.0133654400706291,0.0978434979915619
"cg13692446",0.241236120462418,-0.311978548765182,0.000806260330136865,0.272624909877777,0.00175626901909709,-0.264549404382706,-0.0772108137607574,-0.0383262969553471,-0.108140029013157,-0.0586029812693596,-0.0101155173033476,-0.00324757397174835,-0.109185367822647,0.00420107645913959,-0.017053697258234
"cg15058464",0.228596583008766,-0.327995717525482,-0.0286987889558077,0.245476320385933,-0.0178123079240322,-0.148445099592209,-0.0657291412353516,-0.0400534979999065,-0.0677723959088326,-0.00379471015185118,-0.00768791325390339,0.00131528952624649,-0.0831804946064949,-0.0318073034286499,-0.0242297220975161
"cg11931596",0.247929975390434,-0.0523607209324837,-0.00261081545613706,0.157692536711693,0.0056400541216135,0.144546508789062,0.0465105883777142,0.201886117458344,-0.286638289690018,-0.0599469318985939,-0.0338853970170021,0.0394362062215805,0.000233235143241473,0.0145236384123564,-0.0137900821864605
"cg13990926",0.337098985910416,-0.0781758204102516,0.110523849725723,0.0642222836613655,0.0212050601840019,0.0344817712903023,-0.030191745609045,0.061682615429163,0.0235306415706873,0.183075785636902,-0.0246680676937103,-0.0139933796599507,0.276566296815872,0.0118454378098249,-0.0848337337374687
"cg05693611",0.333763509988785,0.147996351122856,0.0231589190661907,0.061244573444128,0.0174227487295866,0.000627576839178801,-0.0212526991963387,-0.0158269088715315,-0.0452405661344528,0.0466398447751999,0.0887336656451225,0.00664361566305161,0.217784821987152,-0.03590127825737,-0.00707393372431397
"cg09780241",0.181549280881882,-0.306742995977402,-7.36908768885769e-05,0.32043644785881,-0.000800953363068402,-0.168250888586044,-0.111168220639229,0.0563427321612835,0.0193865355104208,0.0556943938136101,-0.00283664301969111,-0.0109591521322727,-0.0586881898343563,-0.0168570280075073,-0.0385794006288052
"cg25950112",0.267679959535599,-0.267399311065674,-0.0180391687899828,0.198074027895927,-0.00464768009260297,-0.155675753951073,-0.0209296550601721,0.0111835785210133,0.00411923881620169,0.158593192696571,0.00702017219737172,0.00172970129642636,0.0192451849579811,-0.0728027746081352,0.0903847143054008
"cg25209842",0.421167194843292,0.0918568968772888,-0.00315229082480073,-0.0216268133372068,0.00121026008855551,0.0796248316764832,0.0984489694237709,-0.0112581411376595,0.0893493518233299,-0.0413436144590378,0.0181088447570801,6.42846353002824e-05,0.00623987196013331,0.0502590574324131,-0.0174646433442831
"cg05452406",0.380605012178421,-0.0785322636365891,0.00827166717499495,-0.0445990972220898,0.0152510553598404,-0.0165926851332188,0.0663485378026962,0.0523321181535721,0.00614257762208581,0.0401392355561256,0.00694972183555365,-0.0119053050875664,0.0762724056839943,0.00265083694830537,0.0150029622018337
"cg24881205",0.370485246181488,0.125278055667877,0.0666061490774155,-0.000799931352958083,-0.00443079695105553,-0.127517938613892,-0.00570425670593977,0.00603332836180925,-0.118058167397976,0.0290401708334684,0.00172551115974784,-0.000552599842194468,0.00373725173994899,-0.0173105057328939,-0.00193447049241513
"cg00257271",0.281120359897614,0.158309191465378,0.0448187999427319,0.000890762603376061,0.000405934290029109,-0.126898482441902,-0.152247935533524,-0.0228701308369637,-0.0190365314483643,0.0186769515275955,0.00279507646337152,0.0222092214971781,0.144159525632858,-0.0152593292295933,0.0208818148821592
"cg05667348",0.322526186704636,-0.08272485435009,-0.0478467158973217,0.124660946428776,-0.00502803735435009,-0.0811438411474228,-0.0890055745840073,0.0460184253752232,-0.0404013581573963,0.11291640996933,-0.0235917083919048,-0.00195008225273341,0.00126180192455649,-0.078877367079258,0.0934914723038673
"cg02267536",-0.177868187427521,-0.127779453992844,-0.011187557131052,0.05002136901021,0.0366771668195724,0.116134345531464,0.0090537816286087,0.0100865885615349,-0.371352851390839,0.0133580015972257,0.007246860768646,0.0259868167340755,0.227413460612297,0.053083922713995,0.0965852588415146
"cg14709691",0.298377186059952,0.0183634329587221,0.00169031065888703,-0.0789740458130836,-0.019899183884263,0.203446358442307,-0.044012613594532,-0.00110998551826924,0.281673640012741,-0.0938245356082916,-0.00541465170681477,-0.0276695508509874,0.0847952738404274,0.0164273828268051,-0.00846966821700335
"cg22471726",0.204285025596619,-0.37315708398819,-0.00273592234589159,0.206424191594124,0.00104846491012722,-0.0888534337282181,0.0261370185762644,0.0115466360002756,0.0825678706169128,0.149921625852585,0.0384037084877491,0.00216724257916212,0.0452282764017582,-0.0691650807857513,0.0248411353677511
"cg07011778",0.254615962505341,0.10182623565197,-0.00488477712497115,-0.00481511512771249,-0.00554665643721819,-0.202380806207657,-0.0709585249423981,-0.196291506290436,0.00833462178707123,-0.0430489033460617,0.0125864055007696,0.0515272803604603,0.164094224572182,0.0885366573929787,0.0536535456776619
"cg06807928",-0.198890626430511,-0.019605902954936,0.000856896571349353,0.563932478427887,-0.0288290940225124,-0.0433150418102741,0.0534485131502151,-0.109550766646862,-0.0181543938815594,-0.0576675236225128,-0.00183203117921948,-0.00408760877326131,-0.0240385625511408,0.00633911602199078,-0.17081418633461
"cg18197392",0.290891259908676,-0.325313359498978,0.0243719238787889,0.0918481275439262,-0.00135548249818385,0.0806709006428719,-0.031805545091629,0.0582155659794807,-0.0678573399782181,-0.00356782879680395,-0.0149779934436083,0.00536726182326674,-0.114761672914028,0.0364287383854389,-0.00915396399796009
"cg12279877",0.378126591444016,0.0624050982296467,-0.00386827765032649,0.0617482624948025,0.0128130353987217,0.0522695668041706,-0.128088623285294,0.000141664975672029,-0.157885730266571,-0.00998892355710268,-0.00911262817680836,0.00331776984967291,-0.0356005616486073,-0.0102921985089779,0.00214813696220517
"cg27031435",0.302163571119308,0.0843623876571655,0.0999277904629707,0.188713058829308,-0.0126070994883776,-0.00892930291593075,-0.118043750524521,-0.0948894768953323,-0.0255194883793592,0.185892924666405,-0.0304007176309824,0.051242608577013,0.0565549954771996,0.0129006123170257,0.0797821208834648
"cg18730034",-0.213520929217339,0.0106510603800416,0.0145805841311812,0.255611926317215,0.0161099042743444,0.137620389461517,0.0107843596488237,0.0536264330148697,0.045038741081953,0.0601957701146603,-0.0221125986427069,-0.00984240882098675,0.050530944019556,-0.0144282802939415,-0.014172968454659
"cg26633107",0.278185069561005,0.0730025842785835,-0.00273398123681545,0.0671059787273407,-0.00145757582504302,0.096385583281517,0.0572604760527611,0.102050237357616,-0.159979775547981,0.00760178873315454,0.044205978512764,0.0223270189017057,0.0620577782392502,-0.0693029016256332,-0.0150884203612804
"cg10969997",-0.191393136978149,0.00329226395115256,0.000893446791451424,0.474528193473816,0.00291433231905103,0.110655032098293,0.0979162901639938,0.0375685356557369,0.124947570264339,0.0660265013575554,-0.00321729457937181,-0.0349426120519638,0.00276280334219337,-0.0265986677259207,0.0361297912895679
"cg01518889",0.250849336385727,-0.186056688427925,0.0276686288416386,0.104576371610165,-0.0475369803607464,0.00937246344983578,0.0106025580316782,-0.0468761585652828,0.179190203547478,0.168196603655815,0.0520808510482311,0.00814442429691553,0.00924661662429571,-0.0390861444175243,-0.0241188909858465
"cg13314145",0.296054571866989,-0.296245217323303,-0.00010921987995971,0.170157685875893,0.00835747364908457,-0.0519629567861557,-0.0371675789356232,-0.0302024967968464,-0.155758157372475,-0.0248023234307766,-0.0279048476368189,0.0095053231343627,-0.168525144457817,0.0157087426632643,-0.0138398790732026
"cg19592336",0.311177015304565,-0.0474625118076801,-0.00227667740546167,0.00399609282612801,0.0204244796186686,0.0572398342192173,-0.0282448288053274,-0.0112280184403062,-0.0287890955805779,-0.0570992678403854,-0.0112295970320702,-0.0124487848952413,0.0675318539142609,0.0113318404182792,0.0168092157691717
"cg12462916",-0.0925132781267166,0.180951774120331,-0.000814555562101305,0.0784943327307701,0.00557770254090428,-0.00549167394638062,-0.295836389064789,0.173361867666245,-0.246079012751579,0.0145212253555655,0.0518358945846558,-0.0709922835230827,0.276348024606705,-0.0652132704854012,0.0159360282123089
"cg08680048",0.408345460891724,0.0381353385746479,0.00251166103407741,-0.0225477833300829,-0.00455570919439197,-0.0424246974289417,0.0306871943175793,-0.00511495629325509,0.00571802444756031,0.00903417263180017,0.0304098408669233,-0.00892905704677105,0.0482577234506607,0.0155953085049987,-0.00985771417617798
"cg07411620",0.209504798054695,-0.0923751890659332,0.00360907334834337,0.191984161734581,-0.023738257586956,-0.244602233171463,-0.0792831480503082,0.0163144767284393,-0.23485541343689,0.000640617508906871,0.01416599098593,0.0105167990550399,0.111999288201332,-0.0598302185535431,0.0871979668736458
"cg20881942",0.391493916511536,0.0307245943695307,0.00143536971881986,0.0617432594299316,-0.00270455190911889,0.0458042994141579,-0.0100937038660049,-0.0207984447479248,-0.0540205240249634,0.0604287348687649,-0.0107184778898954,0.00298844277858734,-0.0208861604332924,0.0310209281742573,-0.000963343365583569
"cg09775582",0.340921849012375,-0.0175832770764828,-0.00779743911698461,0.107135854661465,-0.031198188662529,0.232379734516144,-0.0752208381891251,-0.0399639643728733,-0.210867360234261,0.0273253917694092,0.0267133843153715,0.00547530828043818,-0.138039410114288,0.01671445928514,0.0639037117362022
"cg15659713",0.398492991924286,0.097964733839035,-0.0075116460211575,0.0635311156511307,0.00161402474623173,0.012754456140101,0.0729487016797066,0.0103657618165016,0.168616443872452,-0.108595907688141,-0.0151590295135975,0.0181469414383173,0.0208184309303761,-0.0103283422067761,0.0601436123251915
"cg09632273",-0.125671684741974,-0.352510958909988,0.00378951150923967,-0.00549478270113468,-0.0074047246016562,0.195975676178932,0.128443256020546,0.0640661865472794,0.0617450512945652,-0.0647788718342781,-0.0483834743499756,0.0752567052841187,0.114091262221336,0.0483724735677242,0.0167186670005322
"cg14668747",0.206480905413628,0.0913291722536087,-0.0129709774628282,-0.0164177231490612,-0.00197492353618145,-0.16363213956356,0.128642439842224,-0.143651261925697,-0.169298991560936,-0.0465742908418179,0.00668074702844024,-0.0595638118684292,0.270262271165848,-0.0770354717969894,-0.00649098912253976
"cg19457477",0.312811017036438,-0.0605167411267757,-0.00669243466109037,-0.0137727782130241,-0.00110308011062443,0.0685206949710846,-0.0996097177267075,0.0347652174532413,0.104045405983925,-0.0366927273571491,0.0197284854948521,-0.0102630248293281,0.113200359046459,0.0957123786211014,-0.000719375035259873
"cg02637318",0.237704217433929,-0.0229617115110159,-0.0013044357765466,-0.0107985306531191,-0.000683576450683177,0.193459689617157,0.0926215499639511,-0.0592747628688812,-0.0113595239818096,0.0459424704313278,0.0116673894226551,0.0475073643028736,0.125820174813271,0.00765291694551706,-0.00787473190575838
"cg25916282",0.133532643318176,-0.0893998295068741,-0.0888616368174553,0.219398275017738,0.0679649636149406,0.12331684678793,-0.00491745909675956,-0.219503819942474,0.189700454473495,0.253834038972855,0.0333943478763103,-0.0863646864891052,-0.0495108291506767,-0.165832102298737,0.00911051873117685
"cg17911788",0.296866714954376,-0.0323494076728821,-0.00323211215436459,-0.032433919608593,0.00159759540110826,0.0695413425564766,-0.00204894482158124,0.100220464169979,0.0671673938632011,-0.0708852782845497,-0.0342160537838936,0.0495049059391022,0.24255807697773,0.0533073991537094,-0.0471403524279594
"cg16399136",0.327483266592026,-0.12818868458271,-0.0168712064623833,-0.0999277383089066,0.00934603158384562,0.140499100089073,-0.0187809318304062,0.0557305440306664,0.0610163696110249,0.149662718176842,0.0035125850699842,0.0294766407459974,0.227323055267334,-0.0254450440406799,-0.0202152281999588
"cg10244976",0.0244751814752817,0.360084623098373,-0.00292438082396984,0.00422540120780468,0.00915180984884501,0.0273052044212818,-0.27594867348671,0.0052195331081748,-0.105546101927757,-0.00491970544680953,0.0113737722858787,-0.0782603248953819,0.167536735534668,0.0799330845475197,0.0806379467248917
"cg27500148",0.152974173426628,0.438183277845383,0.0551099181175232,0.0838016271591187,0.0208133216947317,0.195378974080086,0.0674276426434517,-0.0470338352024555,0.0723814219236374,-0.0379194393754005,-0.0777861401438713,0.0621162876486778,-0.0430113859474659,0.0298249386250973,0.0507178194820881
"cg25645064",0.327225714921951,-0.0131430411711335,-0.0215139612555504,0.147486969828606,-0.0127548919990659,-0.226325422525406,-0.0776964500546455,0.117752134799957,-0.0908369645476341,-0.0811354145407677,-0.0611642859876156,0.0204023718833923,0.0361935533583164,-0.0466003380715847,-0.0450157150626183
"cg10581012",-0.141326040029526,-0.194228455424309,0.113649263978004,0.421059429645538,0.00256889453157783,-0.106349684298038,0.130156546831131,0.122268304228783,0.0649213120341301,-0.0525538511574268,-0.0293300561606884,0.0538063757121563,0.0810233801603317,0.0542481020092964,0.0333336852490902
"cg14523847",0.30331888794899,-0.179627329111099,0.00115180073771626,0.212561711668968,-0.00228001922369003,-0.197304621338844,0.0395865924656391,0.00542252883315086,-0.111267723143101,-0.165704399347305,-0.000440199684817344,0.00869926530867815,-0.105168148875237,-0.000626564200501889,-0.0798511058092117
"cg06038655",0.327816426753998,0.123785205185413,-0.00374383362941444,0.0239139273762703,-0.000784789794124663,-0.0192040912806988,0.000175478155142628,-0.00779133196920156,-0.176191970705986,0.034597996622324,-0.0362647585570812,-0.0202173497527838,0.00723735708743334,0.00768832443282008,-0.00973966624587774
"cg04285033",0.292004406452179,-0.0939206853508949,-0.00112453545443714,0.222038462758064,0.006118084769696,0.12728551030159,-0.0155575620010495,0.145018324255943,0.100083127617836,0.220748826861382,0.035890456289053,-0.00469599710777402,-0.00507941097021103,-0.0287426691502333,0.0333141349256039
"cg12518410",0.336437404155731,0.0488277450203896,-0.0036378416698426,0.0618117824196815,-0.0267107579857111,0.200016394257545,-0.0945707485079765,0.00698857242241502,-0.250750482082367,-0.00844069197773933,0.0275845881551504,0.0160660091787577,-0.101546168327332,-0.0226558893918991,-0.0291048754006624
"cg13052034",0.279416531324387,-0.230256617069244,0.00679823290556669,0.0761611983180046,0.0171086899936199,-0.131397515535355,-0.161450237035751,-0.0173862893134356,0.139254108071327,0.0494528375566006,-0.00470358412712812,-0.00783077627420425,0.0679142698645592,0.0135732358321548,0.0236124563962221
"cg09896211",-0.0244508646428585,0.27754133939743,-0.0278817936778069,0.123032450675964,0.0291651114821434,0.260078728199005,-0.206240072846413,0.204362332820892,-0.0606322735548019,-0.115525647997856,-0.0037769393529743,0.00708968611434102,0.106138668954372,-0.128849297761917,0.0249008685350418
"cg21472506",0.317439287900925,-0.297764986753464,0.00361842731945217,-0.0299162231385708,-0.00954311806708574,-0.146096393465996,-0.0701062008738518,-0.109550721943378,0.0143810659646988,0.0374500155448914,0.0324947386980057,-0.00122083607129753,0.0700559914112091,-0.0214450694620609,-0.0749245136976242
"cg23180938",0.37593612074852,-0.131352767348289,0.00502062356099486,-0.00117210194002837,0.0111805386841297,0.00457941647619009,-0.0465804450213909,-0.0380188040435314,0.0360992699861526,0.00682780798524618,-0.00225772638805211,0.00535942381247878,0.0141190811991692,-0.0402141734957695,-0.0110838245600462
"cg15928106",0.201005935668945,0.369258373975754,-0.00159640796482563,0.000355560187017545,0.0574058406054974,0.0418906062841415,-0.215177431702614,-0.109327875077724,0.153614938259125,0.0313861407339573,-0.0827236399054527,0.0214610137045383,0.0480450056493282,0.0481479614973068,-0.0422077067196369
"cg13409645",0.340053707361221,0.0236913934350014,-0.00291434512473643,0.0796738788485527,-0.00349122914485633,0.167461827397346,-0.106660082936287,0.0734563767910004,-0.231223285198212,-0.00222351052798331,0.0131475776433945,0.00277851661667228,0.0527985505759716,-0.00119658024050295,0.0225884802639484
"cg19997502",0.376654624938965,-0.101200252771378,0.0601968318223953,-0.0177391171455383,0.0117306467145681,-0.13305102288723,0.0495678447186947,-0.110488928854465,0.0521131157875061,-0.0508258081972599,0.00362887210212648,0.021392248570919,0.17935685813427,0.0212380383163691,-0.0434457063674927
"cg08492145",-0.118256911635399,0.140906363725662,0.0245630834251642,0.486402928829193,0.00494362693279982,0.0694869160652161,-0.0357057638466358,0.231034785509109,0.0341698825359344,0.13740573823452,-0.0581954605877399,0.119086734950542,-0.0735686048865318,0.0477758273482323,-0.225542798638344
"cg06945936",0.348318666219711,0.00765096908435225,-0.00292592262849212,0.0202274564653635,0.014950686134398,0.109152480959892,0.0351831763982773,0.038152601569891,0.1091538220644,0.168016463518143,0.0114135453477502,-0.0809098184108734,0.0814286768436432,-0.00646947510540485,0.0772110819816589
"cg20092531",0.233041122555733,-0.228783309459686,-0.0263960063457489,0.252756416797638,-0.0027588966768235,-0.0808425694704056,-0.153080299496651,0.0848219320178032,0.204610228538513,0.0122402720153332,0.00211480911821127,0.00818514078855515,-0.0431114956736565,0.0553882047533989,-0.00512230442836881
"cg26840068",-0.220898687839508,0.0442324057221413,-0.000937542296014726,0.524687886238098,0.0067596840672195,0.101661771535873,-0.0459578223526478,-0.066874161362648,0.044201422482729,-0.0377025865018368,-0.0163254551589489,0.0360447503626347,0.0121886497363448,0.0579297468066216,-0.0871104896068573
"cg05062612",0.27374941110611,0.0146293854340911,0.0102880075573921,0.130943149328232,0.00855126231908798,-0.0398413613438606,-0.0813338086009026,-0.0123155452311039,-0.358857125043869,-0.0158267095685005,-0.0164857115596533,-0.0466090179979801,-0.00950001180171967,-0.0179147087037563,0.0280373562127352
"cg14492599",-0.183891117572784,0.0640226826071739,0.00118949357420206,0.486737877130508,-0.000881728483363986,0.00346525316126645,0.129188373684883,0.0288305263966322,-0.0371765047311783,0.0871821492910385,-0.00160912110004574,0.0249866396188736,0.100588694214821,0.0576865710318089,0.063932977616787
"cg00343633",0.358759760856628,-0.0510386973619461,-0.0295738000422716,0.0380183570086956,0.000845575239509344,0.112766467034817,0.0401567667722702,-0.00337080075405538,-0.126234203577042,0.0894279256463051,-0.00406514108181,-0.0372652374207973,-0.10294521600008,0.051478173583746,-0.00281576509587467
"cg00969119",0.20111046731472,-0.00175849592778832,0.00469588162377477,0.101835772395134,0.00458174617961049,-0.211998179554939,0.0164310969412327,-0.0631728693842888,-0.0958202108740807,-0.0306723453104496,0.0318402610719204,0.092043362557888,0.245288893580437,0.0088241221383214,0.0147703047841787
"cg02305765",0.353307515382767,0.0549862682819366,1.36118178488687e-05,0.0402894765138626,-0.0351954102516174,0.191188424825668,-0.0528966449201107,0.073469489812851,-0.17911721765995,-0.00828859675675631,-4.48249593318906e-05,-0.0103598134592175,0.00890806131064892,0.00832116883248091,-0.0490277372300625
"cg14654886",0.305268555879593,-0.207064315676689,0.00120236596558243,0.113043189048767,0.00627130409702659,0.209199190139771,-0.0214584674686193,-0.0200205184519291,0.10435027629137,0.00634404551237822,-0.0130219394341111,0.0155428387224674,-0.0693718567490578,-0.0089370459318161,-0.0226506069302559
"cg18173726",0.072071835398674,-0.0769469887018204,-0.0814622715115547,0.348117887973785,0.0442571230232716,0.138594269752502,0.174231827259064,0.114816293120384,-0.112049460411072,-0.170608356595039,-0.00797312520444393,0.00173937797080725,0.0965709015727043,-0.0449325889348984,-0.00705819670110941
"cg23690166",0.246582731604576,-0.31762820482254,0.0010536122135818,0.208293482661247,0.000701074255630374,-0.0674754753708839,0.112753205001354,0.0719801187515259,0.050623245537281,0.136643081903458,0.0144773814827204,0.00255720922723413,0.0264730248600245,-0.0770259201526642,0.0485545285046101
"cg02767633",-0.175820410251617,0.0125958267599344,0.00240405998192728,0.496322065591812,0.00558406393975019,-0.21085849404335,0.124824732542038,-0.0473174378275871,-0.0153653975576162,0.0374668948352337,0.00414271326735616,0.0327480249106884,0.00682336138561368,-0.0184846743941307,0.0108388299122453
"cg25947619",0.111355595290661,-0.29231870174408,0.0016616981010884,-0.0862861126661301,-0.0274704806506634,-0.0539913363754749,-0.013277119025588,-0.111529462039471,0.0840243473649025,-0.0535656325519085,0.0239137299358845,-0.0496266521513462,0.105594649910927,0.0540839172899723,0.0164338648319244
"cg16709294",-0.083676390349865,-0.127452343702316,-0.00482077058404684,0.0707201212644577,0.00376020418480039,0.148079171776772,-0.0357592143118382,-0.129952445626259,-0.0430255271494389,-0.255531817674637,0.00836779456585646,0.100514926016331,0.0241867918521166,0.0751142427325249,0.211384683847427
"cg15425061",-0.276369452476501,-0.218124479055405,0.0440255925059319,0.080058716237545,-0.00415936391800642,0.254926055669785,-0.0730889588594437,0.0797391161322594,-0.106238938868046,0.0614737197756767,0.011355753056705,-0.0436701029539108,0.197637394070625,0.0138519881293178,0.082558199763298
"cg17919004",-0.0939029082655907,-0.196323916316032,-0.174141690135002,0.459275901317596,0.0581292770802975,-0.101159207522869,0.130231186747551,-0.0425990894436836,0.0283095315098763,-0.000575980637222528,-0.00907634012401104,-0.135633051395416,0.0335885062813759,-0.101232916116714,0.101040437817574
"cg22538054",0.400498330593109,-0.0720084384083748,-0.00398623896762729,0.043776348233223,0.0102359997108579,0.139245599508286,-0.0583026222884655,-0.00455815903842449,-0.121747195720673,0.0181543380022049,-0.00745711242780089,0.0231337565928698,-0.123873621225357,0.058698233217001,0.000123015124700032
"cg18118147",-0.125119462609291,0.0195184238255024,0.000799595552962273,0.493107825517654,-0.00178275106009096,0.130414411425591,0.100474216043949,0.0131175732240081,0.087728925049305,0.160749942064285,0.0404395796358585,-0.0208591092377901,0.0374468676745892,-0.00561797665432096,0.0311180576682091
"cg07475026",-0.21680448949337,-0.149641409516335,0.00153293239418417,0.126857295632362,0.047638937830925,0.261165380477905,0.0659141540527344,0.0107579492032528,-0.0825369581580162,-0.12083588540554,0.00162925024051219,-0.00786869879812002,0.153689593076706,0.00796237960457802,0.149198830127716
"cg15603568",0.376101762056351,0.00787149276584387,-0.0229018852114677,0.0125927049666643,-0.00144429295323789,0.0843271091580391,0.0590152591466904,0.00787193141877651,-0.199948072433472,0.0506019257009029,-0.0102325985208154,-0.0582669042050838,-0.068579725921154,0.0349848121404648,0.0109021328389645
"cg27326062",-0.112723901867867,-0.0780080035328865,0.00538838049396873,0.487985640764236,-0.0131928352639079,-0.114676304161549,0.00382453319616616,-0.0599692314863205,0.0394147075712681,-0.0717082545161247,-0.0370681136846542,-0.00785657484084368,-0.0419522672891617,0.0100550465285778,-0.0203942190855742
"cg18159323",-0.118161551654339,0.0777397751808167,-0.00371426227502525,0.322107434272766,-0.00490853190422058,0.00351955997757614,-0.197625398635864,0.00479409145191312,-0.249720245599747,-0.068177342414856,-0.0222599972039461,0.0240040700882673,0.131096854805946,0.0924670472741127,0.0168089643120766
"cg08817483",0.267126083374023,-0.0703930929303169,0.00269509432837367,0.00562488753348589,0.0125202517956495,0.0476611033082008,-0.00201817532069981,0.0765518248081207,-0.0141553813591599,0.053174301981926,0.0151227172464132,0.0216153394430876,-0.0134506858885288,-0.0190997235476971,0.0908829569816589
"cg20282303",-0.152717471122742,-0.0302624609321356,-0.0548773892223835,0.150554403662682,0.0317175686359406,0.27267324924469,-0.104320302605629,0.250688791275024,-0.167876526713371,0.0536405965685844,0.00805424153804779,-0.069398358464241,0.146523892879486,-0.0611399225890636,0.00997122842818499
"cg25164624",0.371410518884659,-0.0370113328099251,-0.00412928825244308,0.102606549859047,-0.00133131223265082,0.223459258675575,-0.0397180058062077,0.0276765637099743,-0.160294711589813,0.00281609781086445,0.0174112431704998,-0.0123333744704723,-0.109337456524372,0.0811528861522675,0.0260951146483421
"cg12260798",0.288533091545105,-0.134978577494621,-0.000710164953488857,-0.0714135840535164,0.000635620439425111,-0.0914618000388145,-0.104287371039391,-0.10313656181097,0.16870154440403,-0.0787885561585426,-0.0212012585252523,0.00766324996948242,0.088887132704258,-0.0174207352101803,-0.0125154610723257
"cg02099572",-0.0845635384321213,-0.053960558027029,0.114532358944416,0.418475210666656,-0.0705408081412315,-0.248231559991837,-0.0636441335082054,0.131345331668854,0.011912596412003,-0.169390261173248,-0.0207599680870771,0.0928228870034218,0.110005781054497,0.037378154695034,0.0638185739517212
"cg08957001",-0.232930019497871,-0.0981964096426964,0.00120161171071231,0.263013184070587,-0.0083776693791151,0.269782692193985,-0.0109471902251244,-4.53620777989272e-05,0.03970967233181,0.102190159261227,-0.0213086158037186,-0.0141942277550697,0.0741360411047935,-0.0297908280044794,0.0525259003043175
"cg16086620",0.338883817195892,-0.132991850376129,0.000699042924679816,0.111593715846539,-0.00129226327408105,0.0371757857501507,0.000410028937039897,-0.0095167513936758,-0.256816029548645,-0.00525569636374712,-0.0361495763063431,-0.0494215823709965,-0.0225645452737808,0.0405893884599209,-0.0213729329407215
"cg11414560",0.330757319927216,-0.0101760635152459,-0.000376199866877869,0.298419505357742,0.00257676979526877,-0.00757062947377563,0.12584000825882,-0.085854098200798,-0.184881165623665,-0.0391866937279701,0.00265303743071854,-0.0559812299907207,-0.208533778786659,0.00460638664662838,0.0052427495829761
"cg18556788",0.297395884990692,-0.00200053444132209,0.000509405566845089,0.110591135919094,-0.0151293873786926,0.189840152859688,-0.0538692586123943,-0.097432516515255,-0.125364556908607,-0.113341644406319,-0.00807954184710979,0.0155977047979832,-0.193472698330879,-0.0016177463112399,-0.0483040995895863
"cg21488538",0.276222318410873,-0.270451813936234,-0.0178226307034492,0.161291033029556,0.00152339553460479,-0.249473005533218,-0.0410970859229565,0.0163254160434008,0.0745401084423065,-0.0164152383804321,-0.00997998658567667,0.00621536560356617,-0.0122992340475321,-0.0158092454075813,-0.0261023137718439
"cg03313945",0.364940583705902,0.106334052979946,-0.000165703590027988,-0.00125404086429626,0.00763721112161875,0.0657283887267113,0.00181865703780204,0.047114223241806,-0.0947202742099762,0.0165486857295036,0.00194082583766431,0.0124976541846991,-0.0461244694888592,-0.0202660970389843,0.000857828184962273
"cg13868084",0.31225773692131,0.0801191404461861,0.00515273539349437,0.00965239014476538,-0.0227195136249065,0.278353273868561,-0.0292725544422865,0.00546255800873041,0.0759969353675842,0.0634535551071167,-0.00307523575611413,-0.0315751284360886,0.0962222218513489,-0.0717699751257896,-0.069487601518631
"cg02709432",0.363464772701263,-0.00024644355289638,0.00517513602972031,0.043268907815218,0.0237464439123869,-0.149047344923019,0.00182246789336205,-0.00867890194058418,0.172961339354515,-0.146259486675262,-0.0838450044393539,-0.038773886859417,0.116140812635422,-0.0380004085600376,-0.0189260393381119
"cg20707230",-0.132808297872543,0.148283138871193,0.000534270307980478,0.543239831924438,-0.00109430297743529,0.00183203408960253,0.0703993737697601,-0.00582957081496716,-0.0808195844292641,0.0479696840047836,0.0638660341501236,0.000402534904424101,0.0069176172837615,-0.0112380906939507,0.0393601022660732
"cg03329597",-0.0296818576753139,0.0406476855278015,0.00183358613867313,0.000545625982340425,0.0095319002866745,0.0262387990951538,-0.00412886729463935,0.0309102907776833,-0.0569747537374496,0.00634528417140245,-0.0793755054473877,-0.0452103540301323,0.0486318580806255,0.0297396760433912,0.0166256055235863
"cg15454726",0.350092798471451,0.0379092842340469,0.00635368144139647,0.212601006031036,-0.000433256267569959,0.0081573911011219,0.0335660241544247,-0.0513817742466927,-0.166628986597061,-0.0289674773812294,-0.0471435859799385,-0.0106343189254403,-0.16336390376091,-0.0088552413508296,0.0754397436976433
"cg21167612",-0.118771873414516,0.1030383259058,0.0469071753323078,0.562261939048767,-0.00910485256463289,-0.103985115885735,0.0219175908714533,-0.0499299466609955,-0.135113656520844,0.00668962160125375,-0.00241840607486665,-0.0228405520319939,0.0336296930909157,-0.0119283040985465,-0.0160545948892832
"cg24914278",0.310546904802322,0.112399727106094,0.00159873790107667,-0.0513057224452496,-0.0190161373466253,0.104500383138657,0.0550947897136211,-0.125331610441208,-0.159080266952515,-0.0450467057526112,0.0538432411849499,0.0112681081518531,0.0114699127152562,-0.00892712268978357,-0.181913316249847
"cg24772753",0.327039837837219,-0.0598200000822544,0.0325121469795704,0.0351144708693027,-0.00657328218221664,0.139217302203178,-0.0112721752375364,-0.0213344786316156,-0.018523259088397,-0.0312973968684673,0.0400627478957176,0.024661211296916,-0.0056076324544847,-0.0275266673415899,-0.000885562505573034
"cg25545503",-0.255816400051117,-0.10368175059557,0.00117945612873882,0.438473075628281,-0.0101071801036596,0.000903291336726397,-0.00229512271471322,-0.0607875213027,0.0068747540935874,-0.040863249450922,0.0153332659974694,-0.00436080619692802,0.0145395332947373,-0.0267778504639864,-0.00158604781609029
"cg00922748",0.241652250289917,-0.00224601267836988,-0.0289197601377964,-0.00552169140428305,-0.0156257338821888,0.0588800795376301,0.186440587043762,-0.0384160876274109,0.0522741563618183,-0.100771635770798,-2.76174960163189e-05,0.00550175039097667,0.215732544660568,0.0188652109354734,-0.0476222075521946
"cg01128642",0.294544398784637,-0.193839386105537,0.0513584166765213,0.002625368302688,0.0222133249044418,0.10920611768961,0.0241627097129822,0.0531134679913521,0.0157708842307329,0.173755317926407,-0.0031585528049618,0.00266302959062159,0.0481648705899715,0.0242591928690672,-0.0254491623491049
"cg04111078",-0.086797259747982,0.0867162197828293,-0.0860428065061569,0.158218488097191,0.0310775376856327,0.361908197402954,-0.159985661506653,0.221362963318825,-0.0980540364980698,0.0340466499328613,0.0187868941575289,-0.0147527297958732,0.215921938419342,-0.101647637784481,0.122428953647614
"cg07937427",0.266712069511414,0.195110157132149,0.045291643589735,0.0138475084677339,-0.0105821331962943,0.0412976965308189,-0.287727892398834,0.0273940414190292,0.10352348536253,-0.0879350602626801,-0.0268627014011145,-0.0653619393706322,0.156602054834366,0.101239949464798,0.105813853442669
"cg15732840",0.251404166221619,0.401267200708389,0.0527714937925339,-0.0012708775466308,-0.0162793733179569,0.0114693641662598,-0.103875331580639,-0.135485380887985,0.0710732415318489,0.204507201910019,0.0337254591286182,-0.00347086996771395,0.0414698272943497,0.0204168986529112,0.0251841526478529
"cg23997263",0.23971363902092,-0.0722053572535515,0.0724770426750183,0.0998511910438538,-0.00375230936333537,-0.188200622797012,-0.0848673731088638,0.0608709268271923,-0.0231361780315638,0.0206150654703379,0.0452464520931244,-0.0168400332331657,0.197455376386642,-0.00442934362217784,-0.0431650318205357
"cg22444124",0.103632509708405,0.0377783849835396,0.119622230529785,0.0345184803009033,-0.00764987803995609,-0.0257388725876808,0.0162785947322845,-0.115927301347256,-0.0233427695930004,0.174289286136627,-0.117444731295109,-0.00399149069562554,0.201674208045006,0.0224262252449989,-0.0738199800252914
"cg12319602",0.352266490459442,0.218305975198746,0.0449777357280254,-0.0632889121770859,0.00541267404332757,-0.063721127808094,0.0433948710560799,-0.000464064563857391,0.0257537197321653,-0.0115383788943291,0.00669449660927057,0.0464848726987839,0.0255914088338614,-0.0145762786269188,0.0151275722309947
"cg12121066",0.257809102535248,0.0678916648030281,0.0065834429115057,0.0163646433502436,0.00733850616961718,0.104233928024769,0.00584768410772085,-0.0467729642987251,-0.194615229964256,0.0141625544056296,-0.00975705776363611,0.0384732633829117,0.113688006997108,-0.0825323984026909,-0.0260406974703074
"cg08364561",0.309117496013641,-0.263359755277634,0.0479407869279385,0.0726726576685905,-0.00489835580810905,-0.292453736066818,-0.0266619082540274,0.0764042809605598,-0.093550480902195,0.0419403575360775,-0.00111022754572332,-0.000228208737098612,-0.0240602008998394,-0.0405375845730305,0.0462979227304459
"cg07469637",0.361422538757324,0.211412519216537,0.0141994152218103,0.00122696335893124,-0.00823274627327919,-0.100085347890854,0.0212607756257057,0.0675547495484352,-0.0573622696101665,0.0634253323078156,-0.0173358842730522,0.00429754564538598,0.0918373167514801,0.0177025403827429,-0.00768047897145152
"cg15731035",-0.0399056524038315,-0.0586226657032967,-0.018523933365941,0.356320738792419,0.0322072990238667,0.111273542046547,0.0324813276529312,0.240331903100014,0.166045054793358,0.233189523220062,0.00989571120589972,0.0591758973896503,0.0322661139070988,0.0232615806162357,0.124987192451954
"cg08832624",0.297867834568024,-0.0524809993803501,0.00131173629779369,0.153867125511169,-0.0112488800659776,-0.0833873003721237,-0.0458914935588837,0.00489152828231454,-0.191776171326637,-0.0177613589912653,-0.0109019838273525,0.0973270982503891,0.155183956027031,0.0293542612344027,-0.0336584188044071
"cg19153095",-0.227866679430008,0.0342440903186798,0.00417072093114257,0.254224896430969,0.0304639805108309,-0.0154787162318826,-0.145567640662193,0.0618629530072212,-0.0228474698960781,0.16352142393589,-0.0288959555327892,-0.0957179218530655,0.119323126971722,-0.00744256703183055,0.225259706377983
"cg10188823",0.354962915182114,-0.0678908601403236,-0.000248935888521373,0.0877793580293655,-0.00737967435270548,0.182803064584732,-0.00362623762339354,0.00822617951780558,-0.147694021463394,-0.00255083525553346,-0.00399460410699248,0.00306742149405181,-0.068608745932579,0.0412045530974865,-0.00426791701465845
"cg10860802",-0.241000384092331,0.0913639068603516,-0.00297834817320108,0.453480243682861,0.00524454424157739,0.0801892280578613,0.00369968800805509,-0.00267960829660296,0.139081209897995,-0.0157462898641825,-0.016542311757803,0.0435725972056389,-0.0221368558704853,0.0299855377525091,-0.0941927433013916
"cg27429313",-0.338476866483688,-0.102011822164059,0.0438737981021404,0.0951244980096817,0.000327393674524501,0.0999204143881798,-0.0817250683903694,0.0595158971846104,-0.179097548127174,0.0720038115978241,-0.0165860950946808,0.00241381791420281,0.179618805646896,-0.0411338917911053,0.0743198096752167
"cg26010877",-0.196252420544624,-0.00461693620309234,-0.00877299439162016,0.503922820091248,-0.0232197847217321,0.0340859480202198,-0.103636279702187,-0.0402579829096794,0.0793895870447159,-0.0500908829271793,0.0591444335877895,0.00820288993418217,-0.0374679006636143,-0.0317105501890182,0.0187358967959881
"cg01054755",0.195531904697418,0.154745444655418,0.0323589444160461,0.0450424551963806,0.0115430410951376,0.0781498402357101,-0.0114930626004934,-0.238677799701691,0.0582746937870979,-0.0157897043973207,0.0409755147993565,0.0993833392858505,0.200779318809509,0.0288848746567965,0.0267027020454407
"cg01379240",0.291851997375488,-0.0316609665751457,0.0774698704481125,0.097918838262558,-0.021124791353941,0.125092074275017,-0.0321977995336056,0.0532011426985264,-0.0899133682250977,0.205729216337204,0.00244736601598561,0.0208847466856241,0.132110118865967,-0.0428614802658558,-0.000733678112737834
"cg12133962",-0.0442072525620461,0.210527881979942,-0.0650786235928535,0.394757568836212,0.0384686924517155,0.139702811837196,0.183454886078835,-0.0478814914822578,0.203711822628975,0.123514391481876,0.0712992623448372,-0.0142645705491304,-0.0470270700752735,-0.033765759319067,-0.0278980322182178
"cg05542338",0.325786620378494,-0.194209352135658,-0.00141980242915452,0.0724429711699486,-0.00128158950246871,0.21964593231678,-0.0473583079874516,-0.00781177682802081,0.126636728644371,0.00468493066728115,-0.0324245318770409,-0.000557039224077016,-0.0367843322455883,-0.00117122090887278,-0.00763584487140179
"cg22994198",0.0880435630679131,0.0873108804225922,-0.00267387623898685,0.0624668560922146,-0.00158724759239703,-0.126389399170876,0.0292646139860153,0.17579148709774,-0.182308956980705,0.0148863671347499,0.0183360427618027,0.0188930835574865,0.1673344373703,0.0142890876159072,0.0784167870879173
"cg09420439",0.369366019964218,0.110623933374882,-0.00762656005099416,0.105963937938213,0.0032233705278486,-0.0730862990021706,0.0180967357009649,-0.0475877523422241,-0.0385967381298542,-0.00490534165874124,-0.00641209445893764,0.0013312881346792,-0.0522999651730061,-0.0390761084854603,0.00199563498608768
"cg17504591",0.1069066375494,0.087444119155407,-0.160963252186775,0.315828233957291,0.0471319146454334,0.0264404509216547,0.243493050336838,0.229954734444618,0.125466719269753,0.0146512752398849,0.0540530644357204,-0.00617673574015498,0.0289623234421015,-0.0509642250835896,0.125188320875168
"cg18448949",0.355086356401443,-0.114264510571957,-0.000902180443517864,0.0559698790311813,0.000158496433869004,-0.0854493826627731,-0.00666806660592556,-0.0431076437234879,0.0536273904144764,0.0948587581515312,0.0279586166143417,0.00132600264623761,0.0122034884989262,-0.0798300430178642,-0.0343811698257923
"cg12060499",0.28200688958168,-0.05081956833601,0.00607019988819957,-0.0142414309084415,0.00449458695948124,0.169144660234451,-0.145489856600761,0.105619162321091,0.144975051283836,0.0644412711262703,-0.0107940621674061,0.0095286313444376,0.111788019537926,0.0245478823781013,0.0148024884983897
"cg08819022",-0.0598029159009457,-0.242432445287704,0.0259574893862009,-0.00199320167303085,0.0124923009425402,0.0259197782725096,-0.00640285247936845,0.102974645793438,-0.0952388048171997,-0.0587348081171513,-0.00325372023507953,0.00424784608185291,0.0894478932023048,-0.00472577009350061,-0.037167988717556
"cg03117976",0.160917833447456,-0.289479285478592,-0.00295659527182579,0.0660451129078865,-0.00406240904703736,0.0804923698306084,0.0345493257045746,-0.0366956144571304,-0.0903318673372269,0.0104000391438603,0.00104309001471847,-0.00869664177298546,-0.102861955761909,0.0122625818476081,-0.0446763001382351
"cg07185425",-0.251470416784286,-0.13463918864727,0.00100047432351857,0.313412755727768,-0.0101922396570444,0.0322125181555748,-0.0571640580892563,-0.000149187704664655,0.255702972412109,0.0113873947411776,-0.00245499215088785,-0.00103571114595979,-0.00708072911947966,0.079364575445652,0.128723531961441
"cg20698924",0.370691806077957,0.104085989296436,-0.0122401416301727,0.0559787675738335,0.00364803755655885,0.0219798404723406,-0.0568189807236195,0.0918175429105759,-0.0958292186260223,0.00493159331381321,0.0279597751796246,0.00220196810550988,0.016631918027997,0.0152782369405031,-0.0678333267569542
"cg16604243",0.226159915328026,-0.271142333745956,0.000341827399097383,0.00336126261390746,-0.00487224804237485,0.15001106262207,-0.0180384498089552,-0.0385997034609318,-0.0201745294034481,0.107035122811794,-0.0270196888595819,0.0124672390520573,0.0132445218041539,-0.0768318921327591,0.0019191934261471
"cg02710296",0.352841913700104,-0.0416753105819225,-0.00328378169797361,-0.0396248959004879,0.000903130159713328,-0.0952091962099075,0.0827936306595802,0.0549355261027813,0.0207675583660603,-0.0197900030761957,0.0640527456998825,0.00619215797632933,0.0250145848840475,-0.0253962203860283,0.0110226878896356
"cg08800878",0.304065495729446,-0.0796253830194473,0.0156519114971161,0.067309595644474,-0.0217893347144127,0.0203028712421656,-0.0214171651750803,-0.0640411972999573,0.159101694822311,0.0428348332643509,0.00736090634018183,0.00848198402673006,0.0113325053825974,-0.0570110082626343,-0.0138382678851485
"cg19075377",-0.167772114276886,0.0217269919812679,0.000362357532139868,0.574556827545166,-0.0151330418884754,0.0373981185257435,-0.00123681244440377,-0.0515217892825603,0.015751376748085,-0.0692541524767876,0.0107109928503633,0.0358333364129066,-0.0408058203756809,0.0338143147528172,-0.149472966790199
"cg15790037",0.34186252951622,-0.163673028349876,-0.00326727353967726,-0.00041801793850027,-0.0073597114533186,0.0919625014066696,-0.136258408427238,-0.0109831914305687,0.128146857023239,-0.00312162004411221,-0.0130427647382021,0.0323830917477608,-0.00144566723611206,0.0150514943525195,-0.0758941248059273
"cg07184316",-0.240180239081383,0.00272241444326937,0.0522357262670994,0.339782118797302,0.0117926178500056,-0.0259502753615379,0.120596639811993,0.00649631069973111,0.135651379823685,0.111014068126678,-0.0554088316857815,-0.0739003419876099,0.0545362494885921,-0.0124653344973922,0.0368685163557529
"cg24680586",0.393191277980804,0.0378586836159229,0.00497518572956324,0.043378621339798,-0.00137728324625641,0.00480298278853297,0.0477673374116421,-0.0185550302267075,-0.0780205428600311,-0.00909926183521748,0.00370094459503889,0.0044955532066524,-0.0622086524963379,0.00197582272812724,0.0275591369718313
"cg22773661",0.251424789428711,-0.0206246078014374,-0.0108084380626678,-0.00183599127922207,0.00645349221304059,0.25770902633667,-0.0913913995027542,-0.028724692761898,-0.0696169435977936,0.0521067678928375,0.0038021057844162,0.0452786758542061,-0.00720688793808222,-0.00343539356254041,-0.00945944059640169
"cg02109189",-0.212847918272018,0.0546736046671867,0.000712893612217158,0.498632222414017,-0.00568982400000095,0.135107532143593,-0.0146062979474664,-0.0820339024066925,-0.0192309506237507,-0.0623926259577274,-0.00526913674548268,0.0220222976058722,-0.0114032588899136,0.030167767778039,-0.142454922199249
"cg27109129",0.253428041934967,-0.0672063156962395,0.0153545346111059,0.128098919987679,-0.0264606475830078,0.203299477696419,-0.00611283490434289,0.0829652920365334,-0.138439640402794,0.10496736317873,-0.0740301832556725,-0.00433439435437322,-0.00522838067263365,-0.0427746064960957,0.00644475407898426
"cg22481448",-0.109374664723873,-0.108070097863674,-0.00238601281307638,0.153642028570175,0.0131737235933542,0.0302555300295353,-0.0751103982329369,0.0536112077534199,-0.0764090865850449,-0.11969755589962,-0.0446131713688374,0.0337663851678371,0.130378946661949,0.0222497917711735,0.134182766079903
"cg04223424",0.369207322597504,-0.0531487204134464,-0.00165765732526779,-0.050031129270792,0.0027431973721832,-0.211595952510834,-0.118348181247711,-0.0793364718556404,0.0440704338252544,-0.0361695364117622,0.020441647619009,0.0413306951522827,-0.0229157768189907,0.0505045615136623,-0.096796877682209
"cg00666105",0.360894471406937,-0.0522228665649891,0.00322404154576361,0.0209385305643082,-0.0147841488942504,0.15287871658802,0.0762062892317772,-0.0463641434907913,0.0799133330583572,0.0950758382678032,-0.0486499518156052,-0.00157706951722503,-0.0433014966547489,-0.0958418771624565,-0.10540683567524
"cg21482621",0.334969222545624,0.00155902490951121,-0.00956185162067413,-0.00767222698777914,-0.0188481975346804,0.0853418111801147,-0.0442245602607727,-0.0407874286174774,-0.103515230119228,0.0330651998519897,0.0118964547291398,0.00850601587444544,0.085311196744442,0.0435911789536476,0.00986277312040329
"cg22614142",0.161902457475662,0.0295112393796444,-0.000279250205494463,0.00665364321321249,-0.0157141201198101,0.169423490762711,-0.0610104762017727,0.00117392686661333,0.213405802845955,0.0236255060881376,-0.00849801301956177,0.0593687817454338,0.0574487559497356,-0.0203543566167355,0.065598264336586
"cg18474072",0.11863549053669,-0.139247998595238,-0.127227678894997,0.107738547027111,0.0251620132476091,0.195696279406548,0.183250918984413,0.187964156270027,-0.0733293145895004,-0.0689051896333694,0.0257377550005913,-0.0965980365872383,0.185543179512024,0.0248726606369019,0.0519428737461567
"cg08812108",-0.00639166822656989,-0.215360835194588,-0.0377839952707291,0.190661266446114,0.0264692660421133,0.219126015901566,0.0218208618462086,0.0935063362121582,0.0051905931904912,0.0160795841366053,-0.0333665125072002,0.0109639298170805,0.120116427540779,-0.0359021760523319,0.0858739241957664
"cg18579862",0.257339656352997,-0.185177311301231,0.00606122938916087,0.177670136094093,0.00547921983525157,-0.0255713146179914,0.000908496789634228,-0.108333580195904,-0.156886667013168,-0.0526358783245087,0.00624927598983049,-0.00182687223423272,-0.0554925352334976,0.0305299870669842,0.0978620797395706
"cg08883223",0.306529253721237,-0.239084079861641,-0.000777528795879334,0.0445003136992455,-0.0014021540991962,-0.208367854356766,-0.159687548875809,-0.0501433461904526,-0.0575254783034325,0.0769881457090378,0.0118227209895849,-0.0203582160174847,0.0222533140331507,-0.0364639312028885,-0.00232118950225413
"cg18582260",-0.00512423506006598,0.33220374584198,-0.0045022564008832,0.0777962207794189,0.00566438725218177,0.145775482058525,-0.190291479229927,-0.262285798788071,0.0243958830833435,-0.0192511491477489,0.0549893490970135,0.0486932024359703,0.15317091345787,0.0109909772872925,0.0612152926623821
"cg21821833",0.347608178853989,-0.0114536704495549,0.00677380245178938,0.102804750204086,0.00122079497668892,0.0376504547894001,0.0899744853377342,0.0742274597287178,-0.18256539106369,0.00578577211126685,-0.0326368175446987,-0.0260891597718,0.00103821128141135,0.0546392798423767,0.0196337010711432
"cg22855900",0.301331520080566,-0.231396868824959,0.00738097168505192,0.00214051106013358,-0.00996550545096397,0.155524060130119,-0.0730589926242828,0.0267873182892799,0.00200845813378692,0.114337101578712,0.00391649780794978,0.0250678174197674,0.0677481666207314,-0.0211171656847,-0.0249203722923994
"cg11328303",0.302829712629318,-0.173121184110641,-0.00090016343165189,0.189989760518074,0.00554593466222286,-0.104128248989582,-0.00857840385288,-0.089340977370739,-0.110443979501724,-0.0282436162233353,0.00363815017044544,0.0366194136440754,-0.126107215881348,-0.00472441641613841,0.00614699814468622
"cg10811045",0.331572711467743,-0.172604233026505,-0.00268709193915129,0.19707328081131,0.0149246826767921,0.0579680912196636,-0.0623749941587448,-0.0442155674099922,-0.177128076553345,-0.0022500108461827,-0.00316660339012742,0.0304267033934593,-0.211072489619255,0.0181251093745232,-0.0656883716583252
"cg19974227",0.366405934095383,0.0531050898134708,0.0363295935094357,-0.0683955103158951,-0.00718823820352554,-0.0771315917372704,-0.0268344320356846,-0.0600008890032768,0.136325374245644,-0.146208718419075,0.0351122617721558,-0.072954997420311,0.0900567844510078,0.0987571030855179,0.0727580562233925
"cg26383138",-0.0204560849815607,0.329759865999222,-0.00118187675252557,0.425999194383621,0.00542483245953918,-0.0478797517716885,-0.0564123056828976,0.010527697391808,0.0821987241506577,0.0296243373304605,-0.00825628452003002,0.00796028599143028,0.0294361971318722,-0.0057288664393127,0.075519934296608
"cg22549041",0.316122084856033,-0.0853703618049622,0.000700939970556647,0.107483886182308,-0.000616499339230359,0.0883443206548691,-0.0480251759290695,0.203263372182846,0.120607301592827,0.0894248485565186,0.00161042471881956,0.00447032460942864,0.156514510512352,-0.0325988978147507,-0.0124885914847255
"cg20929387",-0.279353737831116,-0.222955226898193,0.00233122403733432,0.0626172125339508,0.000984995975159109,0.198214024305344,-0.0197522304952145,-0.00739959394559264,-0.0646089985966682,-0.0073362342081964,-0.00280066812410951,0.0139075694605708,0.0920897424221039,0.00989527255296707,0.0406387560069561
"cg21549294",0.26729616522789,-0.100653700530529,-0.0112705267965794,0.230072900652885,0.000778860063292086,-0.158990994095802,-0.0495676882565022,-0.0916033163666725,-0.180890873074532,-0.0612463615834713,0.00649644434452057,-0.0317687653005123,-0.107071325182915,0.0202361289411783,-0.0341661721467972
"cg14826683",-0.161969482898712,-0.124139994382858,0.0174584984779358,0.363907188177109,0.00346924480982125,0.178859055042267,-0.00536776473745704,-0.0209372043609619,0.244198486208916,0.0318603776395321,-0.0697504729032516,-0.00204263441264629,-0.0399859733879566,0.00112633395474404,0.0489546023309231
"cg13722431",0.170057609677315,-0.179094582796097,0.0489580146968365,-0.00180478044785559,-0.00531705701723695,0.0603418536484241,-0.0193735677748919,-0.115374781191349,-0.0405956208705902,0.136028155684471,-0.0227536838501692,0.0613477267324924,0.189095050096512,-0.0544521659612656,-0.0916383787989616
"cg13849378",0.346425592899323,0.0847607403993607,0.0644267126917839,-0.000464927783468738,0.000281719985650852,0.0451507680118084,0.0923260450363159,-0.0201196204870939,-0.183133497834206,-0.0470800995826721,0.00743809575214982,-0.00534146325662732,-0.0799402371048927,-0.0325414463877678,0.0121245998889208
"cg16168014",0.200687050819397,-0.0703559890389442,0.0687282532453537,0.0084831528365612,-0.00481690326705575,0.0779339969158173,-0.0245597865432501,-0.0539772212505341,0.115058980882168,0.140817731618881,-0.00150662485975772,-0.0172706488519907,0.189798951148987,-0.053634874522686,0.0186813157051802
"cg11692124",0.219091191887856,-0.126064360141754,-0.00246495474129915,0.00175135734025389,0.00642245123162866,0.215702906250954,0.0971763581037521,0.0395796559751034,0.0755790397524834,-0.037080280482769,-0.00954676326364279,0.0297473631799221,0.0260044597089291,0.0429664291441441,0.00498199695721269
"cg02079463",-0.245882347226143,-0.0395877435803413,-0.000963384401984513,0.472239166498184,-5.89597038924694e-06,0.0764051303267479,-0.041242703795433,-0.00645729061216116,0.0612945780158043,-0.00438365340232849,-0.00226655462756753,0.00120601442176849,0.016794553026557,-0.0245333109050989,-0.0332492031157017
"cg16651537",0.244307532906532,-0.0282740090042353,-0.0019445022335276,0.175212427973747,0.0103001212701201,-0.0409720093011856,0.16343554854393,0.172405764460564,0.0868333056569099,-0.0781345516443253,0.0298542734235525,-0.030051589012146,0.198673725128174,-0.0743842646479607,0.0415032356977463
"cg23615741",0.193544387817383,-0.391000419855118,0.0721394121646881,0.139235392212868,-0.0188240110874176,-0.0500914938747883,0.120784141123295,0.07820775359869,0.071446031332016,0.0152618261054158,-0.017991678789258,0.0502099804580212,0.00978373736143112,-0.0867184177041054,0.0016899227630347
"cg04715503",0.315623193979263,-0.0626083165407181,0.0265802200883627,-0.00276070926338434,-0.0166734363883734,0.00201516994275153,0.0321502014994621,-0.120287045836449,0.10557034611702,-0.120401740074158,-0.0670337527990341,-0.00481347413733602,0.27605789899826,-0.00820612721145153,-0.0139187332242727
"cg20888142",0.387855231761932,0.126371502876282,-0.029692854732275,-0.0461355224251747,0.00105211650952697,-0.034801684319973,-0.00774168595671654,0.0223931726068258,-0.135618090629578,0.00125372095499188,-0.00123469182290137,-0.00220346357673407,-0.0787013024091721,0.0845444872975349,-0.02450199611485
"cg08322244",0.160634398460388,0.0663108602166176,0.00304871727712452,0.018205912783742,-0.0112853441387415,0.124586619436741,0.0568135753273964,0.0917709693312645,-0.0549922063946724,-0.12879778444767,-0.025983227416873,0.00205326569266617,0.272050231695175,-0.000484035670524463,-0.0228739958256483
"cg01016662",0.330314576625824,-0.255060970783234,-0.00288168201223016,-0.0472684949636459,0.0391610898077488,-0.191556662321091,-0.120645597577095,-0.000599024759139866,0.0741720497608185,0.00561188207939267,0.00652139075100422,0.0411529131233692,0.111126847565174,0.00939088314771652,0.00444874493405223
"cg01759870",-0.116416335105896,-0.0398103520274162,-0.0840095430612564,0.0671888515353203,0.0131882727146149,0.320563286542892,-0.170225203037262,0.159714952111244,-0.0424899905920029,-0.0984688773751259,0.0538033358752728,0.0158014222979546,0.0497372634708881,0.012012867256999,0.0106450701132417
"cg11599864",-0.32188606262207,-0.184916645288467,0.0343992784619331,0.0392112992703915,-0.00549513520672917,0.19267700612545,0.101556412875652,0.0513870008289814,-0.146769225597382,0.0308660324662924,-0.0251794252544641,-0.00524405390024185,0.185830742120743,0.0573055669665337,0.0395982004702091
"cg20662737",-0.261612385511398,-0.101717442274094,0.00806445628404617,0.399395108222961,0.000636772892903537,0.0398581773042679,-0.135315880179405,-0.0852334722876549,0.156134471297264,-0.0129626551643014,-0.000494434963911772,-0.00301474635489285,0.0540382154285908,-0.00116409873589873,0.0227777101099491
"cg08065231",0.345800876617432,-0.0438321605324745,-0.00741910096257925,0.103364050388336,-0.00726822298020124,-0.19217486679554,0.0622015744447708,-0.00891391839832067,-0.00939104985445738,-0.0749570801854134,0.0167126152664423,-0.00114337913691998,-0.00281882123090327,0.0261338464915752,0.0354061238467693
"cg25092838",0.319363981485367,-0.224190339446068,-0.0394402034580708,0.119387082755566,-0.00532314041629434,-0.13310506939888,-0.0549216568470001,0.065494567155838,-0.0874112397432327,0.0434773378074169,-0.0351885966956615,-0.00629467889666557,-0.0655162483453751,-0.0320839732885361,0.000386030966183171
"cg12444411",0.280216604471207,-0.0418430045247078,0.0237401816993952,-0.0536422878503799,-0.0110737206414342,0.156227514147758,0.0679630488157272,0.0767675563693047,0.152743086218834,-0.310763716697693,-0.0549281574785709,0.00244576181285083,0.0752479583024979,0.0216689482331276,0.00344480178318918
"cg21787965",0.383271008729935,0.0830461084842682,0.0179157201200724,0.0298981014639139,0.0218037832528353,0.0948628634214401,0.0228918623179197,-0.0202842857688665,0.102855198085308,-0.0229314193129539,0.00163222942501307,-0.0622705332934856,0.00189190940000117,-0.0170114953070879,-0.00353622320108116
"cg27628340",0.303059101104736,0.0804010629653931,-0.0593975745141506,-0.00271519017405808,-0.0154283521696925,0.0495025441050529,0.0243375170975924,0.173030480742455,0.0226190481334925,-0.217423632740974,0.00335029955022037,-0.0405195653438568,0.15326339006424,-0.0470965318381786,-0.144896298646927
"cg16100355",0.042043674737215,-0.0502808839082718,-0.0781896486878395,0.0344753414392471,0.0582738295197487,0.372094541788101,0.155052229762077,-0.129528313875198,0.101078033447266,-0.147921785712242,-0.0727603137493134,0.0186128988862038,0.134024679660797,-0.0225911177694798,0.000141992844874039
"cg03535079",-0.289109319448471,-0.295331507921219,0.168190121650696,0.0284796692430973,0.0480170361697674,0.208818152546883,0.00713124684989452,0.0403736457228661,-0.00345549499616027,0.0510731004178524,-0.137188151478767,0.0306547470390797,0.00989541504532099,-0.024325268343091,-0.0307210590690374
"cg22942804",0.188165977597237,-0.15374194085598,-0.00486859399825335,-0.116842806339264,0.0033284449018538,0.0704890042543411,-0.0928080528974533,0.0733871087431908,0.0434335507452488,-0.037069633603096,-0.0177132785320282,0.0063967714086175,0.124968633055687,0.00994332879781723,0.0627523884177208
"cg13763287",-0.317384451627731,-0.220322340726852,-0.0961648747324944,0.0766215920448303,0.000873475335538387,0.0349232032895088,-0.0353021919727325,0.0678995326161385,-0.196081101894379,0.133372738957405,0.0248910244554281,-0.00223795045167208,0.178060457110405,0.0319761857390404,0.153352186083794
"cg11079613",-0.122822813689709,-0.140058144927025,-0.0489983707666397,0.0857949033379555,-0.0419870987534523,0.256200313568115,-0.296027332544327,0.165968507528305,-0.0529310181736946,0.0320167727768421,-0.00196938239969313,-0.00871490593999624,0.130738258361816,0.128373637795448,0.0763656422495842
"cg15644639",-0.355482280254364,-0.215699106454849,0.0167441964149475,0.0693554356694221,0.033451683819294,0.125294104218483,-0.0649609193205833,0.00306720123626292,-0.123418219387531,0.0441642515361309,0.0363451987504959,-0.00723393633961678,0.102219596505165,-0.132340550422668,0.0101738516241312
"cg17497608",0.240008741617203,0.0315175801515579,-0.121254287660122,0.00577527564018965,0.0522315800189972,0.267725437879562,0.0616071671247482,0.0616687387228012,0.187697947025299,-0.202454954385757,0.0637540146708488,-0.00930156465619802,-0.0289445631206036,-0.0213499292731285,0.0375931933522224
"cg00043510",0.373743712902069,-0.0799469500780106,0.0103696258738637,0.0789071694016457,0.0216510314494371,0.0573743432760239,0.0316056869924068,0.066426619887352,0.0242796763777733,0.0883571207523346,0.00512004969641566,-0.00459715817123652,-0.00370308011770248,-0.00545169087126851,0.0727190598845482
"cg11349423",-0.177638590335846,0.00646424293518066,0.0012396180536598,0.474532335996628,0.0162399783730507,0.104250028729439,0.0650894865393639,-0.0274515096098185,-0.0564887374639511,-0.106714524328709,0.00126193836331367,-0.0237356852740049,-0.000870279385708272,-0.00406572828069329,-0.148683860898018
"cg26530706",0.305330038070679,0.0734211131930351,-0.000643505889456719,0.0942642465233803,0.00691954884678125,-0.0354549624025822,0.0789991468191147,0.0280645117163658,0.00768663547933102,-0.113009810447693,-0.0575857348740101,-0.0866057127714157,0.118491195142269,-0.0015358094824478,0.0663676559925079
"cg27655158",0.36092734336853,-0.124482870101929,0.00425460189580917,0.118218913674355,0.013182669878006,0.0995844751596451,-0.125693529844284,0.00322937639430165,-0.176647856831551,-0.0374092124402523,-0.00974403414875269,-0.00240298616699874,-0.145853251218796,0.0383984372019768,0.027547799050808
"cg23189410",0.325728416442871,0.168991282582283,0.0649639815092087,0.0746225044131279,-0.0293247997760773,-0.139560490846634,0.115984469652176,0.0727203786373138,0.0415279716253281,-0.0161862149834633,-0.0443158708512783,0.010973010212183,-0.0161216165870428,-0.00491141388192773,0.090992271900177
"cg03020810",0.3704614341259,0.028930950909853,0.0593143478035927,0.0436135679483414,0.00139639945700765,0.0637236908078194,0.00992120802402496,-0.066300705075264,0.0121603822335601,0.0729667395353317,0.032423734664917,-0.000358826771844178,0.0448427945375443,0.0498240627348423,0.0465561933815479
"cg24333469",0.200894504785538,-0.377299398183823,-0.00579089159145951,0.0303969942033291,-0.011868841946125,0.129497796297073,-0.00292116310447454,-0.0649047419428825,0.265613943338394,0.108409814536572,-0.0311969947069883,0.0217314586043358,0.0198407229036093,0.074738509953022,0.000572837190702558
"cg04368094",0.339126914739609,-0.0537141598761082,0.00742642907425761,0.020932549610734,-0.00556707661598921,0.0229927655309439,0.0451654642820358,-0.0122786266729236,0.0406520329415798,-0.105754680931568,0.0362531244754791,-0.12073577195406,0.154812499880791,-0.0518856719136238,0.028462290763855
"cg08325191",0.248583301901817,-0.217784002423286,-0.00338680134154856,0.0835925862193108,-0.00444173021242023,0.166167512536049,-0.0433977469801903,0.0519215501844883,-0.0612436719238758,-0.0333540104329586,-0.00768848834559321,0.0196079425513744,-0.0866089165210724,0.0567463934421539,0.00749644543975592
"cg14958969",-0.289815753698349,0.0822305455803871,0.0539079606533051,0.198980465531349,0.00894564762711525,0.232424944639206,0.026348365470767,0.00453731184825301,0.0303302723914385,0.020799957215786,-0.0362848415970802,-0.0213465467095375,0.0618721172213554,-0.0387999676167965,0.0143072940409184
"cg27170782",0.271844565868378,-0.340217351913452,-0.00166304828599095,0.106928370893002,-0.00927559472620487,0.0035789948888123,0.0359526686370373,0.0652499571442604,0.136348888278008,0.187856748700142,0.0108002256602049,-0.00399065995588899,-0.0319389887154102,-0.0638348907232285,-0.00227332836948335
"cg01558923",0.327191352844238,0.0743953585624695,0.00751432916149497,0.000229257711907849,0.00182612740900367,0.100269518792629,-0.19495764374733,0.168590262532234,-0.00276756123639643,0.0256615206599236,0.0124305626377463,-0.0233362074941397,0.028518944978714,-0.0131065417081118,-0.0833197459578514
"cg23298862",0.0468228869140148,0.0308472383767366,-0.0339183695614338,0.422917395830154,0.0448513776063919,-0.0536796636879444,0.00123643153347075,0.28223392367363,-0.078179232776165,-0.0279332362115383,-0.00472520478069782,0.06108483299613,-0.0499764755368233,0.0322945192456245,-0.208352819085121
"cg06234051",0.139494076371193,0.232827439904213,-0.179822579026222,-0.0159885827451944,0.00326107931323349,0.248794302344322,0.0646171420812607,0.0774172022938728,0.125204890966415,-0.166131004691124,0.0617021955549717,-0.0520334914326668,-0.010842639952898,0.060624074190855,0.0136147392913699
"cg07489502",0.271245896816254,-0.264610409736633,-0.0266406927257776,0.113563939929008,0.00067145487992093,-0.259476691484451,-0.0092949727550149,0.0702457949519157,0.0220805779099464,-0.00804984290152788,0.0352968536317348,0.0169622618705034,-0.0702027454972267,-0.00309623219072819,-0.0288412198424339
"cg26783057",0.285025268793106,-0.215756207704544,0.00259776529856026,0.119698010385036,-0.000420169701101258,-0.29908075928688,-0.120169766247272,-0.078532874584198,0.0973970592021942,0.0895226895809174,0.0182428918778896,0.0579597651958466,-0.013522220775485,-0.0509031601250172,0.11133249849081
"cg01939477",0.406935811042786,-0.0350637957453728,0.001593709574081,0.000838273437693715,0.0337607115507126,-0.0589052066206932,0.00546157127246261,-0.018713753670454,-0.183510139584541,0.0179835017770529,0.0159144923090935,0.0236578993499279,-0.0678535476326942,0.040707889944315,0.034547470510006
"cg00347904",0.31535416841507,-0.0231063850224018,0.00358026032336056,0.00438092742115259,0.00582788931205869,0.123750425875187,-0.0731367245316505,0.0546621829271317,0.0587150119245052,-0.0330415442585945,0.0126878935843706,-0.0856004953384399,0.127417713403702,0.0529320053756237,-0.0827615857124329
"cg11121623",0.30827733874321,-0.059970635920763,0.000409950996981934,0.0687035918235779,-0.0137963844463229,-0.00690128421410918,0.0261301938444376,-0.0119718192145228,0.101156197488308,-0.0981399193406105,0.0368621423840523,-0.134370282292366,0.107739351689816,-0.0530041977763176,0.0335899852216244
"cg03701930",-0.0112479832023382,0.122862800955772,-0.00819915160536766,0.536376595497131,0.0078969607129693,-0.192241877317429,-0.112381175160408,-0.215379804372787,0.0207657776772976,0.0157005991786718,0.0217913631349802,-0.00111532700248063,-0.0761285424232483,-0.00795386545360088,-0.0324715636670589
"cg02791973",0.132083907723427,-0.252066433429718,-0.004051782656461,-0.0840004682540894,-0.0187247861176729,0.152911171317101,-0.0600815862417221,-0.0502802804112434,0.154421880841255,-0.0570068620145321,-0.0203129481524229,0.0889111906290054,-0.00887679867446423,0.0878143459558487,0.00668665021657944
"cg23141355",0.266317248344421,-0.324684709310532,-0.000470429687993601,0.20567674934864,0.0141637558117509,-0.00861162226647139,-0.133218944072723,-0.00959065556526184,0.0331271216273308,0.0605752542614937,-0.00419584941118956,-0.00361195346340537,-0.12838751077652,0.0285428948700428,0.00686777988448739
"cg00974761",-0.107489548623562,0.0899983122944832,0.00773807009682059,0.33594411611557,-0.00310744787566364,-0.0500878132879734,-0.0628276839852333,-0.080443374812603,0.0346169993281364,0.113638401031494,0.00354094849899411,-0.0867575407028198,0.0811609104275703,-0.0400649011135101,0.0768139287829399
"cg08183724",0.296440571546555,-0.237061604857445,-0.00893522705882788,0.112590618431568,-0.0190782230347395,0.0952166989445686,0.0412340946495533,-0.0341940857470036,0.057645209133625,0.136990249156952,-0.0048135700635612,-0.00685120513662696,-0.0690251961350441,-0.0164685770869255,-0.0308331698179245
"cg02348751",0.212494090199471,-0.383707940578461,0.00655363826081157,0.0450622402131557,0.00320430914871395,0.0608009211719036,-0.0836471542716026,0.0156590472906828,-0.0544727183878422,0.0471027605235577,-0.0379038117825985,0.00869256258010864,-0.0669293776154518,-0.0144539894536138,-0.0612241253256798
"cg10370591",-0.19317738711834,0.0188677087426186,-0.000220092158997431,0.448706984519958,-0.00251226779073477,0.0642522051930428,0.00762165850028396,-0.10270606726408,0.242871418595314,-0.0901201516389847,-0.0151905650272965,0.00596994673833251,-0.077287346124649,-0.060898881405592,-0.0988247394561768
"cg00440032",-0.279350966215134,-0.0392818637192249,0.0443083718419075,0.292090654373169,0.000978025840595365,0.21263162791729,0.116876438260078,-0.0521141476929188,0.00287881586700678,0.0013839730527252,-0.0296178758144379,-0.000710312568116933,0.0305879022926092,-0.0710299834609032,-0.0306680668145418
"cg07176264",0.330783128738403,-0.137766808271408,0.0118463952094316,0.158908277750015,0.000297647668048739,0.211110547184944,0.023243673145771,0.0742627456784248,-0.138544276356697,0.0120436996221542,-0.0315739773213863,0.00564703857526183,-0.135072708129883,0.0162139479070902,0.0268911328166723
"cg02389084",-0.369684398174286,-0.242230117321014,0.0459338799118996,0.0648871511220932,0.0210655853152275,0.190876126289368,-0.0306257326155901,0.00199493626132607,-0.0714592859148979,-0.0440334342420101,0.00299264397472143,-0.0725564882159233,0.0597085990011692,-0.123319484293461,-0.00115291029214859
"cg16281276",0.268212467432022,0.0405727885663509,0.0652934908866882,0.0191459115594625,-0.00393087975680828,0.133379697799683,-0.100501798093319,-0.0316963233053684,0.112750478088856,0.151327535510063,-0.0415984988212585,0.0422436371445656,0.129377335309982,-0.00936330296099186,-0.00258005154319108
"cg05783915",0.371033132076263,-0.00087337038712576,0.00706680351868272,0.11059433221817,0.00630309944972396,-0.0127683598548174,-0.00726768746972084,0.00301344599574804,-0.190809696912766,0.0302486475557089,-0.00016645627329126,-0.00642433110624552,-0.0558283589780331,-0.00846634153276682,0.0436057075858116
"cg08640634",0.368940711021423,0.0125727951526642,-0.00457387277856469,0.221021249890327,-6.40787402517162e-05,0.00407963106408715,0.0716059654951096,0.00575971230864525,-0.0687887445092201,-0.00194273283705115,-0.00177999353036284,0.0469984374940395,-0.116791717708111,0.0386737957596779,0.0175870284438133
"cg19456540",0.407513201236725,0.0359438695013523,-0.00492593320086598,0.0148483216762543,-0.00856119301170111,-0.0543001964688301,0.00583609100431204,-0.0244587231427431,-0.0941706150770187,0.0126863764598966,-0.018478661775589,0.00150718248914927,0.00345622189342976,-0.00730326771736145,-0.0293393079191446
"cg18045515",0.198175951838493,0.174204915761948,0.0577225685119629,0.0674086362123489,0.00113998656161129,-0.0922528132796288,-0.239669501781464,0.105388388037682,-0.183449804782867,-0.0188024956732988,0.0229708291590214,-0.0102717448025942,0.251798719167709,0.00054966052994132,0.0250316970050335
"cg14703002",0.382075607776642,0.138788878917694,0.00283087929710746,-0.0322897583246231,-0.00541761657223105,0.120319545269012,-0.0538359954953194,0.041277140378952,0.0956113561987877,-0.151690140366554,0.000792941485997289,-0.0239448640495539,0.027653481811285,-0.110070608556271,-0.0684666931629181
"cg14509902",-0.103097423911095,-0.0939260125160217,-0.0911718085408211,0.588407337665558,-0.00483269244432449,-0.145056486129761,0.0620361045002937,-0.000118020332593005,0.0361256077885628,-0.0438846088945866,0.037720825523138,0.0394378826022148,0.00451361807063222,0.00287638138979673,-0.0469390153884888
"cg10344081",0.209262952208519,-0.293628305196762,0.00304901553317904,-0.0427749343216419,0.0156381875276566,-0.0434387624263763,0.0855898335576057,-0.199922755360603,-0.0958787947893143,0.0201434139162302,-0.0565978288650513,0.0672271251678467,0.235518157482147,-0.0860801190137863,-0.0199261046946049
"cg08368617",0.271245658397675,-0.0721248164772987,-0.0338520370423794,0.333553940057755,-0.00133381434716284,-0.0712495073676109,0.127955049276352,-0.00378530030138791,-0.110254183411598,0.0255883950740099,-0.0244314651936293,-0.0400712788105011,-0.108775496482849,-0.000879307859577239,0.0391940474510193
"cg13804575",0.303631067276001,0.158242598176003,0.0281516443938017,-0.0121568404138088,0.00891088414937258,-0.00572765804827213,0.118619523942471,0.149397283792496,0.00761865777894855,-0.157209441065788,-0.0452658161520958,-0.0767192617058754,0.114354386925697,-0.0964965745806694,-0.0708135887980461
"cg08632164",0.270328134298325,-0.0258653704077005,0.00135866517666727,0.0713117197155952,0.0128223830834031,0.152104288339615,-0.106392078101635,-0.0269762612879276,-0.103519178926945,-0.00517997657880187,-0.0109649039804935,0.00867345556616783,0.0552370548248291,-0.00103970663622022,0.0373309403657913
"cg01915516",0.343978196382523,-0.0243256874382496,0.00909363850951195,0.0348442867398262,0.00156410259660333,0.194420784711838,-0.0991540178656578,0.00285152462311089,-0.024833720177412,-0.07235948741436,0.00294331181794405,0.00792822986841202,0.0325641296803951,-0.0150002399459481,-0.00247280625626445
"cg18147485",0.237007766962051,-0.097514383494854,-0.00612015509977937,0.181016623973846,-0.0218375883996487,0.0666602775454521,-0.0113276299089193,-0.0818480998277664,-0.177728876471519,-0.0835079625248909,-0.0118908593431115,0.0745676830410957,-0.143694639205933,-0.0182392131537199,-0.0930923745036125
"cg13476133",0.354284137487411,-0.219074696302414,0.00121306511573493,-0.0149514367803931,-0.00233131134882569,-0.060653280466795,0.0223420541733503,-0.0583408065140247,0.0643784329295158,-0.0462635010480881,-0.000871560478117317,0.0151604451239109,0.0785826966166496,0.0349803306162357,0.0026669492945075
"cg01536987",0.280845195055008,-0.185320198535919,-0.00698609184473753,-0.0115304831415415,0.0169401727616787,0.00476045161485672,-0.0237763654440641,-0.0794779881834984,0.104107610881329,0.113219387829304,-0.0136206801980734,-0.0429083183407784,0.235034584999084,-0.00542942713946104,0.0023243862669915
"cg05391892",-0.116973869502544,-0.000914353004191071,-0.0175529569387436,0.118438243865967,0.0161386653780937,0.0410545729100704,-0.0259800888597965,0.0201849769800901,-0.161281034350395,0.000411718094255775,0.00765983853489161,0.0107693951576948,0.219447568058968,0.00652867602184415,-0.00476638739928603
"cg00826640",-0.118844568729401,0.0387999340891838,0.000149425264680758,0.447476089000702,0.0302747245877981,0.0329905077815056,-0.000681808742228895,0.178595334291458,-0.0316658765077591,0.120953962206841,-0.0138674424961209,0.0514901988208294,0.0152162434533238,-0.00771065009757876,-0.171976014971733
"cg15716680",0.328386217355728,0.18919150531292,-0.000925961416214705,-0.00432743830606341,0.0240834075957537,-0.11083672195673,-0.110228024423122,0.100442945957184,-0.0574143938720226,-0.0314879007637501,0.0033709357958287,-0.0879136472940445,0.23275189101696,0.0345817878842354,0.0071007558144629
"cg24946597",0.344524025917053,-0.0259673744440079,0.00153736828360707,0.135921701788902,0.00449554761871696,0.0165655706077814,0.0245592370629311,-0.0995794087648392,-0.21463805437088,-0.0418001227080822,-0.0193518251180649,0.00563345197588205,-0.152337655425072,0.00654350826516747,-0.0257562361657619
"cg15387132",0.207012549042702,-0.214332863688469,0.00176952418405563,-0.0924923568964005,0.0270552337169647,0.038206472992897,-0.210752695798874,-0.0156643036752939,0.109852679073811,-0.0999319106340408,-0.0523254238069057,-0.009038963355124,0.146261230111122,-0.00574292242527008,0.0278716031461954
"cg06392169",0.360509067773819,-0.16507725417614,0.0171395875513554,0.071558341383934,0.0300045982003212,0.0323242768645287,0.0472137033939362,-0.0129840318113565,-0.112046882510185,0.00250654388219118,-0.0148706510663033,-0.0259269271045923,-0.144504860043526,-0.0365571416914463,0.0627845004200935
"cg09696939",0.346287906169891,-0.149575337767601,-0.018496710807085,0.143753826618195,0.0203282758593559,-0.0325520373880863,-0.0228057615458965,-0.00866707321256399,-0.0336967632174492,0.0948796197772026,-9.067592327483e-05,-0.00506163761019707,-0.0112355463206768,0.0317071452736855,0.101455315947533
"cg12314713",0.322666555643082,0.0633502751588821,-0.0224581845104694,0.0591673441231251,-0.0146985147148371,0.0474604815244675,-0.0788395330309868,-0.0108219999819994,-0.187191262841225,0.0421909019351006,-0.01006446685642,-0.000809597840998322,-0.0442749708890915,-0.0062970113940537,-0.00933315791189671
"cg03847932",0.0511343628168106,0.214225560426712,-0.00329825608059764,0.146382853388786,0.000983053585514426,0.142892301082611,0.0263478588312864,0.0354412533342838,-0.0313609279692173,-0.0290427412837744,-0.00763264857232571,0.00413690879940987,0.0895853787660599,-0.0263887345790863,0.00456815166398883
"cg01390574",0.364650130271912,-0.0821169018745422,-0.0653204396367073,-0.0574593096971512,0.00580112589523196,-0.000473789899842814,-0.0112509308382869,-0.0781819894909859,0.156511560082436,0.101735480129719,-0.00690584536641836,-0.0302556939423084,0.0971900895237923,-0.0270400885492563,-0.0212195031344891
"cg25370753",-0.154148265719414,0.0658349469304085,-0.0417034514248371,0.606274604797363,-0.00608741259202361,-0.0450694598257542,-0.0716311559081078,-0.0256635975092649,-0.0309592131525278,0.0386955365538597,-0.0366310998797417,-0.011638374067843,0.0117203146219254,0.0401112176477909,0.015222710557282
"cg07919936",-0.173943161964417,-0.0472818166017532,-0.00062824907945469,0.493995368480682,-0.00177121709566563,-0.148021042346954,0.0281709413975477,-0.10053700953722,0.0512183681130409,-0.0879044681787491,0.0114285321906209,0.0029922139365226,-0.0817361995577812,-0.0152857070788741,-0.0852400586009026
"cg23804921",0.00488248560577631,0.027180440723896,-0.0116853071376681,0.0729067325592041,0.00145728816278279,0.0207827482372522,0.0330633521080017,0.012414887547493,0.0267845708876848,0.00880102440714836,-0.0267283916473389,-0.0850746631622314,-0.0672252774238586,-0.0111104184761643,-0.0190530903637409
"cg03322979",-0.154997110366821,-0.146659895777702,0.112165987491608,0.121350236237049,-0.0160093512386084,0.256814181804657,0.189074113965034,0.0743080377578735,-0.0552216991782188,-0.0418428517878056,-0.0487984493374825,0.0702830702066422,0.194431006908417,0.100494861602783,0.161130413413048
"cg13598010",0.30897718667984,0.00160167692229152,0.000113448062620591,-0.00282537005841732,0.00444672955200076,0.288618743419647,-0.111839346587658,0.293375819921494,0.167122080922127,-0.0459719561040401,0.00294248969294131,-0.00123992341104895,0.0494374930858612,-0.0147724812850356,0.00421723211184144
"cg25740565",0.222943484783173,-0.285310924053192,-0.00264101615175605,0.209395736455917,-0.00446390314027667,-0.109502494335175,-0.0721525475382805,0.0319081582129002,-0.0102846808731556,0.0958288013935089,0.0282733533531427,-0.0436505265533924,0.0105779878795147,-0.0805851072072983,0.0781778991222382
"cg12593511",-0.0111116962507367,0.12704373896122,0.0616877824068069,0.380734533071518,0.00807470455765724,0.104551866650581,-0.00813349895179272,0.056136779487133,-0.0378329455852509,0.00281965686008334,0.0531973093748093,0.0452873483300209,0.138647645711899,0.0127546768635511,0.0253362338989973
"cg11081307",-0.348215192556381,-0.101414918899536,0.061853751540184,0.283381700515747,0.0233890917152166,0.0422924421727657,-0.026446495205164,0.00588196562603116,0.000918772420845926,0.0509377457201481,-0.0111541813239455,0.0421272255480289,0.0890633091330528,-0.00659281760454178,-0.00340364454314113
"cg14380270",0.324788272380829,0.0689876452088356,-0.00206042942591012,-0.0145091200247407,0.00310503388755023,0.108267925679684,-0.19548100233078,0.0825210362672806,-0.180642277002335,0.0207730159163475,0.0118236560374498,0.00281840865500271,-0.00887401960790157,0.0232714358717203,-0.0608313977718353
"cg20646846",-0.216400876641273,-0.0941520631313324,0.0528596118092537,0.328941971063614,0.0099876718595624,0.190074667334557,0.108897544443607,-0.0810689032077789,0.0816054940223694,0.0536824874579906,0.00285075046122074,0.0123481741175056,0.0970480889081955,-0.0224423259496689,0.0526637360453606
"cg18055007",0.314685851335526,0.186206221580505,0.00481683574616909,0.0342303477227688,-0.0152489198371768,-0.189072817564011,0.152589231729507,-0.0212113913148642,-0.0347571335732937,-0.0594469793140888,0.00530950212851167,0.139834329485893,0.162605822086334,0.0760728716850281,-0.0688855797052383
"cg10439765",0.262240916490555,-0.293488919734955,0.000183868178282864,0.117687053978443,-0.000375183386495337,-0.0812779739499092,-0.057768702507019,-0.015878900885582,-0.0226987414062023,-0.103147707879543,0.0352867357432842,0.0900025963783264,-0.0584371276199818,0.0625773444771767,-0.110112056136131
"cg09143801",0.0635346099734306,-0.218264773488045,-0.0445780865848064,-0.0232147462666035,0.00244916696101427,0.179197654128075,0.0191462431102991,0.130461826920509,0.0586299523711205,-0.0154091417789459,-0.00745997438207269,0.135512605309486,0.164376750588417,0.0397559106349945,-0.0829494968056679
"cg07997936",0.181245282292366,-0.151130199432373,-0.00795645266771317,-0.131226047873497,0.00405468745157123,0.0957907736301422,-0.085106372833252,0.0852832198143005,0.063170500099659,-0.0434622094035149,-0.0483970195055008,-0.0148985227569938,0.135104641318321,0.0189879275858402,0.0526270903646946
"cg02394701",-0.239463970065117,-0.0733410120010376,0.008728570304811,0.437383413314819,-0.00689540337771177,-0.0826350376009941,0.000570015457924455,0.0353752002120018,0.0221038609743118,-0.0816940441727638,-0.018603228032589,-0.00850044470280409,0.0252728499472141,0.0689476877450943,0.0499244295060635
"cg12175729",0.366766899824142,0.0745441168546677,-0.00483665568754077,0.0516090206801891,0.00385744730010629,0.114574164152145,0.021663561463356,-0.0233872383832932,-0.182378068566322,-0.0079662874341011,-0.00173987587913871,0.0454698763787746,-0.0278936922550201,0.00348881562240422,-0.0365173928439617
"cg17265829",0.310131251811981,-0.197143539786339,0.0287086088210344,0.000610561051871628,-0.00109893060289323,0.0213389899581671,0.0496635623276234,-0.0709845721721649,-0.164373189210892,-0.06837497651577,0.00263133761473,0.031380258500576,-0.00939891021698713,-0.0375795066356659,0.00577866425737739
"cg17816394",0.402575016021729,-0.0300360266119242,0.0261537339538336,-0.00242431787773967,0.0257854238152504,-0.0146478768438101,0.076080322265625,0.0655257701873779,-0.0938980355858803,0.0389818251132965,0.04476523026824,-0.025240883231163,0.0223642904311419,-0.000422498531406745,0.00929190684109926
"cg02523844",0.33805313706398,-0.158184722065926,-0.000662897538859397,0.151012882590294,0.0032628127373755,0.0739614069461823,-0.00159891345538199,0.00891213305294514,0.0017642246093601,0.0168441217392683,-0.00598363718017936,-0.0595764219760895,0.00907501205801964,-0.0236062947660685,0.0470871701836586
"cg20867963",0.280975311994553,0.0979375839233398,0.094258040189743,0.0102757150307298,-0.0373849682509899,-0.0877963751554489,-0.28966498374939,0.0998036190867424,0.0681736469268799,-0.192425072193146,0.0223775580525398,0.061419740319252,0.112631738185883,0.0965207517147064,0.0369409210979939
"cg21287054",0.347486972808838,-0.0435519926249981,-0.0184695608913898,0.0683783367276192,0.00442508514970541,0.136909946799278,0.193277627229691,0.104898482561111,-0.0839926153421402,-0.139181554317474,-0.0187162589281797,0.0167184248566628,-0.0158385448157787,0.0831179171800613,0.0107593173161149
"cg26860935",0.34326845407486,-0.23644046485424,0.00712719326838851,0.0349400378763676,0.0138532295823097,-0.0378604345023632,-0.024353202432394,0.00717834616079926,-0.101169534027576,-0.0857642963528633,-0.0435192734003067,0.0433919914066792,-0.0557592362165451,0.0353252291679382,-0.0229029059410095
"cg03943218",0.338327944278717,-0.239868029952049,-5.84524641453754e-05,0.103049099445343,0.00451711006462574,-0.0777279362082481,0.0283295940607786,0.0476127155125141,0.0135566163808107,0.0693905428051949,0.0055704484693706,-0.0108345728367567,-0.0717315375804901,-0.0312201213091612,0.037503607571125
"cg10927178",0.337518721818924,-0.0140830939635634,-0.0657176151871681,0.0166505873203278,0.00394939165562391,0.0267855953425169,-0.0441739708185196,0.0242256112396717,-0.0729797184467316,-0.0306781306862831,-0.0212376844137907,0.0524040497839451,0.158059388399124,0.0226010382175446,-0.0349066816270351
"cg03819134",0.323127329349518,0.116180546581745,-0.000154832334374078,0.0869119018316269,0.0132988542318344,0.0716521069407463,-0.0708253458142281,0.0517918057739735,0.209883004426956,-0.11404836922884,-0.0539516471326351,0.00858484394848347,-0.00501239858567715,0.0397188849747181,0.0929806679487228
"cg17978425",0.274421840906143,0.0646142959594727,-0.0151617163792253,0.0638170391321182,0.00650377338752151,0.0509816519916058,0.106512650847435,0.15426778793335,-0.0616446100175381,-0.134252712130547,-0.0108829205855727,0.00644459715113044,0.124924458563328,0.0597841627895832,0.00791257247328758
"cg02523270",0.113918617367744,-0.0767958909273148,0.00231898226775229,0.00816371850669384,-0.0469392016530037,0.180652022361755,-0.240153908729553,0.205583170056343,0.110576942563057,-0.154132127761841,0.00590387126430869,0.0181319825351238,0.110603041946888,0.0494093969464302,0.00751107325777411
"cg08755784",0.00768702058121562,-0.234816625714302,-0.00233900756575167,0.363039016723633,0.009666514582932,-0.0129368379712105,0.0465226247906685,0.222837209701538,0.202963083982468,-0.12348248064518,0.00169209786690772,0.0182172432541847,-0.0189135652035475,0.0874608978629112,0.0646036490797997
"cg02519751",0.309157907962799,0.178708657622337,0.0851497948169708,0.141637802124023,-0.0170762967318296,-0.132305711507797,0.0535856783390045,0.039483368396759,-0.0129318283870816,0.00503116380423307,0.00302975764498115,0.0284645985811949,-0.0237316079437733,0.0108189983293414,0.0509135201573372
"cg01774894",0.170604944229126,-0.147794902324677,-0.0151432733982801,0.109552629292011,0.0218444019556046,0.189053907990456,-0.0959654524922371,-0.0979233384132385,0.0881336256861687,0.0902979522943497,0.058909572660923,-0.104160144925117,0.00988937262445688,-0.0339056365191936,0.047975979745388
"cg16489610",0.275737524032593,-0.120212681591511,-0.00215370091609657,0.0170297063887119,0.036202996969223,0.102097637951374,-0.00716955401003361,0.0919216051697731,0.165681332349777,0.017921656370163,0.00501963030546904,-0.109956987202168,0.157082468271255,0.0521010830998421,0.0827806070446968
"cg05295557",0.357321232557297,0.0258052349090576,0.0379211083054543,0.0494089722633362,-0.00161059491802007,0.115445330739021,-0.0005636295536533,0.049974650144577,-0.198661535978317,0.0187210310250521,0.0066415979526937,-0.00563574163243175,-0.0844021737575531,-0.0487456582486629,0.0138453654944897
"cg18582992",0.376039922237396,0.127272620797157,0.0129786906763911,-0.0506144464015961,-0.000811815843917429,-0.0435608439147472,0.210687041282654,0.00340043054893613,0.0211235675960779,-0.0376097895205021,0.00558776687830687,0.000957915675826371,0.11635610461235,0.047332800924778,0.00369265349581838
"cg00456343",0.0269552823156118,-0.0735915154218674,-0.00879519805312157,0.00317823560908437,-0.00960863009095192,0.0174634698778391,-0.0206662528216839,-0.0201412737369537,0.0368050709366798,-0.0123103205114603,-0.0189346503466368,-0.0111203389242291,0.0102075384929776,0.00734425382688642,0.0152431791648269
"cg04088969",0.331798553466797,0.0139938592910767,-0.0053441128693521,-0.0792709961533546,-0.0263138096779585,0.143600821495056,-0.0760746896266937,0.0184889007359743,-0.249537065625191,0.00849603395909071,0.0312187112867832,0.0200998988002539,-0.129756808280945,0.00648576626554132,0.0477406308054924
"cg17429075",-0.161464229226112,0.072492703795433,-0.0215506423264742,0.496138691902161,0.0134310936555266,-0.174534738063812,-0.044338271021843,0.00322679057717323,-0.0399551577866077,0.00339597277343273,0.00955548975616693,0.0485520698130131,-0.0120887914672494,0.0345685593783855,-0.0880865827202797
"cg12692722",-0.0212061405181885,0.00149190449155867,-0.00701114814728498,-0.0114941699430346,0.0074012465775013,-0.0220376662909985,0.00309561286121607,-0.00791358761489391,0.0687592849135399,0.0622552521526814,-0.034606397151947,-0.0762433335185051,-0.0517473705112934,0.069596029818058,-0.0437579452991486
"cg24659054",0.344383120536804,-0.079578272998333,0.000312206364469603,0.0805401280522346,-0.00478612305596471,0.185175642371178,-0.0982231795787811,-0.0227971114218235,-0.212037906050682,-0.0993015691637993,-0.0102387964725494,0.00595312705263495,-0.138447538018227,0.0275850128382444,-0.00575409037992358
"cg23165899",0.362166702747345,-0.0851665362715721,0.00260596768930554,0.0980632603168488,0.00373122841119766,0.0361499041318893,0.0593659654259682,0.00493252743035555,0.0708642825484276,-0.0492603033781052,-0.00510335387662053,-0.0504548922181129,-0.0106191579252481,0.0554307848215103,0.0251807235181332
"cg12014181",0.133214712142944,0.150876626372337,0.00527895428240299,0.00188611389603466,0.0173099730163813,0.0783602669835091,0.062395453453064,-0.000403457408538088,-0.0453226864337921,-0.0893390402197838,-0.108005583286285,0.126177921891212,0.266330718994141,-0.0237155184149742,0.151518046855927
"cg04249522",0.281599819660187,-0.177480429410934,-0.00213418807834387,0.270065307617188,-0.00580537132918835,-0.0494933389127254,-0.0158810969442129,-0.0694047063589096,-0.0821921452879906,0.0771143808960915,0.00570625113323331,-0.0351347215473652,-0.111673526465893,-0.00499301636591554,0.00435042986646295
"cg24640577",-0.178423702716827,-0.0298530776053667,-0.00263094366528094,0.0466580279171467,-1.55033267219551e-05,0.035688653588295,-0.100247457623482,-0.0002289828407811,-0.173750802874565,-0.1312555372715,0.0366769433021545,-0.0312598198652267,0.222210288047791,0.171992167830467,0.204107716679573
"cg07891531",0.345714539289474,-0.154322668910027,0.00860852468758821,0.049866359680891,0.00296633737161756,0.067421019077301,0.0484578683972359,0.027373680844903,0.114573776721954,0.0722346603870392,0.0185615066438913,-0.0104433167725801,0.0233246628195047,0.0266578737646341,0.00493662338703871
"cg13104257",-0.106850422918797,0.0350325480103493,0.0785537660121918,0.46920970082283,-0.0134327532723546,0.167755365371704,0.166585579514503,-0.0030370969325304,-0.00655636191368103,0.0530176684260368,-0.00299307983368635,0.0134266559034586,0.00813449826091528,0.00512742763385177,-0.0136845093220472
"cg07572317",-0.134431228041649,0.0465272329747677,0.000161871415912174,0.506126284599304,-0.00222020945511758,0.014484322629869,0.113172829151154,0.01810940541327,-0.0762597918510437,0.117100901901722,0.040620930492878,0.0132277384400368,0.0124456761404872,0.0142784863710403,0.0669174715876579
"cg02481934",0.0905570089817047,-0.0531932301819324,0.0899352878332138,-0.0012217815965414,0.00206534820608795,-0.0851309522986412,-0.224928885698318,-0.168596461415291,0.0943143963813782,0.0539424680173397,-0.0190322622656822,0.0506336465477943,0.231991589069366,-0.111471004784107,-0.0703938454389572
"cg26335602",0.319009572267532,0.0451621636748314,-0.0124721406027675,-0.00224034395068884,0.0259966198354959,-0.0252596642822027,-0.0175051297992468,0.023910092189908,-0.0214890949428082,-0.0731247887015343,-0.0145669095218182,-0.0489085130393505,0.0837398618459702,-0.0126379271969199,0.00795569084584713
"cg13547712",-0.218839466571808,-0.0330158434808254,0.0572608523070812,0.438152134418488,-0.0323592759668827,0.175729274749756,0.156888261437416,-0.0132601466029882,0.0150672262534499,0.0263075735419989,-0.00739528564736247,0.0239931903779507,0.0366658009588718,0.0118887135758996,-0.0500048287212849
"cg16896847",0.362964957952499,-0.0143924355506897,-0.000847475952468812,-0.000466063473140821,0.00128321442753077,0.094405896961689,-0.105723060667515,-0.0088843647390604,-0.0921263471245766,-0.0908755362033844,0.00261367275379598,0.040709313005209,-0.104535698890686,0.0186740513890982,-0.0739481225609779
"cg16295725",0.261258542537689,0.116094596683979,-0.0120578100904822,0.110199719667435,0.0086515499278903,-0.0488295145332813,-0.122054621577263,-0.00626682350412011,-0.12597793340683,-0.0215208902955055,0.0162116121500731,0.0474072396755219,0.0788314267992973,0.00112112902570516,0.0638158395886421
"cg18934441",-0.219188868999481,-0.0129913985729218,-0.00400642585009336,0.536052048206329,-0.006701385602355,-0.0480809099972248,0.00396357383579016,-0.00637896684929729,0.104463458061218,-0.0452241264283657,-0.00312409247271717,0.0512018352746964,-0.0362617932260036,0.0545607879757881,-0.00299234129488468
"cg05923595",0.374883502721786,0.0300366003066301,-0.00144769181497395,0.00433641253039241,0.0226111672818661,0.122404992580414,0.0892988294363022,-0.0521694980561733,0.0725549533963203,-0.0394885614514351,0.00109224498737603,0.00314756506122649,0.225458681583405,0.0233924593776464,0.0025476454757154
"cg12926938",0.36504852771759,-0.0634041801095009,0.00833728723227978,0.0225590020418167,0.00342405051924288,-0.0264781322330236,-0.0535817854106426,-0.0254585053771734,-0.143973335623741,-0.0501663237810135,0.00618251133710146,0.000583534536417574,-0.0755799934267998,-0.0482852756977081,-0.000714505964424461
"cg18392016",0.345664352178574,-0.112978108227253,-0.0448898114264011,0.16641204059124,-0.0023388359695673,0.0911495015025139,-0.0240067131817341,-0.0155923441052437,-0.154705941677094,0.105511501431465,-0.013542446307838,0.00180647056549788,-0.19123400747776,0.0511282943189144,0.00116532773245126
"cg01109574",0.143581300973892,0.137890249490738,0.00169518426991999,0.142440617084503,0.00134742201771587,0.147518053650856,0.0133204571902752,-0.00569835025817156,-0.115580379962921,-0.0191975347697735,0.0015961448661983,0.0882107689976692,0.32175076007843,0.0230898875743151,0.00300599494948983
"cg16426714",0.323765993118286,0.0407106839120388,0.0426296293735504,0.057284276932478,-0.00398087780922651,0.192958161234856,0.00780766922980547,0.00590455671772361,-0.151220425963402,0.0375662818551064,-0.00803705584257841,-0.0271208193153143,0.0775669142603874,-0.0367494635283947,-0.0234759598970413
"cg16908860",0.342550158500671,0.094296969473362,-0.00875785853713751,-0.000581941218115389,-0.0118443900719285,0.0934784039855003,-0.0438716895878315,-0.0566358752548695,0.104071140289307,-0.0681657269597054,0.0507279522716999,-0.00494166370481253,0.0394037179648876,-0.0143141336739063,-0.0830704867839813
"cg01908954",0.34192767739296,0.0331314355134964,-0.00394222419708967,0.0627114847302437,0.0116476947441697,0.114965431392193,0.0162882450968027,-0.00191541318781674,-0.244358882308006,-0.136733591556549,-0.00536480592563748,-0.0471508540213108,-0.0272290278226137,0.00694446265697479,-0.0150814931839705
"cg18087672",0.288925021886826,-0.317245036363602,-0.00272987317293882,0.108914338052273,-0.000219981680857018,0.0216792728751898,0.00447120703756809,-0.00672963866963983,0.10288055986166,0.14310896396637,-0.00215313374064863,0.0243952590972185,-0.0776785612106323,-0.0219273343682289,-0.0183003563433886
"cg04837025",0.363978356122971,0.116610556840897,0.120527610182762,0.0349372439086437,-0.00286405417136848,0.0611981190741062,0.0520825423300266,-0.0109667303040624,-0.157746359705925,0.0437369011342525,0.00271502858959138,0.00982207432389259,0.0543121099472046,0.0480745881795883,0.0607902482151985
"cg19579500",0.141285106539726,0.374212801456451,0.00109373976010829,0.1665228754282,0.000390465080272406,0.187321901321411,0.0594990961253643,0.0544166006147861,-0.0346566624939442,0.0479576140642166,-0.015468412078917,0.00419190526008606,0.196621730923653,0.0742861106991768,0.00759137514978647
"cg18881873",0.331317603588104,-0.0590318739414215,-0.00443747267127037,-0.0896279588341713,-0.00302122160792351,0.0372278243303299,-0.0243066363036633,-0.0704959556460381,0.197717070579529,-0.024743715301156,0.00554605526849627,0.056611355394125,0.0408909767866135,0.0279446989297867,-0.0238931383937597
"cg10224098",0.393636345863342,-0.0960785299539566,0.0234362818300724,0.0201025605201721,0.0115302167832851,-0.0689801573753357,-0.00100682990159839,-0.00322268740274012,-0.00527438148856163,-0.0331351384520531,-0.000977434450760484,-0.00817308761179447,-0.0474605336785316,0.015773942694068,-0.00407206499949098
"cg06829830",0.382854968309402,0.127861589193344,0.000374673545593396,-0.00230608461424708,0.00178753223735839,0.00741441082209349,-0.0603754408657551,0.0072248331271112,-0.144034147262573,0.0207756068557501,0.00736253196373582,0.0382980331778526,-0.0249122306704521,0.00313492864370346,-0.0237884912639856
"cg02575448",0.121807418763638,-0.350931704044342,-0.0626916363835335,0.157905846834183,-0.00468887342140079,-0.06821558624506,-0.0074145314283669,0.00093557289801538,0.0219165533781052,0.0897852927446365,0.0136516140773892,-0.0106443036347628,-0.0921635851264,-0.00843254663050175,-0.0703017041087151
"cg11693285",0.195658668875694,-0.0902312397956848,0.0444131009280682,0.1450474858284,-0.0170908346772194,-0.0750928297638893,-0.115544065833092,-0.0723143145442009,0.00426666066050529,0.0853409022092819,-0.00332084973342717,0.0248667523264885,0.212396889925003,-0.0382313095033169,0.00908332690596581
"cg14137381",0.309569656848907,0.105872571468353,-0.00687174638733268,0.0894626453518867,0.00854612607508898,0.0440089739859104,0.0627520605921745,0.0771467760205269,0.0727912411093712,0.0639386847615242,0.017433388158679,-0.000877929094713181,0.131205216050148,0.0456804372370243,0.0139065198600292
"cg06164973",-0.255707323551178,-0.181115314364433,0.0952608659863472,0.373806744813919,0.00264438637532294,0.065032996237278,0.00192027073353529,-0.0213718749582767,0.112176224589348,-0.0594556480646133,0.0222472157329321,-0.00174324726685882,0.0150664858520031,-0.0365185886621475,-0.0699666738510132
"cg08724310",0.322841078042984,0.0261804014444351,-0.0802823752164841,0.159130766987801,0.0428380034863949,0.0835092142224312,0.00644249562174082,-0.138573840260506,0.124371245503426,0.0841414481401443,-0.00692937662824988,-0.0835554301738739,-0.00353508465923369,-0.0334667600691319,0.0731637999415398
"cg25285090",0.283079266548157,-0.0133744915947318,-0.0010657092789188,0.0413557216525078,0.00501391803845763,-0.227334588766098,0.0577171221375465,0.00220938352867961,-0.195328414440155,-0.012534155510366,-0.00913379807025194,0.00813286192715168,-0.0278876852244139,-0.00707893818616867,0.0340681150555611
"cg12850379",0.28121891617775,0.297812432050705,0.00292947725392878,0.0538419038057327,-0.00174530281219631,0.0893261283636093,0.0113080106675625,0.0751920863986015,-0.0194235276430845,-0.115584343671799,-0.00647980067878962,-0.0035731908865273,0.163848206400871,-0.00622142106294632,0.0309435892850161
"cg16924337",0.366606682538986,0.119145445525646,-7.93212166172452e-05,-0.0516784116625786,-0.0278685167431831,0.0493937022984028,0.151825577020645,-0.0543469451367855,-0.143780931830406,0.00378589425235987,0.0334959030151367,0.0196549613028765,0.0108750816434622,0.0222939364612103,-0.0652965009212494
"cg11638921",-0.182896360754967,0.0855213403701782,0.00131825485732406,0.560671389102936,-0.00224661710672081,0.0255268756300211,0.0804744213819504,-0.095482125878334,-0.089677482843399,-0.0434552356600761,0.0253538973629475,-0.00398964155465364,0.0283144358545542,0.0177292544394732,-0.120746441185474
"cg23125200",0.299724400043488,0.00091950036585331,0.0369437374174595,0.143812224268913,-0.00829054974019527,-0.0657354742288589,0.0700462237000465,-0.0471296533942223,0.0809076055884361,0.126329734921455,-0.0588218718767166,-0.0145913176238537,-0.0303747206926346,0.0199377033859491,0.0612616129219532
"cg02662277",0.349758714437485,0.122780807316303,0.00132044404745102,-0.0365559384226799,0.00358838122338057,0.00616664253175259,0.115717306733131,0.0104310140013695,-0.194552853703499,0.00443632900714874,0.0081840343773365,0.0486185885965824,-0.0104727726429701,-0.0020692499820143,-0.083486795425415
"cg09383172",-0.0800799429416656,0.183866143226624,-0.00198424491100013,0.4531529545784,0.0150493523105979,0.0264249481260777,-0.0461286827921867,0.237851098179817,-0.0213032886385918,-0.007807198446244,-0.00527391955256462,0.063399463891983,-0.020368903875351,0.0377644076943398,-0.174564689397812
"cg16373000",-0.350518018007278,-0.267228215932846,-0.0243878457695246,0.0757093355059624,0.00884993840008974,0.219896987080574,0.00194302923046052,-0.0190086271613836,-0.0509220249950886,-0.00980456732213497,0.00369217013940215,-0.0512743033468723,0.0788489356637001,-0.0903928056359291,0.0331955961883068
"cg17380661",0.380998760461807,0.115945264697075,-0.00857795402407646,-0.000234717721468769,-0.0130782602354884,-0.0473086349666119,0.101675383746624,-0.00692746648564935,0.0374347157776356,0.0335004888474941,-0.0120506230741739,0.016197232529521,-0.0601751059293747,-0.00890058092772961,-0.0365696288645267
"cg14306956",0.359995365142822,0.0425175093114376,-0.00329756829887629,2.59859370999038e-05,0.00214447965845466,0.169959217309952,-0.0278915781527758,-0.0746297761797905,-0.241534262895584,-0.019534632563591,-0.00114581198431551,-0.0134921073913574,-0.0627072304487228,-0.0229198280721903,-0.0167679954320192
"cg16539721",-0.235887885093689,-0.130557745695114,-0.00142822146881372,0.334041118621826,0.00159205228555948,-0.0305038876831532,0.0416028499603271,0.0348402820527554,-0.00845614541321993,0.111823558807373,0.0158764999359846,-0.0315273776650429,-0.0163732189685106,0.0381553135812283,0.170664563775063
"cg16845394",0.358629703521729,0.055508878082037,-0.0151355294510722,0.160452783107758,0.00575563637539744,-0.100593857467175,0.0369822718203068,0.00240061199292541,-0.140590906143188,-0.0682084709405899,-0.0415853597223759,-0.0695245787501335,-0.140990942716599,0.0127225518226624,0.0223410949110985
"cg07978472",0.407126873731613,0.113019406795502,-0.000873088953085244,0.0660248398780823,0.00358284241519868,-0.0305363293737173,0.0262710098177195,-0.00851478334516287,-0.0624186284840107,0.00167239713482559,-0.00251709669828415,-0.0229785274714231,-0.0898567736148834,0.0248815938830376,0.0737737268209457
"cg10928544",0.149719938635826,-0.0670312270522118,-0.00146260613109916,0.0190608594566584,0.0216587781906128,0.159727588295937,-0.0147074284031987,0.243506088852882,-0.0757991671562195,-0.203080743551254,-0.028031662106514,-0.0806685611605644,0.138973593711853,0.0849690362811089,-0.0166665595024824
"cg06916239",0.317029803991318,-0.137235268950462,-0.00302766333334148,0.104445591568947,-0.00234435778111219,-0.179658904671669,-0.0564617365598679,-0.0182450748980045,0.0236819330602884,0.14701946079731,-0.0477747656404972,-0.0262988414615393,-0.0578816123306751,-0.0392737835645676,0.0814477950334549
"cg02681442",0.382522940635681,0.0374493971467018,0.00728219794109464,0.0260859355330467,0.0189463812857866,-0.0355270653963089,0.0568892881274223,-0.0319881960749626,-0.130752116441727,-0.0184464175254107,0.0102381184697151,0.00419507781043649,-0.0937634408473969,0.0331527255475521,0.000977131654508412
"cg17371081",0.29864764213562,-0.0761358886957169,-0.00195070926565677,0.0521182045340538,-0.00110221991781145,0.141536891460419,0.11193422973156,-0.0211213286966085,-0.217986702919006,0.0250491425395012,0.0159259736537933,0.00300830136984587,-0.0889565870165825,0.016982601955533,-0.00540852732956409
"cg22676075",0.0181176867336035,0.0278835836797953,0.00568124558776617,0.0736067667603493,0.007318583317101,0.00781490281224251,0.0846825316548347,0.0495944023132324,0.012169242836535,-0.074986107647419,-0.0352237969636917,-0.0140962852165103,0.018222376704216,0.023592870682478,-0.00617321534082294
"cg26246880",-0.164448842406273,0.165576055645943,-0.000636694312561303,0.294608265161514,0.0254612285643816,-0.107440628111362,-0.0745121166110039,0.00389682804234326,-0.0358878336846828,0.240981116890907,-0.00988869834691286,-0.00464838277548552,0.028613954782486,0.00341136287897825,0.0485374331474304
"cg19870898",-0.326799422502518,-0.306186586618423,0.0573105551302433,0.0771302357316017,0.004809002391994,0.170340359210968,0.105590969324112,-0.0242278855293989,-0.0823230892419815,0.0783011168241501,-0.0155656831339002,-8.13224905868992e-05,0.0630871057510376,0.0193617194890976,0.0884958803653717
"cg20628994",-0.0139353908598423,-0.180543527007103,0.0367268472909927,0.000428697443567216,-0.00976284127682447,-0.257561773061752,0.0036254373844713,-0.0707364976406097,-0.0596373453736305,0.154560223221779,-0.0585875473916531,0.0408438965678215,0.23953814804554,0.0175983998924494,-0.0569779686629772
"cg16024950",0.322939962148666,-0.050495445728302,0.000942579528782517,0.167960822582245,0.0214196965098381,0.132535204291344,-0.107151843607426,0.0723727494478226,-0.101915746927261,-0.0126880593597889,-0.000645340885967016,0.00715172803029418,0.0150770572945476,-0.00207180832512677,0.0126522863283753
"cg03163459",0.0404177457094193,-0.0988140851259232,0.0772782191634178,-0.00532033573836088,0.0113834645599127,-0.104159153997898,-0.0317755527794361,0.092801034450531,-0.120590493083,-0.0374505035579205,-0.025668203830719,0.0179178733378649,0.298866778612137,0.012850726954639,-0.0559494830667973
"cg12584111",-0.233951985836029,-0.0409185290336609,0.00238238112069666,0.451757669448853,-0.00598563021048903,0.0263280905783176,-0.131985023617744,0.0948309302330017,0.0452333949506283,-0.0344669930636883,0.0167286954820156,-0.00975011941045523,0.055016215890646,-0.0127835860475898,0.0611643083393574
"cg15741433",0.381977528333664,0.18413744866848,0.000256024242844433,0.00152978755068034,0.00378378573805094,0.0113417999818921,0.002819056622684,0.0133839445188642,0.103800632059574,-0.140417233109474,-0.000335484102834016,-0.041884571313858,0.0447907894849777,-0.0722563192248344,-0.0777616202831268
"cg21752469",-0.048986904323101,0.116225533187389,0.0375559031963348,0.347202241420746,0.0408684015274048,-0.0647344961762428,-0.144107520580292,-0.0847416743636131,0.0620927661657333,0.135522037744522,-0.0870283842086792,0.000488992664031684,0.119410172104836,0.0529498346149921,0.166166216135025
"cg11062466",0.114091940224171,-0.18422169983387,-0.000627460249233991,0.329958856105804,0.00940277054905891,-0.287687063217163,-0.0261371359229088,0.00111071392893791,0.140167400240898,-0.0246999002993107,-0.00795007590204477,0.000718898780178279,-0.00437086541205645,-0.00466887140646577,0.10460177063942
"cg21143896",0.277994930744171,-0.0368510372936726,0.0621165111660957,-0.0520842038094997,-0.0143628278747201,0.146700888872147,0.0756074488162994,0.0703078806400299,0.147927641868591,-0.311476677656174,-0.0530623234808445,-0.00210962700657547,0.0834148228168488,0.0173180885612965,0.00522836484014988
"cg22770135",0.343869805335999,-0.131115421652794,-0.00723787723109126,0.0947290509939194,0.0185003522783518,-0.112080052495003,-0.0309584699571133,0.0196341685950756,-0.109760403633118,-0.0509902648627758,-0.0185406617820263,-0.0526611804962158,-0.0928446128964424,0.0128024145960808,0.0119182402268052
"cg03248158",0.315287798643112,-0.128520429134369,0.000844121037516743,0.102530315518379,0.0138197643682361,0.0190813150256872,-0.0345737226307392,0.0137026673182845,0.0900128930807114,0.0905391722917557,-0.101331792771816,-0.0301189105957747,0.0834795013070107,-0.0758736655116081,0.0487667620182037
"cg13539545",0.315137028694153,-0.252035200595856,-0.000750485167372972,0.0921489000320435,0.00325681734830141,-0.270469516515732,-0.0423200093209743,0.0392249785363674,0.039109081029892,-0.023967195302248,-0.0155039047822356,0.0592467673122883,-0.044702909886837,-0.0726578012108803,-0.0489577874541283
"cg03026373",0.317627668380737,0.121372289955616,-0.0056218458339572,0.0224476922303438,0.00139697431586683,-0.1720911860466,-0.105774402618408,-0.151687696576118,-0.0114103117957711,-0.10516843944788,0.0404505133628845,0.0621725209057331,0.14462111890316,0.0978755801916122,-0.0772189423441887
"cg15497761",0.324907749891281,-0.00782900024205446,0.085971474647522,-0.0036148123908788,-0.00110459187999368,-0.0871050581336021,0.179034218192101,0.0102349799126387,0.058551412075758,-0.148660942912102,-0.00712137017399073,0.000157068760017864,0.214296296238899,0.0833393707871437,0.0227734763175249
"cg22070156",0.0671196952462196,0.0183307081460953,-0.0100256949663162,0.32684999704361,0.0211064871400595,-0.047801673412323,0.141861036419868,0.123366557061672,0.00906288251280785,-0.257010936737061,-0.00535438489168882,-0.0588161908090115,0.0916920229792595,0.00336381676606834,0.136855438351631
"cg21827317",0.22699274122715,0.0517288818955421,0.0432325378060341,0.0236443374305964,-0.00492678489536047,0.0490600876510143,0.0478203222155571,0.0490784607827663,-0.04269203171134,-0.0343227759003639,-0.0247268844395876,-0.0777846723794937,0.133810505270958,0.0204361416399479,-0.0387104749679565
"cg09651145",0.390824675559998,0.126429438591003,0.0187551770359278,0.00261463155038655,0.0268034636974335,0.0536712929606438,0.0714084282517433,0.0752479583024979,-0.0367734916508198,-0.00471182120963931,-0.011551377363503,-0.0363433212041855,0.0695455595850945,0.00638780370354652,0.00353999412618577
"cg06226675",-0.245967626571655,-0.177666708827019,0.0142984399572015,0.423951357603073,0.00788799114525318,-0.0031573639716953,0.0757237449288368,-0.041072890162468,0.139874666929245,0.0661373883485794,0.001119151012972,-0.0169815961271524,0.0143424924463034,-0.0364963822066784,0.04666792973876
"cg02093112",0.356166243553162,-0.0554085820913315,-0.00823323056101799,0.1009266898036,-0.00181835540570319,0.149241030216217,0.00313279102556407,0.0439072288572788,-0.0272369794547558,0.0325222760438919,-0.00283325323835015,0.0112687842920423,-0.00861728098243475,-0.0268869530409575,0.0436469502747059
"cg00200653",0.208716750144958,0.0765270069241524,0.106559611856937,-0.00196524919010699,-0.00184268457815051,0.0435356274247169,-0.180903166532516,0.108107946813107,0.000149922023410909,0.165680080652237,-0.0110908122733235,0.0066591496579349,0.154955625534058,-0.0155578721314669,-0.0543156825006008
"cg05258935",0.183101251721382,-0.148775666952133,-0.027061527594924,0.151813000440598,0.00670383917167783,0.238685622811317,0.164553716778755,0.225514009594917,-0.132676646113396,-0.135870680212975,-0.0460437759757042,0.0336307808756828,0.0587756074965,-0.0424232967197895,0.00431562215089798
"cg15012484",0.2580746114254,-0.295795291662216,0.00932523515075445,-0.0534835904836655,0.00975615158677101,-0.0919077694416046,-0.00734432507306337,-0.000982520636171103,0.0414328128099442,0.0109851770102978,-0.00289919204078615,-0.0314157754182816,0.00301806116476655,-0.00949312001466751,-0.0256683975458145
"cg08355260",-0.0394608154892921,0.0013995657209307,0.163839429616928,0.0259098764508963,-0.0390093326568604,0.0527709126472473,0.0483122989535332,-0.0994105339050293,-0.0303459446877241,0.183095023036003,-0.0318998843431473,0.145175158977509,0.282810240983963,-0.0109250089153647,-0.018305441364646
"cg12124922",0.293193697929382,-0.0348790138959885,-0.034618217498064,0.297052264213562,-0.00397897372022271,-0.0235564168542624,0.00389836402609944,-0.0553880706429482,-0.154542699456215,-0.00282106455415487,0.00887939240783453,-0.0590017437934875,-0.146386325359344,0.0118363853543997,-0.0119533827528358
"cg23829024",0.389197051525116,0.11172990500927,-0.000919461075682193,-0.050343070179224,-0.000121695098641794,0.0973431542515755,-0.146367371082306,0.0194964408874512,0.110886439681053,-0.136146292090416,-0.00273614539764822,-0.0249743610620499,0.032048050314188,-0.0594402998685837,-0.0876478180289268
"cg14598327",0.322712481021881,-0.105376824736595,0.00589807517826557,0.0323900021612644,0.0263587571680546,0.256618589162827,0.00186890701297671,0.0598798356950283,-0.0521137192845345,0.122714005410671,0.0394768863916397,-0.0727540850639343,-0.0500061139464378,0.0788397192955017,0.0297536365687847
"cg14018024",-0.0786015242338181,-0.146275922656059,0.0747355222702026,0.324393808841705,-0.00638530263677239,0.0959483161568642,0.0903797969222069,0.0487018302083015,0.251429617404938,0.200602531433105,-0.00217053038068116,-0.035028487443924,0.0613372437655926,-0.0887582451105118,0.176816910505295
"cg11146691",0.298451006412506,-0.235967800021172,0.0539180971682072,0.100795648992062,-0.00608557742089033,-0.140717223286629,-0.00144204718526453,0.0278685390949249,0.0447424538433552,-0.0950396284461021,0.00881412997841835,-0.0548520684242249,0.0668247863650322,-0.0325542166829109,0.0445685125887394
"cg17861863",0.254469335079193,0.0982317253947258,-0.133614256978035,0.213058948516846,0.0106436423957348,0.0601815730333328,-0.134506270289421,0.0611155293881893,0.0838292688131332,0.151087790727615,0.078855536878109,-0.0134593630209565,-0.00672247912734747,-0.0321920663118362,0.0615059733390808
"cg25307691",0.320174932479858,0.0539794340729713,-0.00165372842457145,0.00911872740834951,-0.0209429915994406,0.135885685682297,-0.0215812288224697,-0.107458412647247,-0.198188930749893,0.000780407572165132,0.00204669148661196,0.0152521738782525,-0.00816361699253321,-0.0244008358567953,-0.0247727148234844
"cg20401567",0.0272436067461967,-0.219913706183434,0.1020537763834,0.00579715240746737,-0.0215566158294678,0.052891731262207,-0.174468144774437,0.0751453414559364,0.0747568756341934,-0.201624810695648,0.0100245559588075,0.0123841930180788,-0.0320557430386543,0.0395926386117935,-0.0161280520260334
"cg00289546",0.332660526037216,0.0355599671602249,0.073740229010582,0.00356581015512347,0.00170474499464035,0.198503464460373,-0.119838789105415,0.0496032610535622,-0.189227119088173,0.0450412146747112,0.0114360190927982,0.0296762604266405,-0.0258675646036863,-0.0888060033321381,-0.0185910202562809
"cg11536474",0.313225448131561,-0.272426128387451,0.00508853374049067,-0.0519457906484604,-0.0317414626479149,-0.0925516933202744,-0.02641093544662,0.00353450467810035,-0.0108140865340829,0.0340650267899036,0.00728439399972558,0.00983870681375265,0.084456168115139,-0.0741473212838173,-0.0714941546320915
"cg11853788",0.246228039264679,0.13030743598938,0.000471099716378376,0.00795648526400328,-0.00763644091784954,0.0303856581449509,0.0124154537916183,-0.00101683614775538,-0.0663976967334747,-0.108297914266586,-0.00968650076538324,0.0763111263513565,0.143791779875755,-0.0590840205550194,0.000156234673340805
"cg09461999",-0.178552404046059,0.0735542550683022,-0.00253076408989727,0.526445806026459,-0.00380055839195848,-0.0474389865994453,0.0103828199207783,0.0237151738256216,0.018483579158783,-0.00802281964570284,0.00416647177189589,0.0388264283537865,-0.0112545806914568,0.0391578376293182,-0.0834726989269257
"cg21449256",-0.193416476249695,0.0255607925355434,0.00667126476764679,0.497552186250687,-0.0333774574100971,0.108829081058502,0.117416001856327,-0.116687931120396,0.035226434469223,-0.0621904619038105,0.00390546210110188,-0.00736442394554615,-0.0243323985487223,-0.0542779751121998,-0.102472916245461
"cg14359824",0.187792375683784,-0.243397563695908,0.00404622778296471,0.216077968478203,-0.0128453122451901,-0.190660834312439,-0.167501673102379,-0.0411429777741432,0.0164184756577015,0.0251940190792084,-0.0201047509908676,-0.00223819352686405,0.0624191798269749,-0.0306717753410339,0.019160520285368
"cg13724496",0.278102606534958,0.00574540859088302,-0.00133951799944043,0.0825587138533592,0.00367883732542396,0.136854529380798,-0.0137809766456485,-0.0506801605224609,-0.214942902326584,-0.0116730304434896,0.00845013093203306,0.000266898947302252,-0.144218251109123,-0.0121649652719498,0.00449442351236939
"cg04931383",0.324938714504242,0.182944148778915,-0.0261452998965979,-0.00589276291429996,0.0205964650958776,-0.0739353522658348,-0.0353323481976986,-0.00419489433988929,-0.0367038547992706,-0.027473196387291,-0.0058937631547451,-0.0464075356721878,0.202830225229263,-0.0200912356376648,0.00677211303263903
"cg07739205",0.322350472211838,-0.124731823801994,-0.00388915417715907,0.14440543949604,-0.0136647466570139,-0.0364810340106487,0.00632704608142376,-0.0963475704193115,-0.127031549811363,-0.0703253298997879,-0.0270449705421925,-0.00900059472769499,-0.082547515630722,-0.0127072688192129,-0.0419525466859341
"cg14601210",-0.163426086306572,0.0539669618010521,-0.0569842047989368,0.485169887542725,-0.000499125977512449,0.00936724431812763,-0.106139987707138,0.0287497565150261,0.157146394252777,0.0127763710916042,0.0282579064369202,0.0373606607317924,-0.0227518882602453,0.102603934705257,0.0483550913631916
"cg19178853",0.378402262926102,-0.0322976149618626,-0.0139821013435721,0.129873648285866,0.00236833607777953,0.121604859828949,0.000549679854884744,-0.0794473141431808,-0.0933566763997078,0.0296945627778769,0.0329975187778473,0.00476635899394751,-0.188694044947624,0.0107516665011644,0.0194818619638681
"cg25900085",0.144336432218552,-0.332594662904739,-0.0177306644618511,0.322386860847473,-0.00543416477739811,-0.215632140636444,-0.154374077916145,-0.0590892918407917,-0.00487301591783762,-0.104486458003521,0.00347183109261096,0.0474364720284939,-0.0281423944979906,0.0784119889140129,-0.109331980347633
"cg14834903",0.121306598186493,-0.109044954180717,0.0178173892199993,0.000540467968676239,-0.014915213920176,0.128457069396973,0.117303684353828,-0.193255931138992,0.131747126579285,-0.0276953093707561,0.0457277782261372,0.00184380076825619,0.0389609932899475,0.0501013286411762,0.044098287820816
"cg24873592",0.231427326798439,0.102150492370129,-0.00631410395726562,-0.0331126376986504,-0.0418510138988495,0.255051702260971,-0.104413859546185,-0.013319930061698,0.203856319189072,0.0578402988612652,0.00840979255735874,-0.0805987343192101,0.0725852847099304,-0.0859971195459366,0.034315787255764
"cg18800085",0.357553482055664,-0.00358763127587736,-0.00146802328526974,0.111045934259892,0.00303155463188887,0.167832404375076,-0.0121344681829214,0.023535693064332,0.00826648995280266,0.0717590302228928,-7.34203931642696e-05,-0.0176554843783379,-0.126419484615326,0.037579819560051,0.0376871190965176
"cg07791866",0.209834218025208,-0.108560770750046,-0.00455673225224018,-0.00411238754168153,-0.00163881992921233,0.213681891560555,-0.115855298936367,0.111276887357235,0.182501524686813,0.0602611340582371,-0.00113797013182193,-0.0262622740119696,0.0980938524007797,-0.0161066111177206,0.088730551302433
"cg09863247",0.412227302789688,0.0634234547615051,-0.00207058875821531,-0.0377236418426037,-0.00304041127674282,0.0229336600750685,0.0746296048164368,-0.0753505006432533,0.0633518546819687,-0.0352846533060074,0.00168423377908766,0.00388561212457716,0.0540147423744202,0.0256732199341059,0.00392269296571612
"cg23864180",0.0316870100796223,0.0164319537580013,-0.135135173797607,0.417716532945633,0.0353604890406132,0.106082394719124,0.0361182354390621,0.0242037083953619,0.0917301177978516,-0.0167487915605307,-0.00331053859554231,0.00174688757397234,0.0138952592387795,-0.0773786455392838,0.00964215956628323
"cg19401033",0.170613706111908,-0.223446652293205,-0.0523886866867542,-0.000731947948224843,-0.0151794105768204,0.126477912068367,0.194541320204735,0.082454539835453,0.19324466586113,-0.040985394269228,-0.0407395586371422,0.0123341800644994,0.194654569029808,0.000675407762173563,-0.0617115572094917
"cg22195627",0.10535766929388,-0.253540307283401,0.00665861880406737,0.00392424687743187,-0.00219700392335653,0.11631278693676,0.126609623432159,0.111714482307434,-0.0737518444657326,0.0186961498111486,0.0402878969907761,-0.00200253934599459,0.0835189148783684,-0.0304314512759447,0.0204087309539318
"cg03014326",0.224352568387985,-0.227973654866219,-0.000734324567019939,-0.054555207490921,0.00398146361112595,0.157234475016594,-0.0801791921257973,0.00948774162679911,0.102272115647793,-0.00420455681160092,-0.00747709767892957,0.027004873380065,0.120341412723064,0.0204839296638966,-0.0554868876934052
"cg05157140",0.329596072435379,-0.135548174381256,0.00960800889879465,0.165337711572647,0.00935428868979216,0.105879962444305,0.0320890210568905,-0.00292568770237267,-0.168558895587921,-0.00760455429553986,-0.000976200331933796,0.0109078111127019,-0.0869530737400055,0.0439741760492325,0.0111713483929634
"cg23695133",0.327558428049088,-0.208364486694336,0.0448778867721558,0.0940384045243263,0.00639750761911273,-0.000860677158925682,0.0143966441974044,0.00111049343831837,-0.0471371710300446,0.0226572789251804,-0.0444021262228489,-0.0171596650034189,-0.0646362230181694,-0.0149625949561596,0.00169636448845267
"cg12468255",-0.0934000909328461,-0.121137872338295,0.147145837545395,0.0161635093390942,0.0202972125262022,0.0910703837871552,0.274636775255203,-0.0899301916360855,-0.0563603565096855,-0.0842328891158104,0.0101502733305097,0.0291621815413237,0.302899122238159,0.0267195012420416,-0.0338763184845448
"cg12373208",0.33226552605629,0.104482211172581,-0.000940333004109561,0.0141932368278503,-0.00131090602371842,0.00110343808773905,-0.0983528196811676,-0.195123896002769,0.0995649322867393,-0.269474983215332,0.0622665137052536,0.00458547985181212,0.00982473883777857,0.00755898747593164,-0.00818660575896502
"cg25976440",0.388725012540817,0.0459910780191422,-0.00354369729757309,-0.000439337396528572,0.00254655652679503,-0.0998537540435791,0.0606736280024052,-0.00599963264539838,0.102405294775963,-0.133636981248856,0.00432575307786465,-0.0675992295145988,0.0602338500320911,-0.0349774174392223,-0.0296577494591475
"cg08260959",0.288790464401245,-0.0899894237518311,0.00814189668744802,-0.0810024812817574,0.00263916794210672,-0.0171442292630672,-0.0944950804114342,-0.123011119663715,0.146590650081635,-0.0751794055104256,-0.0196619741618633,0.0134979821741581,0.0524298883974552,-0.0372219048440456,-0.022218082100153
"cg08647349",0.216271802783012,0.255627602338791,0.00187001109588891,0.0649894326925278,0.036709688603878,-0.170926034450531,-0.0482023656368256,0.120632737874985,-0.0416494086384773,-0.0160722937434912,0.0450152046978474,-0.1266720443964,0.19413597881794,-0.00593561353161931,0.0357172451913357
"cg11254700",0.15593346953392,-0.0133156077936292,-0.0131195401772857,-0.00417065341025591,-0.0310293193906546,0.174382284283638,-0.00874696299433708,0.263531684875488,-0.213345810770988,-0.124996475875378,-0.00138095789588988,0.0593191124498844,0.0812452882528305,0.0130599113181233,-0.00766809564083815
"cg12880095",-0.0979837328195572,0.0993058010935783,-0.0185445286333561,0.135856568813324,0.00335576711222529,0.0565442629158497,-0.00730295572429895,-0.0133089264854789,-0.169461399316788,0.100540831685066,0.00400422560051084,0.0271954834461212,0.285628795623779,0.0778783336281776,0.158625617623329
"cg00377087",-0.151878550648689,0.0572844445705414,0.000402192614274099,0.551557183265686,-0.0311752278357744,0.112810492515564,0.0518462434411049,-0.00714136427268386,0.020347997546196,-0.0478008538484573,0.0142013598233461,-0.0290665253996849,-0.0618288181722164,-0.00998260360211134,-0.160358682274818
"cg03146993",0.329837471246719,-0.0512187331914902,-0.00398240331560373,0.0931862220168114,0.0135251572355628,-0.0104323830455542,-0.0590830147266388,-0.0557081028819084,-0.0576135776937008,0.07316654920578,0.00603556213900447,0.0347332805395126,-0.0219080746173859,0.00768213346600533,0.0532356053590775
"cg20029745",0.401937335729599,0.0259569771587849,-0.0120562976226211,-0.00180073152296245,-0.00289531820453703,0.039048220962286,0.0884044393897057,-0.00318365613929927,0.0584593154489994,-0.0202807113528252,-0.0350892171263695,-0.00335029256530106,-0.0767619609832764,-0.0081588514149189,0.0186217930167913
"cg23061396",-0.145453095436096,0.0491873882710934,-0.00690973084419966,0.485179990530014,-0.00516804726794362,0.00849935784935951,0.0596877969801426,0.0299962870776653,0.127043351531029,-0.0496431104838848,0.0348465107381344,0.0114102913066745,-0.0827949941158295,0.0210124421864748,-0.0146626690402627
"cg25444208",0.323131591081619,0.00607694545760751,-0.0145154781639576,0.0777196884155273,-0.011079054325819,0.031514298170805,-0.0953645706176758,0.0035033670719713,-0.140934720635414,0.130125895142555,-0.00926758628338575,-0.00531440181657672,0.0877012610435486,-0.00098010222427547,-0.0595313794910908
"cg15986276",0.340758085250854,-0.069026492536068,0.00473703909665346,0.103067003190517,0.0143994027748704,0.0563847795128822,0.00733210379257798,-0.0877803117036819,0.194602876901627,-0.0372674576938152,-0.023866718634963,-0.0563253127038479,-0.0795358940958977,-0.00655342731624842,-0.0246212687343359
"cg16003102",0.374566972255707,0.0955847650766373,0.0233149882405996,0.177836909890175,-0.00437287613749504,-0.0218159183859825,0.0589762181043625,-0.0105925044044852,-0.162121638655663,-0.030792597681284,-0.0206847190856934,-0.0117181502282619,-0.118429601192474,-0.0201507322490215,0.0312860421836376
